Detector;Time;qBus;qMotc;qCar;qDeliv;qTruck;qAll
072_B_SP;0;0;1;20;4;3;28
072_B_SP;5;0;1;20;4;3;28
072_B_SP;10;0;1;20;4;3;28
072_B_SP;15;0;1;20;4;3;28
072_B_SP;20;0;1;20;4;3;28
072_B_SP;25;0;1;20;4;3;28
072_B_SP;30;0;1;20;4;3;28
072_B_SP;35;0;1;20;4;3;28
072_B_SP;40;0;1;20;4;3;28
072_B_SP;45;0;1;20;4;3;28
072_B_SP;50;0;1;20;4;3;28
072_B_SP;55;0;1;20;4;3;28
072_B_SP;60;0;0;8;2;3;13
072_B_SP;65;0;0;8;2;3;13
072_B_SP;70;0;0;8;2;3;13
072_B_SP;75;0;0;8;2;3;13
072_B_SP;80;0;0;8;2;3;13
072_B_SP;85;0;0;8;2;3;13
072_B_SP;90;0;0;8;2;3;13
072_B_SP;95;0;0;8;2;3;13
072_B_SP;100;0;0;8;2;3;13
072_B_SP;105;0;0;8;2;3;13
072_B_SP;110;0;0;8;2;3;13
072_B_SP;115;0;0;8;2;3;13
072_B_SP;120;0;0;5;2;2;9
072_B_SP;125;0;0;5;2;2;9
072_B_SP;130;0;0;5;2;2;9
072_B_SP;135;0;0;5;2;2;9
072_B_SP;140;0;0;5;2;2;9
072_B_SP;145;0;0;5;2;2;9
072_B_SP;150;0;0;5;2;2;9
072_B_SP;155;0;0;5;2;2;9
072_B_SP;160;0;0;5;2;2;9
072_B_SP;165;0;0;5;2;2;9
072_B_SP;170;0;0;5;2;2;9
072_B_SP;175;0;0;5;2;2;9
072_B_SP;180;0;0;7;2;3;12
072_B_SP;185;0;0;7;2;3;12
072_B_SP;190;0;0;7;2;3;12
072_B_SP;195;0;0;7;2;3;12
072_B_SP;200;0;0;7;2;3;12
072_B_SP;205;0;0;7;2;3;12
072_B_SP;210;0;0;7;2;3;12
072_B_SP;215;0;0;7;2;3;12
072_B_SP;220;0;0;7;2;3;12
072_B_SP;225;0;0;7;2;3;12
072_B_SP;230;0;0;7;2;3;12
072_B_SP;235;0;0;7;2;3;12
072_B_SP;240;0;1;19;5;5;30
072_B_SP;245;0;1;19;5;5;30
072_B_SP;250;0;1;19;5;5;30
072_B_SP;255;0;1;19;5;5;30
072_B_SP;260;0;1;19;5;5;30
072_B_SP;265;0;1;19;5;5;30
072_B_SP;270;0;1;19;5;5;30
072_B_SP;275;0;1;19;5;5;30
072_B_SP;280;0;1;19;5;5;30
072_B_SP;285;0;1;19;5;5;30
072_B_SP;290;0;1;19;5;5;30
072_B_SP;295;0;1;19;5;5;30
072_B_SP;300;0;2;128;16;25;171
072_B_SP;305;0;2;128;16;25;171
072_B_SP;310;0;2;128;16;25;171
072_B_SP;315;0;2;128;16;25;171
072_B_SP;320;0;2;128;16;25;171
072_B_SP;325;0;2;128;16;25;171
072_B_SP;330;0;2;128;16;25;171
072_B_SP;335;0;2;128;16;25;171
072_B_SP;340;0;2;128;16;25;171
072_B_SP;345;0;2;128;16;25;171
072_B_SP;350;0;2;128;16;25;171
072_B_SP;355;0;2;128;16;25;171
072_B_SP;360;1;2;222;28;31;284
072_B_SP;365;1;2;222;28;31;284
072_B_SP;370;1;2;222;28;31;284
072_B_SP;375;1;2;222;28;31;284
072_B_SP;380;1;2;222;28;31;284
072_B_SP;385;1;2;222;28;31;284
072_B_SP;390;1;2;222;28;31;284
072_B_SP;395;1;2;222;28;31;284
072_B_SP;400;1;2;222;28;31;284
072_B_SP;405;1;2;222;28;31;284
072_B_SP;410;1;2;222;28;31;284
072_B_SP;415;1;2;222;28;31;284
072_B_SP;420;0;3;223;27;21;274
072_B_SP;425;0;3;223;27;21;274
072_B_SP;430;0;3;223;27;21;274
072_B_SP;435;0;3;223;27;21;274
072_B_SP;440;0;3;223;27;21;274
072_B_SP;445;0;3;223;27;21;274
072_B_SP;450;0;3;223;27;21;274
072_B_SP;455;0;3;223;27;21;274
072_B_SP;460;0;3;223;27;21;274
072_B_SP;465;0;3;223;27;21;274
072_B_SP;470;0;3;223;27;21;274
072_B_SP;475;0;3;223;27;21;274
072_B_SP;480;1;2;191;26;24;244
072_B_SP;485;1;2;191;26;24;244
072_B_SP;490;1;2;191;26;24;244
072_B_SP;495;1;2;191;26;24;244
072_B_SP;500;1;2;191;26;24;244
072_B_SP;505;1;2;191;26;24;244
072_B_SP;510;1;2;191;26;24;244
072_B_SP;515;1;2;191;26;24;244
072_B_SP;520;1;2;191;26;24;244
072_B_SP;525;1;2;191;26;24;244
072_B_SP;530;1;2;191;26;24;244
072_B_SP;535;1;2;191;26;24;244
072_B_SP;540;1;3;170;25;27;226
072_B_SP;545;1;3;170;25;27;226
072_B_SP;550;1;3;170;25;27;226
072_B_SP;555;1;3;170;25;27;226
072_B_SP;560;1;3;170;25;27;226
072_B_SP;565;1;3;170;25;27;226
072_B_SP;570;1;3;170;25;27;226
072_B_SP;575;1;3;170;25;27;226
072_B_SP;580;1;3;170;25;27;226
072_B_SP;585;1;3;170;25;27;226
072_B_SP;590;1;3;170;25;27;226
072_B_SP;595;1;3;170;25;27;226
072_B_SP;600;1;2;169;27;28;227
072_B_SP;605;1;2;169;27;28;227
072_B_SP;610;1;2;169;27;28;227
072_B_SP;615;1;2;169;27;28;227
072_B_SP;620;1;2;169;27;28;227
072_B_SP;625;1;2;169;27;28;227
072_B_SP;630;1;2;169;27;28;227
072_B_SP;635;1;2;169;27;28;227
072_B_SP;640;1;2;169;27;28;227
072_B_SP;645;1;2;169;27;28;227
072_B_SP;650;1;2;169;27;28;227
072_B_SP;655;1;2;169;27;28;227
072_B_SP;660;0;3;175;29;25;232
072_B_SP;665;0;3;175;29;25;232
072_B_SP;670;0;3;175;29;25;232
072_B_SP;675;0;3;175;29;25;232
072_B_SP;680;0;3;175;29;25;232
072_B_SP;685;0;3;175;29;25;232
072_B_SP;690;0;3;175;29;25;232
072_B_SP;695;0;3;175;29;25;232
072_B_SP;700;0;3;175;29;25;232
072_B_SP;705;0;3;175;29;25;232
072_B_SP;710;0;3;175;29;25;232
072_B_SP;715;0;3;175;29;25;232
072_B_SP;720;0;3;184;29;24;240
072_B_SP;725;0;3;184;29;24;240
072_B_SP;730;0;3;184;29;24;240
072_B_SP;735;0;3;184;29;24;240
072_B_SP;740;0;3;184;29;24;240
072_B_SP;745;0;3;184;29;24;240
072_B_SP;750;0;3;184;29;24;240
072_B_SP;755;0;3;184;29;24;240
072_B_SP;760;0;3;184;29;24;240
072_B_SP;765;0;3;184;29;24;240
072_B_SP;770;0;3;184;29;24;240
072_B_SP;775;0;3;184;29;24;240
072_B_SP;780;0;3;188;29;25;245
072_B_SP;785;0;3;188;29;25;245
072_B_SP;790;0;3;188;29;25;245
072_B_SP;795;0;3;188;29;25;245
072_B_SP;800;0;3;188;29;25;245
072_B_SP;805;0;3;188;29;25;245
072_B_SP;810;0;3;188;29;25;245
072_B_SP;815;0;3;188;29;25;245
072_B_SP;820;0;3;188;29;25;245
072_B_SP;825;0;3;188;29;25;245
072_B_SP;830;0;3;188;29;25;245
072_B_SP;835;0;3;188;29;25;245
072_B_SP;840;1;3;204;31;26;265
072_B_SP;845;1;3;204;31;26;265
072_B_SP;850;1;3;204;31;26;265
072_B_SP;855;1;3;204;31;26;265
072_B_SP;860;1;3;204;31;26;265
072_B_SP;865;1;3;204;31;26;265
072_B_SP;870;1;3;204;31;26;265
072_B_SP;875;1;3;204;31;26;265
072_B_SP;880;1;3;204;31;26;265
072_B_SP;885;1;3;204;31;26;265
072_B_SP;890;1;3;204;31;26;265
072_B_SP;895;1;3;204;31;26;265
072_B_SP;900;0;4;235;33;24;296
072_B_SP;905;0;4;235;33;24;296
072_B_SP;910;0;4;235;33;24;296
072_B_SP;915;0;4;235;33;24;296
072_B_SP;920;0;4;235;33;24;296
072_B_SP;925;0;4;235;33;24;296
072_B_SP;930;0;4;235;33;24;296
072_B_SP;935;0;4;235;33;24;296
072_B_SP;940;0;4;235;33;24;296
072_B_SP;945;0;4;235;33;24;296
072_B_SP;950;0;4;235;33;24;296
072_B_SP;955;0;4;235;33;24;296
072_B_SP;960;0;4;281;33;18;336
072_B_SP;965;0;4;281;33;18;336
072_B_SP;970;0;4;281;33;18;336
072_B_SP;975;0;4;281;33;18;336
072_B_SP;980;0;4;281;33;18;336
072_B_SP;985;0;4;281;33;18;336
072_B_SP;990;0;4;281;33;18;336
072_B_SP;995;0;4;281;33;18;336
072_B_SP;1000;0;4;281;33;18;336
072_B_SP;1005;0;4;281;33;18;336
072_B_SP;1010;0;4;281;33;18;336
072_B_SP;1015;0;4;281;33;18;336
072_B_SP;1020;0;4;280;27;13;324
072_B_SP;1025;0;4;280;27;13;324
072_B_SP;1030;0;4;280;27;13;324
072_B_SP;1035;0;4;280;27;13;324
072_B_SP;1040;0;4;280;27;13;324
072_B_SP;1045;0;4;280;27;13;324
072_B_SP;1050;0;4;280;27;13;324
072_B_SP;1055;0;4;280;27;13;324
072_B_SP;1060;0;4;280;27;13;324
072_B_SP;1065;0;4;280;27;13;324
072_B_SP;1070;0;4;280;27;13;324
072_B_SP;1075;0;4;280;27;13;324
072_B_SP;1080;0;4;227;26;12;269
072_B_SP;1085;0;4;227;26;12;269
072_B_SP;1090;0;4;227;26;12;269
072_B_SP;1095;0;4;227;26;12;269
072_B_SP;1100;0;4;227;26;12;269
072_B_SP;1105;0;4;227;26;12;269
072_B_SP;1110;0;4;227;26;12;269
072_B_SP;1115;0;4;227;26;12;269
072_B_SP;1120;0;4;227;26;12;269
072_B_SP;1125;0;4;227;26;12;269
072_B_SP;1130;0;4;227;26;12;269
072_B_SP;1135;0;4;227;26;12;269
072_B_SP;1140;0;3;170;21;10;204
072_B_SP;1145;0;3;170;21;10;204
072_B_SP;1150;0;3;170;21;10;204
072_B_SP;1155;0;3;170;21;10;204
072_B_SP;1160;0;3;170;21;10;204
072_B_SP;1165;0;3;170;21;10;204
072_B_SP;1170;0;3;170;21;10;204
072_B_SP;1175;0;3;170;21;10;204
072_B_SP;1180;0;3;170;21;10;204
072_B_SP;1185;0;3;170;21;10;204
072_B_SP;1190;0;3;170;21;10;204
072_B_SP;1195;0;3;170;21;10;204
072_B_SP;1200;0;3;134;19;8;164
072_B_SP;1205;0;3;134;19;8;164
072_B_SP;1210;0;3;134;19;8;164
072_B_SP;1215;0;3;134;19;8;164
072_B_SP;1220;0;3;134;19;8;164
072_B_SP;1225;0;3;134;19;8;164
072_B_SP;1230;0;3;134;19;8;164
072_B_SP;1235;0;3;134;19;8;164
072_B_SP;1240;0;3;134;19;8;164
072_B_SP;1245;0;3;134;19;8;164
072_B_SP;1250;0;3;134;19;8;164
072_B_SP;1255;0;3;134;19;8;164
072_B_SP;1260;0;2;117;14;5;138
072_B_SP;1265;0;2;117;14;5;138
072_B_SP;1270;0;2;117;14;5;138
072_B_SP;1275;0;2;117;14;5;138
072_B_SP;1280;0;2;117;14;5;138
072_B_SP;1285;0;2;117;14;5;138
072_B_SP;1290;0;2;117;14;5;138
072_B_SP;1295;0;2;117;14;5;138
072_B_SP;1300;0;2;117;14;5;138
072_B_SP;1305;0;2;117;14;5;138
072_B_SP;1310;0;2;117;14;5;138
072_B_SP;1315;0;2;117;14;5;138
072_B_SP;1320;0;2;111;12;4;129
072_B_SP;1325;0;2;111;12;4;129
072_B_SP;1330;0;2;111;12;4;129
072_B_SP;1335;0;2;111;12;4;129
072_B_SP;1340;0;2;111;12;4;129
072_B_SP;1345;0;2;111;12;4;129
072_B_SP;1350;0;2;111;12;4;129
072_B_SP;1355;0;2;111;12;4;129
072_B_SP;1360;0;2;111;12;4;129
072_B_SP;1365;0;2;111;12;4;129
072_B_SP;1370;0;2;111;12;4;129
072_B_SP;1375;0;2;111;12;4;129
072_B_SP;1380;0;2;100;10;4;116
072_B_SP;1385;0;2;100;10;4;116
072_B_SP;1390;0;2;100;10;4;116
072_B_SP;1395;0;2;100;10;4;116
072_B_SP;1400;0;2;100;10;4;116
072_B_SP;1405;0;2;100;10;4;116
072_B_SP;1410;0;2;100;10;4;116
072_B_SP;1415;0;2;100;10;4;116
072_B_SP;1420;0;2;100;10;4;116
072_B_SP;1425;0;2;100;10;4;116
072_B_SP;1430;0;2;100;10;4;116
072_B_SP;1435;0;2;100;10;4;116
072_Z_SP;0;0;0;15;2;4;21
072_Z_SP;5;0;0;15;2;4;21
072_Z_SP;10;0;0;15;2;4;21
072_Z_SP;15;0;0;15;2;4;21
072_Z_SP;20;0;0;15;2;4;21
072_Z_SP;25;0;0;15;2;4;21
072_Z_SP;30;0;0;15;2;4;21
072_Z_SP;35;0;0;15;2;4;21
072_Z_SP;40;0;0;15;2;4;21
072_Z_SP;45;0;0;15;2;4;21
072_Z_SP;50;0;0;15;2;4;21
072_Z_SP;55;0;0;15;2;4;21
072_Z_SP;60;0;0;8;2;3;13
072_Z_SP;65;0;0;8;2;3;13
072_Z_SP;70;0;0;8;2;3;13
072_Z_SP;75;0;0;8;2;3;13
072_Z_SP;80;0;0;8;2;3;13
072_Z_SP;85;0;0;8;2;3;13
072_Z_SP;90;0;0;8;2;3;13
072_Z_SP;95;0;0;8;2;3;13
072_Z_SP;100;0;0;8;2;3;13
072_Z_SP;105;0;0;8;2;3;13
072_Z_SP;110;0;0;8;2;3;13
072_Z_SP;115;0;0;8;2;3;13
072_Z_SP;120;0;0;7;1;2;10
072_Z_SP;125;0;0;7;1;2;10
072_Z_SP;130;0;0;7;1;2;10
072_Z_SP;135;0;0;7;1;2;10
072_Z_SP;140;0;0;7;1;2;10
072_Z_SP;145;0;0;7;1;2;10
072_Z_SP;150;0;0;7;1;2;10
072_Z_SP;155;0;0;7;1;2;10
072_Z_SP;160;0;0;7;1;2;10
072_Z_SP;165;0;0;7;1;2;10
072_Z_SP;170;0;0;7;1;2;10
072_Z_SP;175;0;0;7;1;2;10
072_Z_SP;180;0;0;13;2;3;18
072_Z_SP;185;0;0;13;2;3;18
072_Z_SP;190;0;0;13;2;3;18
072_Z_SP;195;0;0;13;2;3;18
072_Z_SP;200;0;0;13;2;3;18
072_Z_SP;205;0;0;13;2;3;18
072_Z_SP;210;0;0;13;2;3;18
072_Z_SP;215;0;0;13;2;3;18
072_Z_SP;220;0;0;13;2;3;18
072_Z_SP;225;0;0;13;2;3;18
072_Z_SP;230;0;0;13;2;3;18
072_Z_SP;235;0;0;13;2;3;18
072_Z_SP;240;0;0;35;4;5;44
072_Z_SP;245;0;0;35;4;5;44
072_Z_SP;250;0;0;35;4;5;44
072_Z_SP;255;0;0;35;4;5;44
072_Z_SP;260;0;0;35;4;5;44
072_Z_SP;265;0;0;35;4;5;44
072_Z_SP;270;0;0;35;4;5;44
072_Z_SP;275;0;0;35;4;5;44
072_Z_SP;280;0;0;35;4;5;44
072_Z_SP;285;0;0;35;4;5;44
072_Z_SP;290;0;0;35;4;5;44
072_Z_SP;295;0;0;35;4;5;44
072_Z_SP;300;0;1;118;13;30;162
072_Z_SP;305;0;1;118;13;30;162
072_Z_SP;310;0;1;118;13;30;162
072_Z_SP;315;0;1;118;13;30;162
072_Z_SP;320;0;1;118;13;30;162
072_Z_SP;325;0;1;118;13;30;162
072_Z_SP;330;0;1;118;13;30;162
072_Z_SP;335;0;1;118;13;30;162
072_Z_SP;340;0;1;118;13;30;162
072_Z_SP;345;0;1;118;13;30;162
072_Z_SP;350;0;1;118;13;30;162
072_Z_SP;355;0;1;118;13;30;162
072_Z_SP;360;0;2;248;21;27;298
072_Z_SP;365;0;2;248;21;27;298
072_Z_SP;370;0;2;248;21;27;298
072_Z_SP;375;0;2;248;21;27;298
072_Z_SP;380;0;2;248;21;27;298
072_Z_SP;385;0;2;248;21;27;298
072_Z_SP;390;0;2;248;21;27;298
072_Z_SP;395;0;2;248;21;27;298
072_Z_SP;400;0;2;248;21;27;298
072_Z_SP;405;0;2;248;21;27;298
072_Z_SP;410;0;2;248;21;27;298
072_Z_SP;415;0;2;248;21;27;298
072_Z_SP;420;0;2;234;22;21;279
072_Z_SP;425;0;2;234;22;21;279
072_Z_SP;430;0;2;234;22;21;279
072_Z_SP;435;0;2;234;22;21;279
072_Z_SP;440;0;2;234;22;21;279
072_Z_SP;445;0;2;234;22;21;279
072_Z_SP;450;0;2;234;22;21;279
072_Z_SP;455;0;2;234;22;21;279
072_Z_SP;460;0;2;234;22;21;279
072_Z_SP;465;0;2;234;22;21;279
072_Z_SP;470;0;2;234;22;21;279
072_Z_SP;475;0;2;234;22;21;279
072_Z_SP;480;0;1;205;20;23;249
072_Z_SP;485;0;1;205;20;23;249
072_Z_SP;490;0;1;205;20;23;249
072_Z_SP;495;0;1;205;20;23;249
072_Z_SP;500;0;1;205;20;23;249
072_Z_SP;505;0;1;205;20;23;249
072_Z_SP;510;0;1;205;20;23;249
072_Z_SP;515;0;1;205;20;23;249
072_Z_SP;520;0;1;205;20;23;249
072_Z_SP;525;0;1;205;20;23;249
072_Z_SP;530;0;1;205;20;23;249
072_Z_SP;535;0;1;205;20;23;249
072_Z_SP;540;0;1;184;18;26;229
072_Z_SP;545;0;1;184;18;26;229
072_Z_SP;550;0;1;184;18;26;229
072_Z_SP;555;0;1;184;18;26;229
072_Z_SP;560;0;1;184;18;26;229
072_Z_SP;565;0;1;184;18;26;229
072_Z_SP;570;0;1;184;18;26;229
072_Z_SP;575;0;1;184;18;26;229
072_Z_SP;580;0;1;184;18;26;229
072_Z_SP;585;0;1;184;18;26;229
072_Z_SP;590;0;1;184;18;26;229
072_Z_SP;595;0;1;184;18;26;229
072_Z_SP;600;0;1;179;18;27;225
072_Z_SP;605;0;1;179;18;27;225
072_Z_SP;610;0;1;179;18;27;225
072_Z_SP;615;0;1;179;18;27;225
072_Z_SP;620;0;1;179;18;27;225
072_Z_SP;625;0;1;179;18;27;225
072_Z_SP;630;0;1;179;18;27;225
072_Z_SP;635;0;1;179;18;27;225
072_Z_SP;640;0;1;179;18;27;225
072_Z_SP;645;0;1;179;18;27;225
072_Z_SP;650;0;1;179;18;27;225
072_Z_SP;655;0;1;179;18;27;225
072_Z_SP;660;0;2;181;19;26;228
072_Z_SP;665;0;2;181;19;26;228
072_Z_SP;670;0;2;181;19;26;228
072_Z_SP;675;0;2;181;19;26;228
072_Z_SP;680;0;2;181;19;26;228
072_Z_SP;685;0;2;181;19;26;228
072_Z_SP;690;0;2;181;19;26;228
072_Z_SP;695;0;2;181;19;26;228
072_Z_SP;700;0;2;181;19;26;228
072_Z_SP;705;0;2;181;19;26;228
072_Z_SP;710;0;2;181;19;26;228
072_Z_SP;715;0;2;181;19;26;228
072_Z_SP;720;0;2;194;19;25;240
072_Z_SP;725;0;2;194;19;25;240
072_Z_SP;730;0;2;194;19;25;240
072_Z_SP;735;0;2;194;19;25;240
072_Z_SP;740;0;2;194;19;25;240
072_Z_SP;745;0;2;194;19;25;240
072_Z_SP;750;0;2;194;19;25;240
072_Z_SP;755;0;2;194;19;25;240
072_Z_SP;760;0;2;194;19;25;240
072_Z_SP;765;0;2;194;19;25;240
072_Z_SP;770;0;2;194;19;25;240
072_Z_SP;775;0;2;194;19;25;240
072_Z_SP;780;0;2;205;22;27;256
072_Z_SP;785;0;2;205;22;27;256
072_Z_SP;790;0;2;205;22;27;256
072_Z_SP;795;0;2;205;22;27;256
072_Z_SP;800;0;2;205;22;27;256
072_Z_SP;805;0;2;205;22;27;256
072_Z_SP;810;0;2;205;22;27;256
072_Z_SP;815;0;2;205;22;27;256
072_Z_SP;820;0;2;205;22;27;256
072_Z_SP;825;0;2;205;22;27;256
072_Z_SP;830;0;2;205;22;27;256
072_Z_SP;835;0;2;205;22;27;256
072_Z_SP;840;0;2;207;21;28;258
072_Z_SP;845;0;2;207;21;28;258
072_Z_SP;850;0;2;207;21;28;258
072_Z_SP;855;0;2;207;21;28;258
072_Z_SP;860;0;2;207;21;28;258
072_Z_SP;865;0;2;207;21;28;258
072_Z_SP;870;0;2;207;21;28;258
072_Z_SP;875;0;2;207;21;28;258
072_Z_SP;880;0;2;207;21;28;258
072_Z_SP;885;0;2;207;21;28;258
072_Z_SP;890;0;2;207;21;28;258
072_Z_SP;895;0;2;207;21;28;258
072_Z_SP;900;0;2;227;20;24;273
072_Z_SP;905;0;2;227;20;24;273
072_Z_SP;910;0;2;227;20;24;273
072_Z_SP;915;0;2;227;20;24;273
072_Z_SP;920;0;2;227;20;24;273
072_Z_SP;925;0;2;227;20;24;273
072_Z_SP;930;0;2;227;20;24;273
072_Z_SP;935;0;2;227;20;24;273
072_Z_SP;940;0;2;227;20;24;273
072_Z_SP;945;0;2;227;20;24;273
072_Z_SP;950;0;2;227;20;24;273
072_Z_SP;955;0;2;227;20;24;273
072_Z_SP;960;0;2;263;19;18;302
072_Z_SP;965;0;2;263;19;18;302
072_Z_SP;970;0;2;263;19;18;302
072_Z_SP;975;0;2;263;19;18;302
072_Z_SP;980;0;2;263;19;18;302
072_Z_SP;985;0;2;263;19;18;302
072_Z_SP;990;0;2;263;19;18;302
072_Z_SP;995;0;2;263;19;18;302
072_Z_SP;1000;0;2;263;19;18;302
072_Z_SP;1005;0;2;263;19;18;302
072_Z_SP;1010;0;2;263;19;18;302
072_Z_SP;1015;0;2;263;19;18;302
072_Z_SP;1020;0;2;279;16;13;310
072_Z_SP;1025;0;2;279;16;13;310
072_Z_SP;1030;0;2;279;16;13;310
072_Z_SP;1035;0;2;279;16;13;310
072_Z_SP;1040;0;2;279;16;13;310
072_Z_SP;1045;0;2;279;16;13;310
072_Z_SP;1050;0;2;279;16;13;310
072_Z_SP;1055;0;2;279;16;13;310
072_Z_SP;1060;0;2;279;16;13;310
072_Z_SP;1065;0;2;279;16;13;310
072_Z_SP;1070;0;2;279;16;13;310
072_Z_SP;1075;0;2;279;16;13;310
072_Z_SP;1080;0;2;234;13;11;260
072_Z_SP;1085;0;2;234;13;11;260
072_Z_SP;1090;0;2;234;13;11;260
072_Z_SP;1095;0;2;234;13;11;260
072_Z_SP;1100;0;2;234;13;11;260
072_Z_SP;1105;0;2;234;13;11;260
072_Z_SP;1110;0;2;234;13;11;260
072_Z_SP;1115;0;2;234;13;11;260
072_Z_SP;1120;0;2;234;13;11;260
072_Z_SP;1125;0;2;234;13;11;260
072_Z_SP;1130;0;2;234;13;11;260
072_Z_SP;1135;0;2;234;13;11;260
072_Z_SP;1140;0;2;124;10;9;145
072_Z_SP;1145;0;2;124;10;9;145
072_Z_SP;1150;0;2;124;10;9;145
072_Z_SP;1155;0;2;124;10;9;145
072_Z_SP;1160;0;2;124;10;9;145
072_Z_SP;1165;0;2;124;10;9;145
072_Z_SP;1170;0;2;124;10;9;145
072_Z_SP;1175;0;2;124;10;9;145
072_Z_SP;1180;0;2;124;10;9;145
072_Z_SP;1185;0;2;124;10;9;145
072_Z_SP;1190;0;2;124;10;9;145
072_Z_SP;1195;0;2;124;10;9;145
072_Z_SP;1200;0;1;87;6;6;100
072_Z_SP;1205;0;1;87;6;6;100
072_Z_SP;1210;0;1;87;6;6;100
072_Z_SP;1215;0;1;87;6;6;100
072_Z_SP;1220;0;1;87;6;6;100
072_Z_SP;1225;0;1;87;6;6;100
072_Z_SP;1230;0;1;87;6;6;100
072_Z_SP;1235;0;1;87;6;6;100
072_Z_SP;1240;0;1;87;6;6;100
072_Z_SP;1245;0;1;87;6;6;100
072_Z_SP;1250;0;1;87;6;6;100
072_Z_SP;1255;0;1;87;6;6;100
072_Z_SP;1260;0;1;72;5;4;82
072_Z_SP;1265;0;1;72;5;4;82
072_Z_SP;1270;0;1;72;5;4;82
072_Z_SP;1275;0;1;72;5;4;82
072_Z_SP;1280;0;1;72;5;4;82
072_Z_SP;1285;0;1;72;5;4;82
072_Z_SP;1290;0;1;72;5;4;82
072_Z_SP;1295;0;1;72;5;4;82
072_Z_SP;1300;0;1;72;5;4;82
072_Z_SP;1305;0;1;72;5;4;82
072_Z_SP;1310;0;1;72;5;4;82
072_Z_SP;1315;0;1;72;5;4;82
072_Z_SP;1320;0;1;62;5;4;72
072_Z_SP;1325;0;1;62;5;4;72
072_Z_SP;1330;0;1;62;5;4;72
072_Z_SP;1335;0;1;62;5;4;72
072_Z_SP;1340;0;1;62;5;4;72
072_Z_SP;1345;0;1;62;5;4;72
072_Z_SP;1350;0;1;62;5;4;72
072_Z_SP;1355;0;1;62;5;4;72
072_Z_SP;1360;0;1;62;5;4;72
072_Z_SP;1365;0;1;62;5;4;72
072_Z_SP;1370;0;1;62;5;4;72
072_Z_SP;1375;0;1;62;5;4;72
072_Z_SP;1380;0;1;40;7;5;53
072_Z_SP;1385;0;1;40;7;5;53
072_Z_SP;1390;0;1;40;7;5;53
072_Z_SP;1395;0;1;40;7;5;53
072_Z_SP;1400;0;1;40;7;5;53
072_Z_SP;1405;0;1;40;7;5;53
072_Z_SP;1410;0;1;40;7;5;53
072_Z_SP;1415;0;1;40;7;5;53
072_Z_SP;1420;0;1;40;7;5;53
072_Z_SP;1425;0;1;40;7;5;53
072_Z_SP;1430;0;1;40;7;5;53
072_Z_SP;1435;0;1;40;7;5;53
229_B_SP;0;0;0;38;1;2;41
229_B_SP;5;0;0;38;1;2;41
229_B_SP;10;0;0;38;1;2;41
229_B_SP;15;0;0;38;1;2;41
229_B_SP;20;0;0;38;1;2;41
229_B_SP;25;0;0;38;1;2;41
229_B_SP;30;0;0;38;1;2;41
229_B_SP;35;0;0;38;1;2;41
229_B_SP;40;0;0;38;1;2;41
229_B_SP;45;0;0;38;1;2;41
229_B_SP;50;0;0;38;1;2;41
229_B_SP;55;0;0;38;1;2;41
229_B_SP;60;0;0;18;1;2;21
229_B_SP;65;0;0;18;1;2;21
229_B_SP;70;0;0;18;1;2;21
229_B_SP;75;0;0;18;1;2;21
229_B_SP;80;0;0;18;1;2;21
229_B_SP;85;0;0;18;1;2;21
229_B_SP;90;0;0;18;1;2;21
229_B_SP;95;0;0;18;1;2;21
229_B_SP;100;0;0;18;1;2;21
229_B_SP;105;0;0;18;1;2;21
229_B_SP;110;0;0;18;1;2;21
229_B_SP;115;0;0;18;1;2;21
229_B_SP;120;0;0;14;1;2;17
229_B_SP;125;0;0;14;1;2;17
229_B_SP;130;0;0;14;1;2;17
229_B_SP;135;0;0;14;1;2;17
229_B_SP;140;0;0;14;1;2;17
229_B_SP;145;0;0;14;1;2;17
229_B_SP;150;0;0;14;1;2;17
229_B_SP;155;0;0;14;1;2;17
229_B_SP;160;0;0;14;1;2;17
229_B_SP;165;0;0;14;1;2;17
229_B_SP;170;0;0;14;1;2;17
229_B_SP;175;0;0;14;1;2;17
229_B_SP;180;0;0;16;1;2;19
229_B_SP;185;0;0;16;1;2;19
229_B_SP;190;0;0;16;1;2;19
229_B_SP;195;0;0;16;1;2;19
229_B_SP;200;0;0;16;1;2;19
229_B_SP;205;0;0;16;1;2;19
229_B_SP;210;0;0;16;1;2;19
229_B_SP;215;0;0;16;1;2;19
229_B_SP;220;0;0;16;1;2;19
229_B_SP;225;0;0;16;1;2;19
229_B_SP;230;0;0;16;1;2;19
229_B_SP;235;0;0;16;1;2;19
229_B_SP;240;0;0;42;2;4;48
229_B_SP;245;0;0;42;2;4;48
229_B_SP;250;0;0;42;2;4;48
229_B_SP;255;0;0;42;2;4;48
229_B_SP;260;0;0;42;2;4;48
229_B_SP;265;0;0;42;2;4;48
229_B_SP;270;0;0;42;2;4;48
229_B_SP;275;0;0;42;2;4;48
229_B_SP;280;0;0;42;2;4;48
229_B_SP;285;0;0;42;2;4;48
229_B_SP;290;0;0;42;2;4;48
229_B_SP;295;0;0;42;2;4;48
229_B_SP;300;0;1;115;8;19;143
229_B_SP;305;0;1;115;8;19;143
229_B_SP;310;0;1;115;8;19;143
229_B_SP;315;0;1;115;8;19;143
229_B_SP;320;0;1;115;8;19;143
229_B_SP;325;0;1;115;8;19;143
229_B_SP;330;0;1;115;8;19;143
229_B_SP;335;0;1;115;8;19;143
229_B_SP;340;0;1;115;8;19;143
229_B_SP;345;0;1;115;8;19;143
229_B_SP;350;0;1;115;8;19;143
229_B_SP;355;0;1;115;8;19;143
229_B_SP;360;0;2;260;14;30;306
229_B_SP;365;0;2;260;14;30;306
229_B_SP;370;0;2;260;14;30;306
229_B_SP;375;0;2;260;14;30;306
229_B_SP;380;0;2;260;14;30;306
229_B_SP;385;0;2;260;14;30;306
229_B_SP;390;0;2;260;14;30;306
229_B_SP;395;0;2;260;14;30;306
229_B_SP;400;0;2;260;14;30;306
229_B_SP;405;0;2;260;14;30;306
229_B_SP;410;0;2;260;14;30;306
229_B_SP;415;0;2;260;14;30;306
229_B_SP;420;0;2;249;11;19;281
229_B_SP;425;0;2;249;11;19;281
229_B_SP;430;0;2;249;11;19;281
229_B_SP;435;0;2;249;11;19;281
229_B_SP;440;0;2;249;11;19;281
229_B_SP;445;0;2;249;11;19;281
229_B_SP;450;0;2;249;11;19;281
229_B_SP;455;0;2;249;11;19;281
229_B_SP;460;0;2;249;11;19;281
229_B_SP;465;0;2;249;11;19;281
229_B_SP;470;0;2;249;11;19;281
229_B_SP;475;0;2;249;11;19;281
229_B_SP;480;0;2;202;10;23;237
229_B_SP;485;0;2;202;10;23;237
229_B_SP;490;0;2;202;10;23;237
229_B_SP;495;0;2;202;10;23;237
229_B_SP;500;0;2;202;10;23;237
229_B_SP;505;0;2;202;10;23;237
229_B_SP;510;0;2;202;10;23;237
229_B_SP;515;0;2;202;10;23;237
229_B_SP;520;0;2;202;10;23;237
229_B_SP;525;0;2;202;10;23;237
229_B_SP;530;0;2;202;10;23;237
229_B_SP;535;0;2;202;10;23;237
229_B_SP;540;1;1;183;12;27;224
229_B_SP;545;1;1;183;12;27;224
229_B_SP;550;1;1;183;12;27;224
229_B_SP;555;1;1;183;12;27;224
229_B_SP;560;1;1;183;12;27;224
229_B_SP;565;1;1;183;12;27;224
229_B_SP;570;1;1;183;12;27;224
229_B_SP;575;1;1;183;12;27;224
229_B_SP;580;1;1;183;12;27;224
229_B_SP;585;1;1;183;12;27;224
229_B_SP;590;1;1;183;12;27;224
229_B_SP;595;1;1;183;12;27;224
229_B_SP;600;1;1;187;13;28;230
229_B_SP;605;1;1;187;13;28;230
229_B_SP;610;1;1;187;13;28;230
229_B_SP;615;1;1;187;13;28;230
229_B_SP;620;1;1;187;13;28;230
229_B_SP;625;1;1;187;13;28;230
229_B_SP;630;1;1;187;13;28;230
229_B_SP;635;1;1;187;13;28;230
229_B_SP;640;1;1;187;13;28;230
229_B_SP;645;1;1;187;13;28;230
229_B_SP;650;1;1;187;13;28;230
229_B_SP;655;1;1;187;13;28;230
229_B_SP;660;0;1;201;12;28;242
229_B_SP;665;0;1;201;12;28;242
229_B_SP;670;0;1;201;12;28;242
229_B_SP;675;0;1;201;12;28;242
229_B_SP;680;0;1;201;12;28;242
229_B_SP;685;0;1;201;12;28;242
229_B_SP;690;0;1;201;12;28;242
229_B_SP;695;0;1;201;12;28;242
229_B_SP;700;0;1;201;12;28;242
229_B_SP;705;0;1;201;12;28;242
229_B_SP;710;0;1;201;12;28;242
229_B_SP;715;0;1;201;12;28;242
229_B_SP;720;0;2;220;11;26;259
229_B_SP;725;0;2;220;11;26;259
229_B_SP;730;0;2;220;11;26;259
229_B_SP;735;0;2;220;11;26;259
229_B_SP;740;0;2;220;11;26;259
229_B_SP;745;0;2;220;11;26;259
229_B_SP;750;0;2;220;11;26;259
229_B_SP;755;0;2;220;11;26;259
229_B_SP;760;0;2;220;11;26;259
229_B_SP;765;0;2;220;11;26;259
229_B_SP;770;0;2;220;11;26;259
229_B_SP;775;0;2;220;11;26;259
229_B_SP;780;0;2;215;11;24;252
229_B_SP;785;0;2;215;11;24;252
229_B_SP;790;0;2;215;11;24;252
229_B_SP;795;0;2;215;11;24;252
229_B_SP;800;0;2;215;11;24;252
229_B_SP;805;0;2;215;11;24;252
229_B_SP;810;0;2;215;11;24;252
229_B_SP;815;0;2;215;11;24;252
229_B_SP;820;0;2;215;11;24;252
229_B_SP;825;0;2;215;11;24;252
229_B_SP;830;0;2;215;11;24;252
229_B_SP;835;0;2;215;11;24;252
229_B_SP;840;0;2;234;12;26;274
229_B_SP;845;0;2;234;12;26;274
229_B_SP;850;0;2;234;12;26;274
229_B_SP;855;0;2;234;12;26;274
229_B_SP;860;0;2;234;12;26;274
229_B_SP;865;0;2;234;12;26;274
229_B_SP;870;0;2;234;12;26;274
229_B_SP;875;0;2;234;12;26;274
229_B_SP;880;0;2;234;12;26;274
229_B_SP;885;0;2;234;12;26;274
229_B_SP;890;0;2;234;12;26;274
229_B_SP;895;0;2;234;12;26;274
229_B_SP;900;0;2;277;12;23;314
229_B_SP;905;0;2;277;12;23;314
229_B_SP;910;0;2;277;12;23;314
229_B_SP;915;0;2;277;12;23;314
229_B_SP;920;0;2;277;12;23;314
229_B_SP;925;0;2;277;12;23;314
229_B_SP;930;0;2;277;12;23;314
229_B_SP;935;0;2;277;12;23;314
229_B_SP;940;0;2;277;12;23;314
229_B_SP;945;0;2;277;12;23;314
229_B_SP;950;0;2;277;12;23;314
229_B_SP;955;0;2;277;12;23;314
229_B_SP;960;0;3;315;12;17;347
229_B_SP;965;0;3;315;12;17;347
229_B_SP;970;0;3;315;12;17;347
229_B_SP;975;0;3;315;12;17;347
229_B_SP;980;0;3;315;12;17;347
229_B_SP;985;0;3;315;12;17;347
229_B_SP;990;0;3;315;12;17;347
229_B_SP;995;0;3;315;12;17;347
229_B_SP;1000;0;3;315;12;17;347
229_B_SP;1005;0;3;315;12;17;347
229_B_SP;1010;0;3;315;12;17;347
229_B_SP;1015;0;3;315;12;17;347
229_B_SP;1020;0;3;303;8;13;327
229_B_SP;1025;0;3;303;8;13;327
229_B_SP;1030;0;3;303;8;13;327
229_B_SP;1035;0;3;303;8;13;327
229_B_SP;1040;0;3;303;8;13;327
229_B_SP;1045;0;3;303;8;13;327
229_B_SP;1050;0;3;303;8;13;327
229_B_SP;1055;0;3;303;8;13;327
229_B_SP;1060;0;3;303;8;13;327
229_B_SP;1065;0;3;303;8;13;327
229_B_SP;1070;0;3;303;8;13;327
229_B_SP;1075;0;3;303;8;13;327
229_B_SP;1080;0;2;286;6;11;305
229_B_SP;1085;0;2;286;6;11;305
229_B_SP;1090;0;2;286;6;11;305
229_B_SP;1095;0;2;286;6;11;305
229_B_SP;1100;0;2;286;6;11;305
229_B_SP;1105;0;2;286;6;11;305
229_B_SP;1110;0;2;286;6;11;305
229_B_SP;1115;0;2;286;6;11;305
229_B_SP;1120;0;2;286;6;11;305
229_B_SP;1125;0;2;286;6;11;305
229_B_SP;1130;0;2;286;6;11;305
229_B_SP;1135;0;2;286;6;11;305
229_B_SP;1140;0;1;215;5;10;231
229_B_SP;1145;0;1;215;5;10;231
229_B_SP;1150;0;1;215;5;10;231
229_B_SP;1155;0;1;215;5;10;231
229_B_SP;1160;0;1;215;5;10;231
229_B_SP;1165;0;1;215;5;10;231
229_B_SP;1170;0;1;215;5;10;231
229_B_SP;1175;0;1;215;5;10;231
229_B_SP;1180;0;1;215;5;10;231
229_B_SP;1185;0;1;215;5;10;231
229_B_SP;1190;0;1;215;5;10;231
229_B_SP;1195;0;1;215;5;10;231
229_B_SP;1200;0;1;169;5;7;182
229_B_SP;1205;0;1;169;5;7;182
229_B_SP;1210;0;1;169;5;7;182
229_B_SP;1215;0;1;169;5;7;182
229_B_SP;1220;0;1;169;5;7;182
229_B_SP;1225;0;1;169;5;7;182
229_B_SP;1230;0;1;169;5;7;182
229_B_SP;1235;0;1;169;5;7;182
229_B_SP;1240;0;1;169;5;7;182
229_B_SP;1245;0;1;169;5;7;182
229_B_SP;1250;0;1;169;5;7;182
229_B_SP;1255;0;1;169;5;7;182
229_B_SP;1260;0;1;133;3;5;142
229_B_SP;1265;0;1;133;3;5;142
229_B_SP;1270;0;1;133;3;5;142
229_B_SP;1275;0;1;133;3;5;142
229_B_SP;1280;0;1;133;3;5;142
229_B_SP;1285;0;1;133;3;5;142
229_B_SP;1290;0;1;133;3;5;142
229_B_SP;1295;0;1;133;3;5;142
229_B_SP;1300;0;1;133;3;5;142
229_B_SP;1305;0;1;133;3;5;142
229_B_SP;1310;0;1;133;3;5;142
229_B_SP;1315;0;1;133;3;5;142
229_B_SP;1320;0;1;122;2;3;128
229_B_SP;1325;0;1;122;2;3;128
229_B_SP;1330;0;1;122;2;3;128
229_B_SP;1335;0;1;122;2;3;128
229_B_SP;1340;0;1;122;2;3;128
229_B_SP;1345;0;1;122;2;3;128
229_B_SP;1350;0;1;122;2;3;128
229_B_SP;1355;0;1;122;2;3;128
229_B_SP;1360;0;1;122;2;3;128
229_B_SP;1365;0;1;122;2;3;128
229_B_SP;1370;0;1;122;2;3;128
229_B_SP;1375;0;1;122;2;3;128
229_B_SP;1380;0;1;96;2;3;102
229_B_SP;1385;0;1;96;2;3;102
229_B_SP;1390;0;1;96;2;3;102
229_B_SP;1395;0;1;96;2;3;102
229_B_SP;1400;0;1;96;2;3;102
229_B_SP;1405;0;1;96;2;3;102
229_B_SP;1410;0;1;96;2;3;102
229_B_SP;1415;0;1;96;2;3;102
229_B_SP;1420;0;1;96;2;3;102
229_B_SP;1425;0;1;96;2;3;102
229_B_SP;1430;0;1;96;2;3;102
229_B_SP;1435;0;1;96;2;3;102
229_Z_SP;0;0;0;23;2;3;28
229_Z_SP;5;0;0;23;2;3;28
229_Z_SP;10;0;0;23;2;3;28
229_Z_SP;15;0;0;23;2;3;28
229_Z_SP;20;0;0;23;2;3;28
229_Z_SP;25;0;0;23;2;3;28
229_Z_SP;30;0;0;23;2;3;28
229_Z_SP;35;0;0;23;2;3;28
229_Z_SP;40;0;0;23;2;3;28
229_Z_SP;45;0;0;23;2;3;28
229_Z_SP;50;0;0;23;2;3;28
229_Z_SP;55;0;0;23;2;3;28
229_Z_SP;60;0;0;13;2;3;18
229_Z_SP;65;0;0;13;2;3;18
229_Z_SP;70;0;0;13;2;3;18
229_Z_SP;75;0;0;13;2;3;18
229_Z_SP;80;0;0;13;2;3;18
229_Z_SP;85;0;0;13;2;3;18
229_Z_SP;90;0;0;13;2;3;18
229_Z_SP;95;0;0;13;2;3;18
229_Z_SP;100;0;0;13;2;3;18
229_Z_SP;105;0;0;13;2;3;18
229_Z_SP;110;0;0;13;2;3;18
229_Z_SP;115;0;0;13;2;3;18
229_Z_SP;120;0;0;9;1;3;13
229_Z_SP;125;0;0;9;1;3;13
229_Z_SP;130;0;0;9;1;3;13
229_Z_SP;135;0;0;9;1;3;13
229_Z_SP;140;0;0;9;1;3;13
229_Z_SP;145;0;0;9;1;3;13
229_Z_SP;150;0;0;9;1;3;13
229_Z_SP;155;0;0;9;1;3;13
229_Z_SP;160;0;0;9;1;3;13
229_Z_SP;165;0;0;9;1;3;13
229_Z_SP;170;0;0;9;1;3;13
229_Z_SP;175;0;0;9;1;3;13
229_Z_SP;180;0;0;16;2;5;23
229_Z_SP;185;0;0;16;2;5;23
229_Z_SP;190;0;0;16;2;5;23
229_Z_SP;195;0;0;16;2;5;23
229_Z_SP;200;0;0;16;2;5;23
229_Z_SP;205;0;0;16;2;5;23
229_Z_SP;210;0;0;16;2;5;23
229_Z_SP;215;0;0;16;2;5;23
229_Z_SP;220;0;0;16;2;5;23
229_Z_SP;225;0;0;16;2;5;23
229_Z_SP;230;0;0;16;2;5;23
229_Z_SP;235;0;0;16;2;5;23
229_Z_SP;240;0;1;42;3;12;58
229_Z_SP;245;0;1;42;3;12;58
229_Z_SP;250;0;1;42;3;12;58
229_Z_SP;255;0;1;42;3;12;58
229_Z_SP;260;0;1;42;3;12;58
229_Z_SP;265;0;1;42;3;12;58
229_Z_SP;270;0;1;42;3;12;58
229_Z_SP;275;0;1;42;3;12;58
229_Z_SP;280;0;1;42;3;12;58
229_Z_SP;285;0;1;42;3;12;58
229_Z_SP;290;0;1;42;3;12;58
229_Z_SP;295;0;1;42;3;12;58
229_Z_SP;300;0;2;178;11;44;235
229_Z_SP;305;0;2;178;11;44;235
229_Z_SP;310;0;2;178;11;44;235
229_Z_SP;315;0;2;178;11;44;235
229_Z_SP;320;0;2;178;11;44;235
229_Z_SP;325;0;2;178;11;44;235
229_Z_SP;330;0;2;178;11;44;235
229_Z_SP;335;0;2;178;11;44;235
229_Z_SP;340;0;2;178;11;44;235
229_Z_SP;345;0;2;178;11;44;235
229_Z_SP;350;0;2;178;11;44;235
229_Z_SP;355;0;2;178;11;44;235
229_Z_SP;360;0;2;288;16;30;336
229_Z_SP;365;0;2;288;16;30;336
229_Z_SP;370;0;2;288;16;30;336
229_Z_SP;375;0;2;288;16;30;336
229_Z_SP;380;0;2;288;16;30;336
229_Z_SP;385;0;2;288;16;30;336
229_Z_SP;390;0;2;288;16;30;336
229_Z_SP;395;0;2;288;16;30;336
229_Z_SP;400;0;2;288;16;30;336
229_Z_SP;405;0;2;288;16;30;336
229_Z_SP;410;0;2;288;16;30;336
229_Z_SP;415;0;2;288;16;30;336
229_Z_SP;420;0;2;278;15;20;315
229_Z_SP;425;0;2;278;15;20;315
229_Z_SP;430;0;2;278;15;20;315
229_Z_SP;435;0;2;278;15;20;315
229_Z_SP;440;0;2;278;15;20;315
229_Z_SP;445;0;2;278;15;20;315
229_Z_SP;450;0;2;278;15;20;315
229_Z_SP;455;0;2;278;15;20;315
229_Z_SP;460;0;2;278;15;20;315
229_Z_SP;465;0;2;278;15;20;315
229_Z_SP;470;0;2;278;15;20;315
229_Z_SP;475;0;2;278;15;20;315
229_Z_SP;480;0;2;256;14;24;296
229_Z_SP;485;0;2;256;14;24;296
229_Z_SP;490;0;2;256;14;24;296
229_Z_SP;495;0;2;256;14;24;296
229_Z_SP;500;0;2;256;14;24;296
229_Z_SP;505;0;2;256;14;24;296
229_Z_SP;510;0;2;256;14;24;296
229_Z_SP;515;0;2;256;14;24;296
229_Z_SP;520;0;2;256;14;24;296
229_Z_SP;525;0;2;256;14;24;296
229_Z_SP;530;0;2;256;14;24;296
229_Z_SP;535;0;2;256;14;24;296
229_Z_SP;540;0;2;218;13;28;261
229_Z_SP;545;0;2;218;13;28;261
229_Z_SP;550;0;2;218;13;28;261
229_Z_SP;555;0;2;218;13;28;261
229_Z_SP;560;0;2;218;13;28;261
229_Z_SP;565;0;2;218;13;28;261
229_Z_SP;570;0;2;218;13;28;261
229_Z_SP;575;0;2;218;13;28;261
229_Z_SP;580;0;2;218;13;28;261
229_Z_SP;585;0;2;218;13;28;261
229_Z_SP;590;0;2;218;13;28;261
229_Z_SP;595;0;2;218;13;28;261
229_Z_SP;600;0;2;202;13;25;242
229_Z_SP;605;0;2;202;13;25;242
229_Z_SP;610;0;2;202;13;25;242
229_Z_SP;615;0;2;202;13;25;242
229_Z_SP;620;0;2;202;13;25;242
229_Z_SP;625;0;2;202;13;25;242
229_Z_SP;630;0;2;202;13;25;242
229_Z_SP;635;0;2;202;13;25;242
229_Z_SP;640;0;2;202;13;25;242
229_Z_SP;645;0;2;202;13;25;242
229_Z_SP;650;0;2;202;13;25;242
229_Z_SP;655;0;2;202;13;25;242
229_Z_SP;660;0;2;201;13;22;238
229_Z_SP;665;0;2;201;13;22;238
229_Z_SP;670;0;2;201;13;22;238
229_Z_SP;675;0;2;201;13;22;238
229_Z_SP;680;0;2;201;13;22;238
229_Z_SP;685;0;2;201;13;22;238
229_Z_SP;690;0;2;201;13;22;238
229_Z_SP;695;0;2;201;13;22;238
229_Z_SP;700;0;2;201;13;22;238
229_Z_SP;705;0;2;201;13;22;238
229_Z_SP;710;0;2;201;13;22;238
229_Z_SP;715;0;2;201;13;22;238
229_Z_SP;720;0;2;213;12;21;248
229_Z_SP;725;0;2;213;12;21;248
229_Z_SP;730;0;2;213;12;21;248
229_Z_SP;735;0;2;213;12;21;248
229_Z_SP;740;0;2;213;12;21;248
229_Z_SP;745;0;2;213;12;21;248
229_Z_SP;750;0;2;213;12;21;248
229_Z_SP;755;0;2;213;12;21;248
229_Z_SP;760;0;2;213;12;21;248
229_Z_SP;765;0;2;213;12;21;248
229_Z_SP;770;0;2;213;12;21;248
229_Z_SP;775;0;2;213;12;21;248
229_Z_SP;780;0;3;224;14;23;264
229_Z_SP;785;0;3;224;14;23;264
229_Z_SP;790;0;3;224;14;23;264
229_Z_SP;795;0;3;224;14;23;264
229_Z_SP;800;0;3;224;14;23;264
229_Z_SP;805;0;3;224;14;23;264
229_Z_SP;810;0;3;224;14;23;264
229_Z_SP;815;0;3;224;14;23;264
229_Z_SP;820;0;3;224;14;23;264
229_Z_SP;825;0;3;224;14;23;264
229_Z_SP;830;0;3;224;14;23;264
229_Z_SP;835;0;3;224;14;23;264
229_Z_SP;840;0;3;233;14;26;276
229_Z_SP;845;0;3;233;14;26;276
229_Z_SP;850;0;3;233;14;26;276
229_Z_SP;855;0;3;233;14;26;276
229_Z_SP;860;0;3;233;14;26;276
229_Z_SP;865;0;3;233;14;26;276
229_Z_SP;870;0;3;233;14;26;276
229_Z_SP;875;0;3;233;14;26;276
229_Z_SP;880;0;3;233;14;26;276
229_Z_SP;885;0;3;233;14;26;276
229_Z_SP;890;0;3;233;14;26;276
229_Z_SP;895;0;3;233;14;26;276
229_Z_SP;900;0;3;256;12;23;294
229_Z_SP;905;0;3;256;12;23;294
229_Z_SP;910;0;3;256;12;23;294
229_Z_SP;915;0;3;256;12;23;294
229_Z_SP;920;0;3;256;12;23;294
229_Z_SP;925;0;3;256;12;23;294
229_Z_SP;930;0;3;256;12;23;294
229_Z_SP;935;0;3;256;12;23;294
229_Z_SP;940;0;3;256;12;23;294
229_Z_SP;945;0;3;256;12;23;294
229_Z_SP;950;0;3;256;12;23;294
229_Z_SP;955;0;3;256;12;23;294
229_Z_SP;960;0;4;303;11;13;331
229_Z_SP;965;0;4;303;11;13;331
229_Z_SP;970;0;4;303;11;13;331
229_Z_SP;975;0;4;303;11;13;331
229_Z_SP;980;0;4;303;11;13;331
229_Z_SP;985;0;4;303;11;13;331
229_Z_SP;990;0;4;303;11;13;331
229_Z_SP;995;0;4;303;11;13;331
229_Z_SP;1000;0;4;303;11;13;331
229_Z_SP;1005;0;4;303;11;13;331
229_Z_SP;1010;0;4;303;11;13;331
229_Z_SP;1015;0;4;303;11;13;331
229_Z_SP;1020;0;5;317;8;8;338
229_Z_SP;1025;0;5;317;8;8;338
229_Z_SP;1030;0;5;317;8;8;338
229_Z_SP;1035;0;5;317;8;8;338
229_Z_SP;1040;0;5;317;8;8;338
229_Z_SP;1045;0;5;317;8;8;338
229_Z_SP;1050;0;5;317;8;8;338
229_Z_SP;1055;0;5;317;8;8;338
229_Z_SP;1060;0;5;317;8;8;338
229_Z_SP;1065;0;5;317;8;8;338
229_Z_SP;1070;0;5;317;8;8;338
229_Z_SP;1075;0;5;317;8;8;338
229_Z_SP;1080;0;4;258;6;6;274
229_Z_SP;1085;0;4;258;6;6;274
229_Z_SP;1090;0;4;258;6;6;274
229_Z_SP;1095;0;4;258;6;6;274
229_Z_SP;1100;0;4;258;6;6;274
229_Z_SP;1105;0;4;258;6;6;274
229_Z_SP;1110;0;4;258;6;6;274
229_Z_SP;1115;0;4;258;6;6;274
229_Z_SP;1120;0;4;258;6;6;274
229_Z_SP;1125;0;4;258;6;6;274
229_Z_SP;1130;0;4;258;6;6;274
229_Z_SP;1135;0;4;258;6;6;274
229_Z_SP;1140;0;3;175;4;5;187
229_Z_SP;1145;0;3;175;4;5;187
229_Z_SP;1150;0;3;175;4;5;187
229_Z_SP;1155;0;3;175;4;5;187
229_Z_SP;1160;0;3;175;4;5;187
229_Z_SP;1165;0;3;175;4;5;187
229_Z_SP;1170;0;3;175;4;5;187
229_Z_SP;1175;0;3;175;4;5;187
229_Z_SP;1180;0;3;175;4;5;187
229_Z_SP;1185;0;3;175;4;5;187
229_Z_SP;1190;0;3;175;4;5;187
229_Z_SP;1195;0;3;175;4;5;187
229_Z_SP;1200;0;2;126;4;4;136
229_Z_SP;1205;0;2;126;4;4;136
229_Z_SP;1210;0;2;126;4;4;136
229_Z_SP;1215;0;2;126;4;4;136
229_Z_SP;1220;0;2;126;4;4;136
229_Z_SP;1225;0;2;126;4;4;136
229_Z_SP;1230;0;2;126;4;4;136
229_Z_SP;1235;0;2;126;4;4;136
229_Z_SP;1240;0;2;126;4;4;136
229_Z_SP;1245;0;2;126;4;4;136
229_Z_SP;1250;0;2;126;4;4;136
229_Z_SP;1255;0;2;126;4;4;136
229_Z_SP;1260;0;2;106;2;3;113
229_Z_SP;1265;0;2;106;2;3;113
229_Z_SP;1270;0;2;106;2;3;113
229_Z_SP;1275;0;2;106;2;3;113
229_Z_SP;1280;0;2;106;2;3;113
229_Z_SP;1285;0;2;106;2;3;113
229_Z_SP;1290;0;2;106;2;3;113
229_Z_SP;1295;0;2;106;2;3;113
229_Z_SP;1300;0;2;106;2;3;113
229_Z_SP;1305;0;2;106;2;3;113
229_Z_SP;1310;0;2;106;2;3;113
229_Z_SP;1315;0;2;106;2;3;113
229_Z_SP;1320;0;1;91;2;3;97
229_Z_SP;1325;0;1;91;2;3;97
229_Z_SP;1330;0;1;91;2;3;97
229_Z_SP;1335;0;1;91;2;3;97
229_Z_SP;1340;0;1;91;2;3;97
229_Z_SP;1345;0;1;91;2;3;97
229_Z_SP;1350;0;1;91;2;3;97
229_Z_SP;1355;0;1;91;2;3;97
229_Z_SP;1360;0;1;91;2;3;97
229_Z_SP;1365;0;1;91;2;3;97
229_Z_SP;1370;0;1;91;2;3;97
229_Z_SP;1375;0;1;91;2;3;97
229_Z_SP;1380;0;1;56;4;3;64
229_Z_SP;1385;0;1;56;4;3;64
229_Z_SP;1390;0;1;56;4;3;64
229_Z_SP;1395;0;1;56;4;3;64
229_Z_SP;1400;0;1;56;4;3;64
229_Z_SP;1405;0;1;56;4;3;64
229_Z_SP;1410;0;1;56;4;3;64
229_Z_SP;1415;0;1;56;4;3;64
229_Z_SP;1420;0;1;56;4;3;64
229_Z_SP;1425;0;1;56;4;3;64
229_Z_SP;1430;0;1;56;4;3;64
229_Z_SP;1435;0;1;56;4;3;64
280_B_SP;0;0;0;49;2;3;54
280_B_SP;5;0;0;49;2;3;54
280_B_SP;10;0;0;49;2;3;54
280_B_SP;15;0;0;49;2;3;54
280_B_SP;20;0;0;49;2;3;54
280_B_SP;25;0;0;49;2;3;54
280_B_SP;30;0;0;49;2;3;54
280_B_SP;35;0;0;49;2;3;54
280_B_SP;40;0;0;49;2;3;54
280_B_SP;45;0;0;49;2;3;54
280_B_SP;50;0;0;49;2;3;54
280_B_SP;55;0;0;49;2;3;54
280_B_SP;60;0;0;23;2;3;28
280_B_SP;65;0;0;23;2;3;28
280_B_SP;70;0;0;23;2;3;28
280_B_SP;75;0;0;23;2;3;28
280_B_SP;80;0;0;23;2;3;28
280_B_SP;85;0;0;23;2;3;28
280_B_SP;90;0;0;23;2;3;28
280_B_SP;95;0;0;23;2;3;28
280_B_SP;100;0;0;23;2;3;28
280_B_SP;105;0;0;23;2;3;28
280_B_SP;110;0;0;23;2;3;28
280_B_SP;115;0;0;23;2;3;28
280_B_SP;120;0;0;19;1;3;23
280_B_SP;125;0;0;19;1;3;23
280_B_SP;130;0;0;19;1;3;23
280_B_SP;135;0;0;19;1;3;23
280_B_SP;140;0;0;19;1;3;23
280_B_SP;145;0;0;19;1;3;23
280_B_SP;150;0;0;19;1;3;23
280_B_SP;155;0;0;19;1;3;23
280_B_SP;160;0;0;19;1;3;23
280_B_SP;165;0;0;19;1;3;23
280_B_SP;170;0;0;19;1;3;23
280_B_SP;175;0;0;19;1;3;23
280_B_SP;180;0;0;22;2;3;27
280_B_SP;185;0;0;22;2;3;27
280_B_SP;190;0;0;22;2;3;27
280_B_SP;195;0;0;22;2;3;27
280_B_SP;200;0;0;22;2;3;27
280_B_SP;205;0;0;22;2;3;27
280_B_SP;210;0;0;22;2;3;27
280_B_SP;215;0;0;22;2;3;27
280_B_SP;220;0;0;22;2;3;27
280_B_SP;225;0;0;22;2;3;27
280_B_SP;230;0;0;22;2;3;27
280_B_SP;235;0;0;22;2;3;27
280_B_SP;240;0;1;58;4;5;68
280_B_SP;245;0;1;58;4;5;68
280_B_SP;250;0;1;58;4;5;68
280_B_SP;255;0;1;58;4;5;68
280_B_SP;260;0;1;58;4;5;68
280_B_SP;265;0;1;58;4;5;68
280_B_SP;270;0;1;58;4;5;68
280_B_SP;275;0;1;58;4;5;68
280_B_SP;280;0;1;58;4;5;68
280_B_SP;285;0;1;58;4;5;68
280_B_SP;290;0;1;58;4;5;68
280_B_SP;295;0;1;58;4;5;68
280_B_SP;300;1;1;99;8;23;132
280_B_SP;305;1;1;99;8;23;132
280_B_SP;310;1;1;99;8;23;132
280_B_SP;315;1;1;99;8;23;132
280_B_SP;320;1;1;99;8;23;132
280_B_SP;325;1;1;99;8;23;132
280_B_SP;330;1;1;99;8;23;132
280_B_SP;335;1;1;99;8;23;132
280_B_SP;340;1;1;99;8;23;132
280_B_SP;345;1;1;99;8;23;132
280_B_SP;350;1;1;99;8;23;132
280_B_SP;355;1;1;99;8;23;132
280_B_SP;360;1;1;189;11;38;240
280_B_SP;365;1;1;189;11;38;240
280_B_SP;370;1;1;189;11;38;240
280_B_SP;375;1;1;189;11;38;240
280_B_SP;380;1;1;189;11;38;240
280_B_SP;385;1;1;189;11;38;240
280_B_SP;390;1;1;189;11;38;240
280_B_SP;395;1;1;189;11;38;240
280_B_SP;400;1;1;189;11;38;240
280_B_SP;405;1;1;189;11;38;240
280_B_SP;410;1;1;189;11;38;240
280_B_SP;415;1;1;189;11;38;240
280_B_SP;420;1;1;212;10;23;247
280_B_SP;425;1;1;212;10;23;247
280_B_SP;430;1;1;212;10;23;247
280_B_SP;435;1;1;212;10;23;247
280_B_SP;440;1;1;212;10;23;247
280_B_SP;445;1;1;212;10;23;247
280_B_SP;450;1;1;212;10;23;247
280_B_SP;455;1;1;212;10;23;247
280_B_SP;460;1;1;212;10;23;247
280_B_SP;465;1;1;212;10;23;247
280_B_SP;470;1;1;212;10;23;247
280_B_SP;475;1;1;212;10;23;247
280_B_SP;480;1;1;169;10;27;208
280_B_SP;485;1;1;169;10;27;208
280_B_SP;490;1;1;169;10;27;208
280_B_SP;495;1;1;169;10;27;208
280_B_SP;500;1;1;169;10;27;208
280_B_SP;505;1;1;169;10;27;208
280_B_SP;510;1;1;169;10;27;208
280_B_SP;515;1;1;169;10;27;208
280_B_SP;520;1;1;169;10;27;208
280_B_SP;525;1;1;169;10;27;208
280_B_SP;530;1;1;169;10;27;208
280_B_SP;535;1;1;169;10;27;208
280_B_SP;540;1;1;141;11;30;184
280_B_SP;545;1;1;141;11;30;184
280_B_SP;550;1;1;141;11;30;184
280_B_SP;555;1;1;141;11;30;184
280_B_SP;560;1;1;141;11;30;184
280_B_SP;565;1;1;141;11;30;184
280_B_SP;570;1;1;141;11;30;184
280_B_SP;575;1;1;141;11;30;184
280_B_SP;580;1;1;141;11;30;184
280_B_SP;585;1;1;141;11;30;184
280_B_SP;590;1;1;141;11;30;184
280_B_SP;595;1;1;141;11;30;184
280_B_SP;600;1;1;137;12;31;182
280_B_SP;605;1;1;137;12;31;182
280_B_SP;610;1;1;137;12;31;182
280_B_SP;615;1;1;137;12;31;182
280_B_SP;620;1;1;137;12;31;182
280_B_SP;625;1;1;137;12;31;182
280_B_SP;630;1;1;137;12;31;182
280_B_SP;635;1;1;137;12;31;182
280_B_SP;640;1;1;137;12;31;182
280_B_SP;645;1;1;137;12;31;182
280_B_SP;650;1;1;137;12;31;182
280_B_SP;655;1;1;137;12;31;182
280_B_SP;660;1;1;145;12;33;192
280_B_SP;665;1;1;145;12;33;192
280_B_SP;670;1;1;145;12;33;192
280_B_SP;675;1;1;145;12;33;192
280_B_SP;680;1;1;145;12;33;192
280_B_SP;685;1;1;145;12;33;192
280_B_SP;690;1;1;145;12;33;192
280_B_SP;695;1;1;145;12;33;192
280_B_SP;700;1;1;145;12;33;192
280_B_SP;705;1;1;145;12;33;192
280_B_SP;710;1;1;145;12;33;192
280_B_SP;715;1;1;145;12;33;192
280_B_SP;720;1;1;166;10;31;209
280_B_SP;725;1;1;166;10;31;209
280_B_SP;730;1;1;166;10;31;209
280_B_SP;735;1;1;166;10;31;209
280_B_SP;740;1;1;166;10;31;209
280_B_SP;745;1;1;166;10;31;209
280_B_SP;750;1;1;166;10;31;209
280_B_SP;755;1;1;166;10;31;209
280_B_SP;760;1;1;166;10;31;209
280_B_SP;765;1;1;166;10;31;209
280_B_SP;770;1;1;166;10;31;209
280_B_SP;775;1;1;166;10;31;209
280_B_SP;780;1;1;174;10;28;214
280_B_SP;785;1;1;174;10;28;214
280_B_SP;790;1;1;174;10;28;214
280_B_SP;795;1;1;174;10;28;214
280_B_SP;800;1;1;174;10;28;214
280_B_SP;805;1;1;174;10;28;214
280_B_SP;810;1;1;174;10;28;214
280_B_SP;815;1;1;174;10;28;214
280_B_SP;820;1;1;174;10;28;214
280_B_SP;825;1;1;174;10;28;214
280_B_SP;830;1;1;174;10;28;214
280_B_SP;835;1;1;174;10;28;214
280_B_SP;840;1;1;176;10;31;219
280_B_SP;845;1;1;176;10;31;219
280_B_SP;850;1;1;176;10;31;219
280_B_SP;855;1;1;176;10;31;219
280_B_SP;860;1;1;176;10;31;219
280_B_SP;865;1;1;176;10;31;219
280_B_SP;870;1;1;176;10;31;219
280_B_SP;875;1;1;176;10;31;219
280_B_SP;880;1;1;176;10;31;219
280_B_SP;885;1;1;176;10;31;219
280_B_SP;890;1;1;176;10;31;219
280_B_SP;895;1;1;176;10;31;219
280_B_SP;900;1;1;185;10;26;223
280_B_SP;905;1;1;185;10;26;223
280_B_SP;910;1;1;185;10;26;223
280_B_SP;915;1;1;185;10;26;223
280_B_SP;920;1;1;185;10;26;223
280_B_SP;925;1;1;185;10;26;223
280_B_SP;930;1;1;185;10;26;223
280_B_SP;935;1;1;185;10;26;223
280_B_SP;940;1;1;185;10;26;223
280_B_SP;945;1;1;185;10;26;223
280_B_SP;950;1;1;185;10;26;223
280_B_SP;955;1;1;185;10;26;223
280_B_SP;960;1;1;209;10;22;243
280_B_SP;965;1;1;209;10;22;243
280_B_SP;970;1;1;209;10;22;243
280_B_SP;975;1;1;209;10;22;243
280_B_SP;980;1;1;209;10;22;243
280_B_SP;985;1;1;209;10;22;243
280_B_SP;990;1;1;209;10;22;243
280_B_SP;995;1;1;209;10;22;243
280_B_SP;1000;1;1;209;10;22;243
280_B_SP;1005;1;1;209;10;22;243
280_B_SP;1010;1;1;209;10;22;243
280_B_SP;1015;1;1;209;10;22;243
280_B_SP;1020;1;1;223;8;16;249
280_B_SP;1025;1;1;223;8;16;249
280_B_SP;1030;1;1;223;8;16;249
280_B_SP;1035;1;1;223;8;16;249
280_B_SP;1040;1;1;223;8;16;249
280_B_SP;1045;1;1;223;8;16;249
280_B_SP;1050;1;1;223;8;16;249
280_B_SP;1055;1;1;223;8;16;249
280_B_SP;1060;1;1;223;8;16;249
280_B_SP;1065;1;1;223;8;16;249
280_B_SP;1070;1;1;223;8;16;249
280_B_SP;1075;1;1;223;8;16;249
280_B_SP;1080;1;1;216;5;16;239
280_B_SP;1085;1;1;216;5;16;239
280_B_SP;1090;1;1;216;5;16;239
280_B_SP;1095;1;1;216;5;16;239
280_B_SP;1100;1;1;216;5;16;239
280_B_SP;1105;1;1;216;5;16;239
280_B_SP;1110;1;1;216;5;16;239
280_B_SP;1115;1;1;216;5;16;239
280_B_SP;1120;1;1;216;5;16;239
280_B_SP;1125;1;1;216;5;16;239
280_B_SP;1130;1;1;216;5;16;239
280_B_SP;1135;1;1;216;5;16;239
280_B_SP;1140;1;1;172;5;15;194
280_B_SP;1145;1;1;172;5;15;194
280_B_SP;1150;1;1;172;5;15;194
280_B_SP;1155;1;1;172;5;15;194
280_B_SP;1160;1;1;172;5;15;194
280_B_SP;1165;1;1;172;5;15;194
280_B_SP;1170;1;1;172;5;15;194
280_B_SP;1175;1;1;172;5;15;194
280_B_SP;1180;1;1;172;5;15;194
280_B_SP;1185;1;1;172;5;15;194
280_B_SP;1190;1;1;172;5;15;194
280_B_SP;1195;1;1;172;5;15;194
280_B_SP;1200;1;1;170;6;10;188
280_B_SP;1205;1;1;170;6;10;188
280_B_SP;1210;1;1;170;6;10;188
280_B_SP;1215;1;1;170;6;10;188
280_B_SP;1220;1;1;170;6;10;188
280_B_SP;1225;1;1;170;6;10;188
280_B_SP;1230;1;1;170;6;10;188
280_B_SP;1235;1;1;170;6;10;188
280_B_SP;1240;1;1;170;6;10;188
280_B_SP;1245;1;1;170;6;10;188
280_B_SP;1250;1;1;170;6;10;188
280_B_SP;1255;1;1;170;6;10;188
280_B_SP;1260;0;1;142;5;8;156
280_B_SP;1265;0;1;142;5;8;156
280_B_SP;1270;0;1;142;5;8;156
280_B_SP;1275;0;1;142;5;8;156
280_B_SP;1280;0;1;142;5;8;156
280_B_SP;1285;0;1;142;5;8;156
280_B_SP;1290;0;1;142;5;8;156
280_B_SP;1295;0;1;142;5;8;156
280_B_SP;1300;0;1;142;5;8;156
280_B_SP;1305;0;1;142;5;8;156
280_B_SP;1310;0;1;142;5;8;156
280_B_SP;1315;0;1;142;5;8;156
280_B_SP;1320;0;1;143;4;5;153
280_B_SP;1325;0;1;143;4;5;153
280_B_SP;1330;0;1;143;4;5;153
280_B_SP;1335;0;1;143;4;5;153
280_B_SP;1340;0;1;143;4;5;153
280_B_SP;1345;0;1;143;4;5;153
280_B_SP;1350;0;1;143;4;5;153
280_B_SP;1355;0;1;143;4;5;153
280_B_SP;1360;0;1;143;4;5;153
280_B_SP;1365;0;1;143;4;5;153
280_B_SP;1370;0;1;143;4;5;153
280_B_SP;1375;0;1;143;4;5;153
280_B_SP;1380;0;0;108;3;4;115
280_B_SP;1385;0;0;108;3;4;115
280_B_SP;1390;0;0;108;3;4;115
280_B_SP;1395;0;0;108;3;4;115
280_B_SP;1400;0;0;108;3;4;115
280_B_SP;1405;0;0;108;3;4;115
280_B_SP;1410;0;0;108;3;4;115
280_B_SP;1415;0;0;108;3;4;115
280_B_SP;1420;0;0;108;3;4;115
280_B_SP;1425;0;0;108;3;4;115
280_B_SP;1430;0;0;108;3;4;115
280_B_SP;1435;0;0;108;3;4;115
280_Z_SP;0;0;0;23;2;3;28
280_Z_SP;5;0;0;23;2;3;28
280_Z_SP;10;0;0;23;2;3;28
280_Z_SP;15;0;0;23;2;3;28
280_Z_SP;20;0;0;23;2;3;28
280_Z_SP;25;0;0;23;2;3;28
280_Z_SP;30;0;0;23;2;3;28
280_Z_SP;35;0;0;23;2;3;28
280_Z_SP;40;0;0;23;2;3;28
280_Z_SP;45;0;0;23;2;3;28
280_Z_SP;50;0;0;23;2;3;28
280_Z_SP;55;0;0;23;2;3;28
280_Z_SP;60;0;0;12;2;2;16
280_Z_SP;65;0;0;12;2;2;16
280_Z_SP;70;0;0;12;2;2;16
280_Z_SP;75;0;0;12;2;2;16
280_Z_SP;80;0;0;12;2;2;16
280_Z_SP;85;0;0;12;2;2;16
280_Z_SP;90;0;0;12;2;2;16
280_Z_SP;95;0;0;12;2;2;16
280_Z_SP;100;0;0;12;2;2;16
280_Z_SP;105;0;0;12;2;2;16
280_Z_SP;110;0;0;12;2;2;16
280_Z_SP;115;0;0;12;2;2;16
280_Z_SP;120;0;0;8;1;4;13
280_Z_SP;125;0;0;8;1;4;13
280_Z_SP;130;0;0;8;1;4;13
280_Z_SP;135;0;0;8;1;4;13
280_Z_SP;140;0;0;8;1;4;13
280_Z_SP;145;0;0;8;1;4;13
280_Z_SP;150;0;0;8;1;4;13
280_Z_SP;155;0;0;8;1;4;13
280_Z_SP;160;0;0;8;1;4;13
280_Z_SP;165;0;0;8;1;4;13
280_Z_SP;170;0;0;8;1;4;13
280_Z_SP;175;0;0;8;1;4;13
280_Z_SP;180;0;0;14;3;3;20
280_Z_SP;185;0;0;14;3;3;20
280_Z_SP;190;0;0;14;3;3;20
280_Z_SP;195;0;0;14;3;3;20
280_Z_SP;200;0;0;14;3;3;20
280_Z_SP;205;0;0;14;3;3;20
280_Z_SP;210;0;0;14;3;3;20
280_Z_SP;215;0;0;14;3;3;20
280_Z_SP;220;0;0;14;3;3;20
280_Z_SP;225;0;0;14;3;3;20
280_Z_SP;230;0;0;14;3;3;20
280_Z_SP;235;0;0;14;3;3;20
280_Z_SP;240;0;0;39;3;25;67
280_Z_SP;245;0;0;39;3;25;67
280_Z_SP;250;0;0;39;3;25;67
280_Z_SP;255;0;0;39;3;25;67
280_Z_SP;260;0;0;39;3;25;67
280_Z_SP;265;0;0;39;3;25;67
280_Z_SP;270;0;0;39;3;25;67
280_Z_SP;275;0;0;39;3;25;67
280_Z_SP;280;0;0;39;3;25;67
280_Z_SP;285;0;0;39;3;25;67
280_Z_SP;290;0;0;39;3;25;67
280_Z_SP;295;0;0;39;3;25;67
280_Z_SP;300;0;1;151;12;80;244
280_Z_SP;305;0;1;151;12;80;244
280_Z_SP;310;0;1;151;12;80;244
280_Z_SP;315;0;1;151;12;80;244
280_Z_SP;320;0;1;151;12;80;244
280_Z_SP;325;0;1;151;12;80;244
280_Z_SP;330;0;1;151;12;80;244
280_Z_SP;335;0;1;151;12;80;244
280_Z_SP;340;0;1;151;12;80;244
280_Z_SP;345;0;1;151;12;80;244
280_Z_SP;350;0;1;151;12;80;244
280_Z_SP;355;0;1;151;12;80;244
280_Z_SP;360;0;1;291;18;34;344
280_Z_SP;365;0;1;291;18;34;344
280_Z_SP;370;0;1;291;18;34;344
280_Z_SP;375;0;1;291;18;34;344
280_Z_SP;380;0;1;291;18;34;344
280_Z_SP;385;0;1;291;18;34;344
280_Z_SP;390;0;1;291;18;34;344
280_Z_SP;395;0;1;291;18;34;344
280_Z_SP;400;0;1;291;18;34;344
280_Z_SP;405;0;1;291;18;34;344
280_Z_SP;410;0;1;291;18;34;344
280_Z_SP;415;0;1;291;18;34;344
280_Z_SP;420;0;1;270;16;22;309
280_Z_SP;425;0;1;270;16;22;309
280_Z_SP;430;0;1;270;16;22;309
280_Z_SP;435;0;1;270;16;22;309
280_Z_SP;440;0;1;270;16;22;309
280_Z_SP;445;0;1;270;16;22;309
280_Z_SP;450;0;1;270;16;22;309
280_Z_SP;455;0;1;270;16;22;309
280_Z_SP;460;0;1;270;16;22;309
280_Z_SP;465;0;1;270;16;22;309
280_Z_SP;470;0;1;270;16;22;309
280_Z_SP;475;0;1;270;16;22;309
280_Z_SP;480;0;1;236;16;27;280
280_Z_SP;485;0;1;236;16;27;280
280_Z_SP;490;0;1;236;16;27;280
280_Z_SP;495;0;1;236;16;27;280
280_Z_SP;500;0;1;236;16;27;280
280_Z_SP;505;0;1;236;16;27;280
280_Z_SP;510;0;1;236;16;27;280
280_Z_SP;515;0;1;236;16;27;280
280_Z_SP;520;0;1;236;16;27;280
280_Z_SP;525;0;1;236;16;27;280
280_Z_SP;530;0;1;236;16;27;280
280_Z_SP;535;0;1;236;16;27;280
280_Z_SP;540;0;1;213;16;28;258
280_Z_SP;545;0;1;213;16;28;258
280_Z_SP;550;0;1;213;16;28;258
280_Z_SP;555;0;1;213;16;28;258
280_Z_SP;560;0;1;213;16;28;258
280_Z_SP;565;0;1;213;16;28;258
280_Z_SP;570;0;1;213;16;28;258
280_Z_SP;575;0;1;213;16;28;258
280_Z_SP;580;0;1;213;16;28;258
280_Z_SP;585;0;1;213;16;28;258
280_Z_SP;590;0;1;213;16;28;258
280_Z_SP;595;0;1;213;16;28;258
280_Z_SP;600;0;1;209;16;29;255
280_Z_SP;605;0;1;209;16;29;255
280_Z_SP;610;0;1;209;16;29;255
280_Z_SP;615;0;1;209;16;29;255
280_Z_SP;620;0;1;209;16;29;255
280_Z_SP;625;0;1;209;16;29;255
280_Z_SP;630;0;1;209;16;29;255
280_Z_SP;635;0;1;209;16;29;255
280_Z_SP;640;0;1;209;16;29;255
280_Z_SP;645;0;1;209;16;29;255
280_Z_SP;650;0;1;209;16;29;255
280_Z_SP;655;0;1;209;16;29;255
280_Z_SP;660;0;1;217;16;27;261
280_Z_SP;665;0;1;217;16;27;261
280_Z_SP;670;0;1;217;16;27;261
280_Z_SP;675;0;1;217;16;27;261
280_Z_SP;680;0;1;217;16;27;261
280_Z_SP;685;0;1;217;16;27;261
280_Z_SP;690;0;1;217;16;27;261
280_Z_SP;695;0;1;217;16;27;261
280_Z_SP;700;0;1;217;16;27;261
280_Z_SP;705;0;1;217;16;27;261
280_Z_SP;710;0;1;217;16;27;261
280_Z_SP;715;0;1;217;16;27;261
280_Z_SP;720;0;1;232;16;23;272
280_Z_SP;725;0;1;232;16;23;272
280_Z_SP;730;0;1;232;16;23;272
280_Z_SP;735;0;1;232;16;23;272
280_Z_SP;740;0;1;232;16;23;272
280_Z_SP;745;0;1;232;16;23;272
280_Z_SP;750;0;1;232;16;23;272
280_Z_SP;755;0;1;232;16;23;272
280_Z_SP;760;0;1;232;16;23;272
280_Z_SP;765;0;1;232;16;23;272
280_Z_SP;770;0;1;232;16;23;272
280_Z_SP;775;0;1;232;16;23;272
280_Z_SP;780;0;1;240;18;32;291
280_Z_SP;785;0;1;240;18;32;291
280_Z_SP;790;0;1;240;18;32;291
280_Z_SP;795;0;1;240;18;32;291
280_Z_SP;800;0;1;240;18;32;291
280_Z_SP;805;0;1;240;18;32;291
280_Z_SP;810;0;1;240;18;32;291
280_Z_SP;815;0;1;240;18;32;291
280_Z_SP;820;0;1;240;18;32;291
280_Z_SP;825;0;1;240;18;32;291
280_Z_SP;830;0;1;240;18;32;291
280_Z_SP;835;0;1;240;18;32;291
280_Z_SP;840;0;1;250;18;29;298
280_Z_SP;845;0;1;250;18;29;298
280_Z_SP;850;0;1;250;18;29;298
280_Z_SP;855;0;1;250;18;29;298
280_Z_SP;860;0;1;250;18;29;298
280_Z_SP;865;0;1;250;18;29;298
280_Z_SP;870;0;1;250;18;29;298
280_Z_SP;875;0;1;250;18;29;298
280_Z_SP;880;0;1;250;18;29;298
280_Z_SP;885;0;1;250;18;29;298
280_Z_SP;890;0;1;250;18;29;298
280_Z_SP;895;0;1;250;18;29;298
280_Z_SP;900;0;1;280;15;26;322
280_Z_SP;905;0;1;280;15;26;322
280_Z_SP;910;0;1;280;15;26;322
280_Z_SP;915;0;1;280;15;26;322
280_Z_SP;920;0;1;280;15;26;322
280_Z_SP;925;0;1;280;15;26;322
280_Z_SP;930;0;1;280;15;26;322
280_Z_SP;935;0;1;280;15;26;322
280_Z_SP;940;0;1;280;15;26;322
280_Z_SP;945;0;1;280;15;26;322
280_Z_SP;950;0;1;280;15;26;322
280_Z_SP;955;0;1;280;15;26;322
280_Z_SP;960;0;1;345;13;15;374
280_Z_SP;965;0;1;345;13;15;374
280_Z_SP;970;0;1;345;13;15;374
280_Z_SP;975;0;1;345;13;15;374
280_Z_SP;980;0;1;345;13;15;374
280_Z_SP;985;0;1;345;13;15;374
280_Z_SP;990;0;1;345;13;15;374
280_Z_SP;995;0;1;345;13;15;374
280_Z_SP;1000;0;1;345;13;15;374
280_Z_SP;1005;0;1;345;13;15;374
280_Z_SP;1010;0;1;345;13;15;374
280_Z_SP;1015;0;1;345;13;15;374
280_Z_SP;1020;0;1;357;9;10;377
280_Z_SP;1025;0;1;357;9;10;377
280_Z_SP;1030;0;1;357;9;10;377
280_Z_SP;1035;0;1;357;9;10;377
280_Z_SP;1040;0;1;357;9;10;377
280_Z_SP;1045;0;1;357;9;10;377
280_Z_SP;1050;0;1;357;9;10;377
280_Z_SP;1055;0;1;357;9;10;377
280_Z_SP;1060;0;1;357;9;10;377
280_Z_SP;1065;0;1;357;9;10;377
280_Z_SP;1070;0;1;357;9;10;377
280_Z_SP;1075;0;1;357;9;10;377
280_Z_SP;1080;0;1;254;8;8;271
280_Z_SP;1085;0;1;254;8;8;271
280_Z_SP;1090;0;1;254;8;8;271
280_Z_SP;1095;0;1;254;8;8;271
280_Z_SP;1100;0;1;254;8;8;271
280_Z_SP;1105;0;1;254;8;8;271
280_Z_SP;1110;0;1;254;8;8;271
280_Z_SP;1115;0;1;254;8;8;271
280_Z_SP;1120;0;1;254;8;8;271
280_Z_SP;1125;0;1;254;8;8;271
280_Z_SP;1130;0;1;254;8;8;271
280_Z_SP;1135;0;1;254;8;8;271
280_Z_SP;1140;0;1;172;6;7;186
280_Z_SP;1145;0;1;172;6;7;186
280_Z_SP;1150;0;1;172;6;7;186
280_Z_SP;1155;0;1;172;6;7;186
280_Z_SP;1160;0;1;172;6;7;186
280_Z_SP;1165;0;1;172;6;7;186
280_Z_SP;1170;0;1;172;6;7;186
280_Z_SP;1175;0;1;172;6;7;186
280_Z_SP;1180;0;1;172;6;7;186
280_Z_SP;1185;0;1;172;6;7;186
280_Z_SP;1190;0;1;172;6;7;186
280_Z_SP;1195;0;1;172;6;7;186
280_Z_SP;1200;0;1;127;5;5;138
280_Z_SP;1205;0;1;127;5;5;138
280_Z_SP;1210;0;1;127;5;5;138
280_Z_SP;1215;0;1;127;5;5;138
280_Z_SP;1220;0;1;127;5;5;138
280_Z_SP;1225;0;1;127;5;5;138
280_Z_SP;1230;0;1;127;5;5;138
280_Z_SP;1235;0;1;127;5;5;138
280_Z_SP;1240;0;1;127;5;5;138
280_Z_SP;1245;0;1;127;5;5;138
280_Z_SP;1250;0;1;127;5;5;138
280_Z_SP;1255;0;1;127;5;5;138
280_Z_SP;1260;0;1;107;4;3;115
280_Z_SP;1265;0;1;107;4;3;115
280_Z_SP;1270;0;1;107;4;3;115
280_Z_SP;1275;0;1;107;4;3;115
280_Z_SP;1280;0;1;107;4;3;115
280_Z_SP;1285;0;1;107;4;3;115
280_Z_SP;1290;0;1;107;4;3;115
280_Z_SP;1295;0;1;107;4;3;115
280_Z_SP;1300;0;1;107;4;3;115
280_Z_SP;1305;0;1;107;4;3;115
280_Z_SP;1310;0;1;107;4;3;115
280_Z_SP;1315;0;1;107;4;3;115
280_Z_SP;1320;0;1;94;3;4;102
280_Z_SP;1325;0;1;94;3;4;102
280_Z_SP;1330;0;1;94;3;4;102
280_Z_SP;1335;0;1;94;3;4;102
280_Z_SP;1340;0;1;94;3;4;102
280_Z_SP;1345;0;1;94;3;4;102
280_Z_SP;1350;0;1;94;3;4;102
280_Z_SP;1355;0;1;94;3;4;102
280_Z_SP;1360;0;1;94;3;4;102
280_Z_SP;1365;0;1;94;3;4;102
280_Z_SP;1370;0;1;94;3;4;102
280_Z_SP;1375;0;1;94;3;4;102
280_Z_SP;1380;0;0;57;6;4;67
280_Z_SP;1385;0;0;57;6;4;67
280_Z_SP;1390;0;0;57;6;4;67
280_Z_SP;1395;0;0;57;6;4;67
280_Z_SP;1400;0;0;57;6;4;67
280_Z_SP;1405;0;0;57;6;4;67
280_Z_SP;1410;0;0;57;6;4;67
280_Z_SP;1415;0;0;57;6;4;67
280_Z_SP;1420;0;0;57;6;4;67
280_Z_SP;1425;0;0;57;6;4;67
280_Z_SP;1430;0;0;57;6;4;67
280_Z_SP;1435;0;0;57;6;4;67
298_B_SP;0;0;0;38;2;3;43
298_B_SP;5;0;0;38;2;3;43
298_B_SP;10;0;0;38;2;3;43
298_B_SP;15;0;0;38;2;3;43
298_B_SP;20;0;0;38;2;3;43
298_B_SP;25;0;0;38;2;3;43
298_B_SP;30;0;0;38;2;3;43
298_B_SP;35;0;0;38;2;3;43
298_B_SP;40;0;0;38;2;3;43
298_B_SP;45;0;0;38;2;3;43
298_B_SP;50;0;0;38;2;3;43
298_B_SP;55;0;0;38;2;3;43
298_B_SP;60;0;0;17;1;3;21
298_B_SP;65;0;0;17;1;3;21
298_B_SP;70;0;0;17;1;3;21
298_B_SP;75;0;0;17;1;3;21
298_B_SP;80;0;0;17;1;3;21
298_B_SP;85;0;0;17;1;3;21
298_B_SP;90;0;0;17;1;3;21
298_B_SP;95;0;0;17;1;3;21
298_B_SP;100;0;0;17;1;3;21
298_B_SP;105;0;0;17;1;3;21
298_B_SP;110;0;0;17;1;3;21
298_B_SP;115;0;0;17;1;3;21
298_B_SP;120;0;0;12;1;3;16
298_B_SP;125;0;0;12;1;3;16
298_B_SP;130;0;0;12;1;3;16
298_B_SP;135;0;0;12;1;3;16
298_B_SP;140;0;0;12;1;3;16
298_B_SP;145;0;0;12;1;3;16
298_B_SP;150;0;0;12;1;3;16
298_B_SP;155;0;0;12;1;3;16
298_B_SP;160;0;0;12;1;3;16
298_B_SP;165;0;0;12;1;3;16
298_B_SP;170;0;0;12;1;3;16
298_B_SP;175;0;0;12;1;3;16
298_B_SP;180;0;0;15;2;3;20
298_B_SP;185;0;0;15;2;3;20
298_B_SP;190;0;0;15;2;3;20
298_B_SP;195;0;0;15;2;3;20
298_B_SP;200;0;0;15;2;3;20
298_B_SP;205;0;0;15;2;3;20
298_B_SP;210;0;0;15;2;3;20
298_B_SP;215;0;0;15;2;3;20
298_B_SP;220;0;0;15;2;3;20
298_B_SP;225;0;0;15;2;3;20
298_B_SP;230;0;0;15;2;3;20
298_B_SP;235;0;0;15;2;3;20
298_B_SP;240;0;0;38;3;4;45
298_B_SP;245;0;0;38;3;4;45
298_B_SP;250;0;0;38;3;4;45
298_B_SP;255;0;0;38;3;4;45
298_B_SP;260;0;0;38;3;4;45
298_B_SP;265;0;0;38;3;4;45
298_B_SP;270;0;0;38;3;4;45
298_B_SP;275;0;0;38;3;4;45
298_B_SP;280;0;0;38;3;4;45
298_B_SP;285;0;0;38;3;4;45
298_B_SP;290;0;0;38;3;4;45
298_B_SP;295;0;0;38;3;4;45
298_B_SP;300;0;1;105;9;23;138
298_B_SP;305;0;1;105;9;23;138
298_B_SP;310;0;1;105;9;23;138
298_B_SP;315;0;1;105;9;23;138
298_B_SP;320;0;1;105;9;23;138
298_B_SP;325;0;1;105;9;23;138
298_B_SP;330;0;1;105;9;23;138
298_B_SP;335;0;1;105;9;23;138
298_B_SP;340;0;1;105;9;23;138
298_B_SP;345;0;1;105;9;23;138
298_B_SP;350;0;1;105;9;23;138
298_B_SP;355;0;1;105;9;23;138
298_B_SP;360;0;1;252;18;36;307
298_B_SP;365;0;1;252;18;36;307
298_B_SP;370;0;1;252;18;36;307
298_B_SP;375;0;1;252;18;36;307
298_B_SP;380;0;1;252;18;36;307
298_B_SP;385;0;1;252;18;36;307
298_B_SP;390;0;1;252;18;36;307
298_B_SP;395;0;1;252;18;36;307
298_B_SP;400;0;1;252;18;36;307
298_B_SP;405;0;1;252;18;36;307
298_B_SP;410;0;1;252;18;36;307
298_B_SP;415;0;1;252;18;36;307
298_B_SP;420;0;1;254;15;23;293
298_B_SP;425;0;1;254;15;23;293
298_B_SP;430;0;1;254;15;23;293
298_B_SP;435;0;1;254;15;23;293
298_B_SP;440;0;1;254;15;23;293
298_B_SP;445;0;1;254;15;23;293
298_B_SP;450;0;1;254;15;23;293
298_B_SP;455;0;1;254;15;23;293
298_B_SP;460;0;1;254;15;23;293
298_B_SP;465;0;1;254;15;23;293
298_B_SP;470;0;1;254;15;23;293
298_B_SP;475;0;1;254;15;23;293
298_B_SP;480;0;1;207;14;26;248
298_B_SP;485;0;1;207;14;26;248
298_B_SP;490;0;1;207;14;26;248
298_B_SP;495;0;1;207;14;26;248
298_B_SP;500;0;1;207;14;26;248
298_B_SP;505;0;1;207;14;26;248
298_B_SP;510;0;1;207;14;26;248
298_B_SP;515;0;1;207;14;26;248
298_B_SP;520;0;1;207;14;26;248
298_B_SP;525;0;1;207;14;26;248
298_B_SP;530;0;1;207;14;26;248
298_B_SP;535;0;1;207;14;26;248
298_B_SP;540;0;1;184;15;33;233
298_B_SP;545;0;1;184;15;33;233
298_B_SP;550;0;1;184;15;33;233
298_B_SP;555;0;1;184;15;33;233
298_B_SP;560;0;1;184;15;33;233
298_B_SP;565;0;1;184;15;33;233
298_B_SP;570;0;1;184;15;33;233
298_B_SP;575;0;1;184;15;33;233
298_B_SP;580;0;1;184;15;33;233
298_B_SP;585;0;1;184;15;33;233
298_B_SP;590;0;1;184;15;33;233
298_B_SP;595;0;1;184;15;33;233
298_B_SP;600;0;1;184;16;33;234
298_B_SP;605;0;1;184;16;33;234
298_B_SP;610;0;1;184;16;33;234
298_B_SP;615;0;1;184;16;33;234
298_B_SP;620;0;1;184;16;33;234
298_B_SP;625;0;1;184;16;33;234
298_B_SP;630;0;1;184;16;33;234
298_B_SP;635;0;1;184;16;33;234
298_B_SP;640;0;1;184;16;33;234
298_B_SP;645;0;1;184;16;33;234
298_B_SP;650;0;1;184;16;33;234
298_B_SP;655;0;1;184;16;33;234
298_B_SP;660;0;1;193;16;31;241
298_B_SP;665;0;1;193;16;31;241
298_B_SP;670;0;1;193;16;31;241
298_B_SP;675;0;1;193;16;31;241
298_B_SP;680;0;1;193;16;31;241
298_B_SP;685;0;1;193;16;31;241
298_B_SP;690;0;1;193;16;31;241
298_B_SP;695;0;1;193;16;31;241
298_B_SP;700;0;1;193;16;31;241
298_B_SP;705;0;1;193;16;31;241
298_B_SP;710;0;1;193;16;31;241
298_B_SP;715;0;1;193;16;31;241
298_B_SP;720;0;1;212;15;29;257
298_B_SP;725;0;1;212;15;29;257
298_B_SP;730;0;1;212;15;29;257
298_B_SP;735;0;1;212;15;29;257
298_B_SP;740;0;1;212;15;29;257
298_B_SP;745;0;1;212;15;29;257
298_B_SP;750;0;1;212;15;29;257
298_B_SP;755;0;1;212;15;29;257
298_B_SP;760;0;1;212;15;29;257
298_B_SP;765;0;1;212;15;29;257
298_B_SP;770;0;1;212;15;29;257
298_B_SP;775;0;1;212;15;29;257
298_B_SP;780;0;1;215;14;27;257
298_B_SP;785;0;1;215;14;27;257
298_B_SP;790;0;1;215;14;27;257
298_B_SP;795;0;1;215;14;27;257
298_B_SP;800;0;1;215;14;27;257
298_B_SP;805;0;1;215;14;27;257
298_B_SP;810;0;1;215;14;27;257
298_B_SP;815;0;1;215;14;27;257
298_B_SP;820;0;1;215;14;27;257
298_B_SP;825;0;1;215;14;27;257
298_B_SP;830;0;1;215;14;27;257
298_B_SP;835;0;1;215;14;27;257
298_B_SP;840;0;1;228;15;29;273
298_B_SP;845;0;1;228;15;29;273
298_B_SP;850;0;1;228;15;29;273
298_B_SP;855;0;1;228;15;29;273
298_B_SP;860;0;1;228;15;29;273
298_B_SP;865;0;1;228;15;29;273
298_B_SP;870;0;1;228;15;29;273
298_B_SP;875;0;1;228;15;29;273
298_B_SP;880;0;1;228;15;29;273
298_B_SP;885;0;1;228;15;29;273
298_B_SP;890;0;1;228;15;29;273
298_B_SP;895;0;1;228;15;29;273
298_B_SP;900;0;1;263;15;26;305
298_B_SP;905;0;1;263;15;26;305
298_B_SP;910;0;1;263;15;26;305
298_B_SP;915;0;1;263;15;26;305
298_B_SP;920;0;1;263;15;26;305
298_B_SP;925;0;1;263;15;26;305
298_B_SP;930;0;1;263;15;26;305
298_B_SP;935;0;1;263;15;26;305
298_B_SP;940;0;1;263;15;26;305
298_B_SP;945;0;1;263;15;26;305
298_B_SP;950;0;1;263;15;26;305
298_B_SP;955;0;1;263;15;26;305
298_B_SP;960;0;1;298;16;21;336
298_B_SP;965;0;1;298;16;21;336
298_B_SP;970;0;1;298;16;21;336
298_B_SP;975;0;1;298;16;21;336
298_B_SP;980;0;1;298;16;21;336
298_B_SP;985;0;1;298;16;21;336
298_B_SP;990;0;1;298;16;21;336
298_B_SP;995;0;1;298;16;21;336
298_B_SP;1000;0;1;298;16;21;336
298_B_SP;1005;0;1;298;16;21;336
298_B_SP;1010;0;1;298;16;21;336
298_B_SP;1015;0;1;298;16;21;336
298_B_SP;1020;0;1;297;13;16;327
298_B_SP;1025;0;1;297;13;16;327
298_B_SP;1030;0;1;297;13;16;327
298_B_SP;1035;0;1;297;13;16;327
298_B_SP;1040;0;1;297;13;16;327
298_B_SP;1045;0;1;297;13;16;327
298_B_SP;1050;0;1;297;13;16;327
298_B_SP;1055;0;1;297;13;16;327
298_B_SP;1060;0;1;297;13;16;327
298_B_SP;1065;0;1;297;13;16;327
298_B_SP;1070;0;1;297;13;16;327
298_B_SP;1075;0;1;297;13;16;327
298_B_SP;1080;0;1;279;10;15;305
298_B_SP;1085;0;1;279;10;15;305
298_B_SP;1090;0;1;279;10;15;305
298_B_SP;1095;0;1;279;10;15;305
298_B_SP;1100;0;1;279;10;15;305
298_B_SP;1105;0;1;279;10;15;305
298_B_SP;1110;0;1;279;10;15;305
298_B_SP;1115;0;1;279;10;15;305
298_B_SP;1120;0;1;279;10;15;305
298_B_SP;1125;0;1;279;10;15;305
298_B_SP;1130;0;1;279;10;15;305
298_B_SP;1135;0;1;279;10;15;305
298_B_SP;1140;0;1;212;8;12;233
298_B_SP;1145;0;1;212;8;12;233
298_B_SP;1150;0;1;212;8;12;233
298_B_SP;1155;0;1;212;8;12;233
298_B_SP;1160;0;1;212;8;12;233
298_B_SP;1165;0;1;212;8;12;233
298_B_SP;1170;0;1;212;8;12;233
298_B_SP;1175;0;1;212;8;12;233
298_B_SP;1180;0;1;212;8;12;233
298_B_SP;1185;0;1;212;8;12;233
298_B_SP;1190;0;1;212;8;12;233
298_B_SP;1195;0;1;212;8;12;233
298_B_SP;1200;0;1;162;8;10;181
298_B_SP;1205;0;1;162;8;10;181
298_B_SP;1210;0;1;162;8;10;181
298_B_SP;1215;0;1;162;8;10;181
298_B_SP;1220;0;1;162;8;10;181
298_B_SP;1225;0;1;162;8;10;181
298_B_SP;1230;0;1;162;8;10;181
298_B_SP;1235;0;1;162;8;10;181
298_B_SP;1240;0;1;162;8;10;181
298_B_SP;1245;0;1;162;8;10;181
298_B_SP;1250;0;1;162;8;10;181
298_B_SP;1255;0;1;162;8;10;181
298_B_SP;1260;0;1;126;5;7;139
298_B_SP;1265;0;1;126;5;7;139
298_B_SP;1270;0;1;126;5;7;139
298_B_SP;1275;0;1;126;5;7;139
298_B_SP;1280;0;1;126;5;7;139
298_B_SP;1285;0;1;126;5;7;139
298_B_SP;1290;0;1;126;5;7;139
298_B_SP;1295;0;1;126;5;7;139
298_B_SP;1300;0;1;126;5;7;139
298_B_SP;1305;0;1;126;5;7;139
298_B_SP;1310;0;1;126;5;7;139
298_B_SP;1315;0;1;126;5;7;139
298_B_SP;1320;0;1;117;4;5;127
298_B_SP;1325;0;1;117;4;5;127
298_B_SP;1330;0;1;117;4;5;127
298_B_SP;1335;0;1;117;4;5;127
298_B_SP;1340;0;1;117;4;5;127
298_B_SP;1345;0;1;117;4;5;127
298_B_SP;1350;0;1;117;4;5;127
298_B_SP;1355;0;1;117;4;5;127
298_B_SP;1360;0;1;117;4;5;127
298_B_SP;1365;0;1;117;4;5;127
298_B_SP;1370;0;1;117;4;5;127
298_B_SP;1375;0;1;117;4;5;127
298_B_SP;1380;0;0;92;3;4;99
298_B_SP;1385;0;0;92;3;4;99
298_B_SP;1390;0;0;92;3;4;99
298_B_SP;1395;0;0;92;3;4;99
298_B_SP;1400;0;0;92;3;4;99
298_B_SP;1405;0;0;92;3;4;99
298_B_SP;1410;0;0;92;3;4;99
298_B_SP;1415;0;0;92;3;4;99
298_B_SP;1420;0;0;92;3;4;99
298_B_SP;1425;0;0;92;3;4;99
298_B_SP;1430;0;0;92;3;4;99
298_B_SP;1435;0;0;92;3;4;99
298_Z_SP;0;0;0;24;2;4;30
298_Z_SP;5;0;0;24;2;4;30
298_Z_SP;10;0;0;24;2;4;30
298_Z_SP;15;0;0;24;2;4;30
298_Z_SP;20;0;0;24;2;4;30
298_Z_SP;25;0;0;24;2;4;30
298_Z_SP;30;0;0;24;2;4;30
298_Z_SP;35;0;0;24;2;4;30
298_Z_SP;40;0;0;24;2;4;30
298_Z_SP;45;0;0;24;2;4;30
298_Z_SP;50;0;0;24;2;4;30
298_Z_SP;55;0;0;24;2;4;30
298_Z_SP;60;0;0;13;2;4;19
298_Z_SP;65;0;0;13;2;4;19
298_Z_SP;70;0;0;13;2;4;19
298_Z_SP;75;0;0;13;2;4;19
298_Z_SP;80;0;0;13;2;4;19
298_Z_SP;85;0;0;13;2;4;19
298_Z_SP;90;0;0;13;2;4;19
298_Z_SP;95;0;0;13;2;4;19
298_Z_SP;100;0;0;13;2;4;19
298_Z_SP;105;0;0;13;2;4;19
298_Z_SP;110;0;0;13;2;4;19
298_Z_SP;115;0;0;13;2;4;19
298_Z_SP;120;0;0;9;2;3;14
298_Z_SP;125;0;0;9;2;3;14
298_Z_SP;130;0;0;9;2;3;14
298_Z_SP;135;0;0;9;2;3;14
298_Z_SP;140;0;0;9;2;3;14
298_Z_SP;145;0;0;9;2;3;14
298_Z_SP;150;0;0;9;2;3;14
298_Z_SP;155;0;0;9;2;3;14
298_Z_SP;160;0;0;9;2;3;14
298_Z_SP;165;0;0;9;2;3;14
298_Z_SP;170;0;0;9;2;3;14
298_Z_SP;175;0;0;9;2;3;14
298_Z_SP;180;0;0;15;3;4;22
298_Z_SP;185;0;0;15;3;4;22
298_Z_SP;190;0;0;15;3;4;22
298_Z_SP;195;0;0;15;3;4;22
298_Z_SP;200;0;0;15;3;4;22
298_Z_SP;205;0;0;15;3;4;22
298_Z_SP;210;0;0;15;3;4;22
298_Z_SP;215;0;0;15;3;4;22
298_Z_SP;220;0;0;15;3;4;22
298_Z_SP;225;0;0;15;3;4;22
298_Z_SP;230;0;0;15;3;4;22
298_Z_SP;235;0;0;15;3;4;22
298_Z_SP;240;0;0;41;3;10;54
298_Z_SP;245;0;0;41;3;10;54
298_Z_SP;250;0;0;41;3;10;54
298_Z_SP;255;0;0;41;3;10;54
298_Z_SP;260;0;0;41;3;10;54
298_Z_SP;265;0;0;41;3;10;54
298_Z_SP;270;0;0;41;3;10;54
298_Z_SP;275;0;0;41;3;10;54
298_Z_SP;280;0;0;41;3;10;54
298_Z_SP;285;0;0;41;3;10;54
298_Z_SP;290;0;0;41;3;10;54
298_Z_SP;295;0;0;41;3;10;54
298_Z_SP;300;0;1;170;12;37;220
298_Z_SP;305;0;1;170;12;37;220
298_Z_SP;310;0;1;170;12;37;220
298_Z_SP;315;0;1;170;12;37;220
298_Z_SP;320;0;1;170;12;37;220
298_Z_SP;325;0;1;170;12;37;220
298_Z_SP;330;0;1;170;12;37;220
298_Z_SP;335;0;1;170;12;37;220
298_Z_SP;340;0;1;170;12;37;220
298_Z_SP;345;0;1;170;12;37;220
298_Z_SP;350;0;1;170;12;37;220
298_Z_SP;355;0;1;170;12;37;220
298_Z_SP;360;0;1;282;19;33;335
298_Z_SP;365;0;1;282;19;33;335
298_Z_SP;370;0;1;282;19;33;335
298_Z_SP;375;0;1;282;19;33;335
298_Z_SP;380;0;1;282;19;33;335
298_Z_SP;385;0;1;282;19;33;335
298_Z_SP;390;0;1;282;19;33;335
298_Z_SP;395;0;1;282;19;33;335
298_Z_SP;400;0;1;282;19;33;335
298_Z_SP;405;0;1;282;19;33;335
298_Z_SP;410;0;1;282;19;33;335
298_Z_SP;415;0;1;282;19;33;335
298_Z_SP;420;0;1;266;18;25;310
298_Z_SP;425;0;1;266;18;25;310
298_Z_SP;430;0;1;266;18;25;310
298_Z_SP;435;0;1;266;18;25;310
298_Z_SP;440;0;1;266;18;25;310
298_Z_SP;445;0;1;266;18;25;310
298_Z_SP;450;0;1;266;18;25;310
298_Z_SP;455;0;1;266;18;25;310
298_Z_SP;460;0;1;266;18;25;310
298_Z_SP;465;0;1;266;18;25;310
298_Z_SP;470;0;1;266;18;25;310
298_Z_SP;475;0;1;266;18;25;310
298_Z_SP;480;0;1;242;16;28;287
298_Z_SP;485;0;1;242;16;28;287
298_Z_SP;490;0;1;242;16;28;287
298_Z_SP;495;0;1;242;16;28;287
298_Z_SP;500;0;1;242;16;28;287
298_Z_SP;505;0;1;242;16;28;287
298_Z_SP;510;0;1;242;16;28;287
298_Z_SP;515;0;1;242;16;28;287
298_Z_SP;520;0;1;242;16;28;287
298_Z_SP;525;0;1;242;16;28;287
298_Z_SP;530;0;1;242;16;28;287
298_Z_SP;535;0;1;242;16;28;287
298_Z_SP;540;0;1;211;15;32;259
298_Z_SP;545;0;1;211;15;32;259
298_Z_SP;550;0;1;211;15;32;259
298_Z_SP;555;0;1;211;15;32;259
298_Z_SP;560;0;1;211;15;32;259
298_Z_SP;565;0;1;211;15;32;259
298_Z_SP;570;0;1;211;15;32;259
298_Z_SP;575;0;1;211;15;32;259
298_Z_SP;580;0;1;211;15;32;259
298_Z_SP;585;0;1;211;15;32;259
298_Z_SP;590;0;1;211;15;32;259
298_Z_SP;595;0;1;211;15;32;259
298_Z_SP;600;0;1;201;15;33;250
298_Z_SP;605;0;1;201;15;33;250
298_Z_SP;610;0;1;201;15;33;250
298_Z_SP;615;0;1;201;15;33;250
298_Z_SP;620;0;1;201;15;33;250
298_Z_SP;625;0;1;201;15;33;250
298_Z_SP;630;0;1;201;15;33;250
298_Z_SP;635;0;1;201;15;33;250
298_Z_SP;640;0;1;201;15;33;250
298_Z_SP;645;0;1;201;15;33;250
298_Z_SP;650;0;1;201;15;33;250
298_Z_SP;655;0;1;201;15;33;250
298_Z_SP;660;0;1;204;15;29;249
298_Z_SP;665;0;1;204;15;29;249
298_Z_SP;670;0;1;204;15;29;249
298_Z_SP;675;0;1;204;15;29;249
298_Z_SP;680;0;1;204;15;29;249
298_Z_SP;685;0;1;204;15;29;249
298_Z_SP;690;0;1;204;15;29;249
298_Z_SP;695;0;1;204;15;29;249
298_Z_SP;700;0;1;204;15;29;249
298_Z_SP;705;0;1;204;15;29;249
298_Z_SP;710;0;1;204;15;29;249
298_Z_SP;715;0;1;204;15;29;249
298_Z_SP;720;0;1;217;15;27;260
298_Z_SP;725;0;1;217;15;27;260
298_Z_SP;730;0;1;217;15;27;260
298_Z_SP;735;0;1;217;15;27;260
298_Z_SP;740;0;1;217;15;27;260
298_Z_SP;745;0;1;217;15;27;260
298_Z_SP;750;0;1;217;15;27;260
298_Z_SP;755;0;1;217;15;27;260
298_Z_SP;760;0;1;217;15;27;260
298_Z_SP;765;0;1;217;15;27;260
298_Z_SP;770;0;1;217;15;27;260
298_Z_SP;775;0;1;217;15;27;260
298_Z_SP;780;0;1;226;17;30;274
298_Z_SP;785;0;1;226;17;30;274
298_Z_SP;790;0;1;226;17;30;274
298_Z_SP;795;0;1;226;17;30;274
298_Z_SP;800;0;1;226;17;30;274
298_Z_SP;805;0;1;226;17;30;274
298_Z_SP;810;0;1;226;17;30;274
298_Z_SP;815;0;1;226;17;30;274
298_Z_SP;820;0;1;226;17;30;274
298_Z_SP;825;0;1;226;17;30;274
298_Z_SP;830;0;1;226;17;30;274
298_Z_SP;835;0;1;226;17;30;274
298_Z_SP;840;0;1;235;17;31;284
298_Z_SP;845;0;1;235;17;31;284
298_Z_SP;850;0;1;235;17;31;284
298_Z_SP;855;0;1;235;17;31;284
298_Z_SP;860;0;1;235;17;31;284
298_Z_SP;865;0;1;235;17;31;284
298_Z_SP;870;0;1;235;17;31;284
298_Z_SP;875;0;1;235;17;31;284
298_Z_SP;880;0;1;235;17;31;284
298_Z_SP;885;0;1;235;17;31;284
298_Z_SP;890;0;1;235;17;31;284
298_Z_SP;895;0;1;235;17;31;284
298_Z_SP;900;0;1;263;15;26;305
298_Z_SP;905;0;1;263;15;26;305
298_Z_SP;910;0;1;263;15;26;305
298_Z_SP;915;0;1;263;15;26;305
298_Z_SP;920;0;1;263;15;26;305
298_Z_SP;925;0;1;263;15;26;305
298_Z_SP;930;0;1;263;15;26;305
298_Z_SP;935;0;1;263;15;26;305
298_Z_SP;940;0;1;263;15;26;305
298_Z_SP;945;0;1;263;15;26;305
298_Z_SP;950;0;1;263;15;26;305
298_Z_SP;955;0;1;263;15;26;305
298_Z_SP;960;0;1;316;14;18;349
298_Z_SP;965;0;1;316;14;18;349
298_Z_SP;970;0;1;316;14;18;349
298_Z_SP;975;0;1;316;14;18;349
298_Z_SP;980;0;1;316;14;18;349
298_Z_SP;985;0;1;316;14;18;349
298_Z_SP;990;0;1;316;14;18;349
298_Z_SP;995;0;1;316;14;18;349
298_Z_SP;1000;0;1;316;14;18;349
298_Z_SP;1005;0;1;316;14;18;349
298_Z_SP;1010;0;1;316;14;18;349
298_Z_SP;1015;0;1;316;14;18;349
298_Z_SP;1020;0;1;332;11;12;356
298_Z_SP;1025;0;1;332;11;12;356
298_Z_SP;1030;0;1;332;11;12;356
298_Z_SP;1035;0;1;332;11;12;356
298_Z_SP;1040;0;1;332;11;12;356
298_Z_SP;1045;0;1;332;11;12;356
298_Z_SP;1050;0;1;332;11;12;356
298_Z_SP;1055;0;1;332;11;12;356
298_Z_SP;1060;0;1;332;11;12;356
298_Z_SP;1065;0;1;332;11;12;356
298_Z_SP;1070;0;1;332;11;12;356
298_Z_SP;1075;0;1;332;11;12;356
298_Z_SP;1080;0;1;270;8;9;288
298_Z_SP;1085;0;1;270;8;9;288
298_Z_SP;1090;0;1;270;8;9;288
298_Z_SP;1095;0;1;270;8;9;288
298_Z_SP;1100;0;1;270;8;9;288
298_Z_SP;1105;0;1;270;8;9;288
298_Z_SP;1110;0;1;270;8;9;288
298_Z_SP;1115;0;1;270;8;9;288
298_Z_SP;1120;0;1;270;8;9;288
298_Z_SP;1125;0;1;270;8;9;288
298_Z_SP;1130;0;1;270;8;9;288
298_Z_SP;1135;0;1;270;8;9;288
298_Z_SP;1140;0;1;184;6;8;199
298_Z_SP;1145;0;1;184;6;8;199
298_Z_SP;1150;0;1;184;6;8;199
298_Z_SP;1155;0;1;184;6;8;199
298_Z_SP;1160;0;1;184;6;8;199
298_Z_SP;1165;0;1;184;6;8;199
298_Z_SP;1170;0;1;184;6;8;199
298_Z_SP;1175;0;1;184;6;8;199
298_Z_SP;1180;0;1;184;6;8;199
298_Z_SP;1185;0;1;184;6;8;199
298_Z_SP;1190;0;1;184;6;8;199
298_Z_SP;1195;0;1;184;6;8;199
298_Z_SP;1200;0;1;132;5;6;144
298_Z_SP;1205;0;1;132;5;6;144
298_Z_SP;1210;0;1;132;5;6;144
298_Z_SP;1215;0;1;132;5;6;144
298_Z_SP;1220;0;1;132;5;6;144
298_Z_SP;1225;0;1;132;5;6;144
298_Z_SP;1230;0;1;132;5;6;144
298_Z_SP;1235;0;1;132;5;6;144
298_Z_SP;1240;0;1;132;5;6;144
298_Z_SP;1245;0;1;132;5;6;144
298_Z_SP;1250;0;1;132;5;6;144
298_Z_SP;1255;0;1;132;5;6;144
298_Z_SP;1260;0;1;112;4;4;121
298_Z_SP;1265;0;1;112;4;4;121
298_Z_SP;1270;0;1;112;4;4;121
298_Z_SP;1275;0;1;112;4;4;121
298_Z_SP;1280;0;1;112;4;4;121
298_Z_SP;1285;0;1;112;4;4;121
298_Z_SP;1290;0;1;112;4;4;121
298_Z_SP;1295;0;1;112;4;4;121
298_Z_SP;1300;0;1;112;4;4;121
298_Z_SP;1305;0;1;112;4;4;121
298_Z_SP;1310;0;1;112;4;4;121
298_Z_SP;1315;0;1;112;4;4;121
298_Z_SP;1320;0;1;96;3;4;104
298_Z_SP;1325;0;1;96;3;4;104
298_Z_SP;1330;0;1;96;3;4;104
298_Z_SP;1335;0;1;96;3;4;104
298_Z_SP;1340;0;1;96;3;4;104
298_Z_SP;1345;0;1;96;3;4;104
298_Z_SP;1350;0;1;96;3;4;104
298_Z_SP;1355;0;1;96;3;4;104
298_Z_SP;1360;0;1;96;3;4;104
298_Z_SP;1365;0;1;96;3;4;104
298_Z_SP;1370;0;1;96;3;4;104
298_Z_SP;1375;0;1;96;3;4;104
298_Z_SP;1380;0;0;60;6;5;71
298_Z_SP;1385;0;0;60;6;5;71
298_Z_SP;1390;0;0;60;6;5;71
298_Z_SP;1395;0;0;60;6;5;71
298_Z_SP;1400;0;0;60;6;5;71
298_Z_SP;1405;0;0;60;6;5;71
298_Z_SP;1410;0;0;60;6;5;71
298_Z_SP;1415;0;0;60;6;5;71
298_Z_SP;1420;0;0;60;6;5;71
298_Z_SP;1425;0;0;60;6;5;71
298_Z_SP;1430;0;0;60;6;5;71
298_Z_SP;1435;0;0;60;6;5;71
335_B_SP;0;0;0;26;2;3;31
335_B_SP;5;0;0;26;2;3;31
335_B_SP;10;0;0;26;2;3;31
335_B_SP;15;0;0;26;2;3;31
335_B_SP;20;0;0;26;2;3;31
335_B_SP;25;0;0;26;2;3;31
335_B_SP;30;0;0;26;2;3;31
335_B_SP;35;0;0;26;2;3;31
335_B_SP;40;0;0;26;2;3;31
335_B_SP;45;0;0;26;2;3;31
335_B_SP;50;0;0;26;2;3;31
335_B_SP;55;0;0;26;2;3;31
335_B_SP;60;0;0;11;1;3;15
335_B_SP;65;0;0;11;1;3;15
335_B_SP;70;0;0;11;1;3;15
335_B_SP;75;0;0;11;1;3;15
335_B_SP;80;0;0;11;1;3;15
335_B_SP;85;0;0;11;1;3;15
335_B_SP;90;0;0;11;1;3;15
335_B_SP;95;0;0;11;1;3;15
335_B_SP;100;0;0;11;1;3;15
335_B_SP;105;0;0;11;1;3;15
335_B_SP;110;0;0;11;1;3;15
335_B_SP;115;0;0;11;1;3;15
335_B_SP;120;0;0;7;1;3;11
335_B_SP;125;0;0;7;1;3;11
335_B_SP;130;0;0;7;1;3;11
335_B_SP;135;0;0;7;1;3;11
335_B_SP;140;0;0;7;1;3;11
335_B_SP;145;0;0;7;1;3;11
335_B_SP;150;0;0;7;1;3;11
335_B_SP;155;0;0;7;1;3;11
335_B_SP;160;0;0;7;1;3;11
335_B_SP;165;0;0;7;1;3;11
335_B_SP;170;0;0;7;1;3;11
335_B_SP;175;0;0;7;1;3;11
335_B_SP;180;0;0;11;1;4;16
335_B_SP;185;0;0;11;1;4;16
335_B_SP;190;0;0;11;1;4;16
335_B_SP;195;0;0;11;1;4;16
335_B_SP;200;0;0;11;1;4;16
335_B_SP;205;0;0;11;1;4;16
335_B_SP;210;0;0;11;1;4;16
335_B_SP;215;0;0;11;1;4;16
335_B_SP;220;0;0;11;1;4;16
335_B_SP;225;0;0;11;1;4;16
335_B_SP;230;0;0;11;1;4;16
335_B_SP;235;0;0;11;1;4;16
335_B_SP;240;0;1;31;2;6;40
335_B_SP;245;0;1;31;2;6;40
335_B_SP;250;0;1;31;2;6;40
335_B_SP;255;0;1;31;2;6;40
335_B_SP;260;0;1;31;2;6;40
335_B_SP;265;0;1;31;2;6;40
335_B_SP;270;0;1;31;2;6;40
335_B_SP;275;0;1;31;2;6;40
335_B_SP;280;0;1;31;2;6;40
335_B_SP;285;0;1;31;2;6;40
335_B_SP;290;0;1;31;2;6;40
335_B_SP;295;0;1;31;2;6;40
335_B_SP;300;1;2;103;8;27;141
335_B_SP;305;1;2;103;8;27;141
335_B_SP;310;1;2;103;8;27;141
335_B_SP;315;1;2;103;8;27;141
335_B_SP;320;1;2;103;8;27;141
335_B_SP;325;1;2;103;8;27;141
335_B_SP;330;1;2;103;8;27;141
335_B_SP;335;1;2;103;8;27;141
335_B_SP;340;1;2;103;8;27;141
335_B_SP;345;1;2;103;8;27;141
335_B_SP;350;1;2;103;8;27;141
335_B_SP;355;1;2;103;8;27;141
335_B_SP;360;2;3;265;14;34;318
335_B_SP;365;2;3;265;14;34;318
335_B_SP;370;2;3;265;14;34;318
335_B_SP;375;2;3;265;14;34;318
335_B_SP;380;2;3;265;14;34;318
335_B_SP;385;2;3;265;14;34;318
335_B_SP;390;2;3;265;14;34;318
335_B_SP;395;2;3;265;14;34;318
335_B_SP;400;2;3;265;14;34;318
335_B_SP;405;2;3;265;14;34;318
335_B_SP;410;2;3;265;14;34;318
335_B_SP;415;2;3;265;14;34;318
335_B_SP;420;2;3;249;13;23;290
335_B_SP;425;2;3;249;13;23;290
335_B_SP;430;2;3;249;13;23;290
335_B_SP;435;2;3;249;13;23;290
335_B_SP;440;2;3;249;13;23;290
335_B_SP;445;2;3;249;13;23;290
335_B_SP;450;2;3;249;13;23;290
335_B_SP;455;2;3;249;13;23;290
335_B_SP;460;2;3;249;13;23;290
335_B_SP;465;2;3;249;13;23;290
335_B_SP;470;2;3;249;13;23;290
335_B_SP;475;2;3;249;13;23;290
335_B_SP;480;2;3;216;11;23;255
335_B_SP;485;2;3;216;11;23;255
335_B_SP;490;2;3;216;11;23;255
335_B_SP;495;2;3;216;11;23;255
335_B_SP;500;2;3;216;11;23;255
335_B_SP;505;2;3;216;11;23;255
335_B_SP;510;2;3;216;11;23;255
335_B_SP;515;2;3;216;11;23;255
335_B_SP;520;2;3;216;11;23;255
335_B_SP;525;2;3;216;11;23;255
335_B_SP;530;2;3;216;11;23;255
335_B_SP;535;2;3;216;11;23;255
335_B_SP;540;2;3;200;11;26;242
335_B_SP;545;2;3;200;11;26;242
335_B_SP;550;2;3;200;11;26;242
335_B_SP;555;2;3;200;11;26;242
335_B_SP;560;2;3;200;11;26;242
335_B_SP;565;2;3;200;11;26;242
335_B_SP;570;2;3;200;11;26;242
335_B_SP;575;2;3;200;11;26;242
335_B_SP;580;2;3;200;11;26;242
335_B_SP;585;2;3;200;11;26;242
335_B_SP;590;2;3;200;11;26;242
335_B_SP;595;2;3;200;11;26;242
335_B_SP;600;3;3;201;12;28;247
335_B_SP;605;3;3;201;12;28;247
335_B_SP;610;3;3;201;12;28;247
335_B_SP;615;3;3;201;12;28;247
335_B_SP;620;3;3;201;12;28;247
335_B_SP;625;3;3;201;12;28;247
335_B_SP;630;3;3;201;12;28;247
335_B_SP;635;3;3;201;12;28;247
335_B_SP;640;3;3;201;12;28;247
335_B_SP;645;3;3;201;12;28;247
335_B_SP;650;3;3;201;12;28;247
335_B_SP;655;3;3;201;12;28;247
335_B_SP;660;2;3;205;12;25;247
335_B_SP;665;2;3;205;12;25;247
335_B_SP;670;2;3;205;12;25;247
335_B_SP;675;2;3;205;12;25;247
335_B_SP;680;2;3;205;12;25;247
335_B_SP;685;2;3;205;12;25;247
335_B_SP;690;2;3;205;12;25;247
335_B_SP;695;2;3;205;12;25;247
335_B_SP;700;2;3;205;12;25;247
335_B_SP;705;2;3;205;12;25;247
335_B_SP;710;2;3;205;12;25;247
335_B_SP;715;2;3;205;12;25;247
335_B_SP;720;2;3;214;12;24;255
335_B_SP;725;2;3;214;12;24;255
335_B_SP;730;2;3;214;12;24;255
335_B_SP;735;2;3;214;12;24;255
335_B_SP;740;2;3;214;12;24;255
335_B_SP;745;2;3;214;12;24;255
335_B_SP;750;2;3;214;12;24;255
335_B_SP;755;2;3;214;12;24;255
335_B_SP;760;2;3;214;12;24;255
335_B_SP;765;2;3;214;12;24;255
335_B_SP;770;2;3;214;12;24;255
335_B_SP;775;2;3;214;12;24;255
335_B_SP;780;2;3;219;11;25;260
335_B_SP;785;2;3;219;11;25;260
335_B_SP;790;2;3;219;11;25;260
335_B_SP;795;2;3;219;11;25;260
335_B_SP;800;2;3;219;11;25;260
335_B_SP;805;2;3;219;11;25;260
335_B_SP;810;2;3;219;11;25;260
335_B_SP;815;2;3;219;11;25;260
335_B_SP;820;2;3;219;11;25;260
335_B_SP;825;2;3;219;11;25;260
335_B_SP;830;2;3;219;11;25;260
335_B_SP;835;2;3;219;11;25;260
335_B_SP;840;2;3;226;11;27;269
335_B_SP;845;2;3;226;11;27;269
335_B_SP;850;2;3;226;11;27;269
335_B_SP;855;2;3;226;11;27;269
335_B_SP;860;2;3;226;11;27;269
335_B_SP;865;2;3;226;11;27;269
335_B_SP;870;2;3;226;11;27;269
335_B_SP;875;2;3;226;11;27;269
335_B_SP;880;2;3;226;11;27;269
335_B_SP;885;2;3;226;11;27;269
335_B_SP;890;2;3;226;11;27;269
335_B_SP;895;2;3;226;11;27;269
335_B_SP;900;2;3;254;11;25;295
335_B_SP;905;2;3;254;11;25;295
335_B_SP;910;2;3;254;11;25;295
335_B_SP;915;2;3;254;11;25;295
335_B_SP;920;2;3;254;11;25;295
335_B_SP;925;2;3;254;11;25;295
335_B_SP;930;2;3;254;11;25;295
335_B_SP;935;2;3;254;11;25;295
335_B_SP;940;2;3;254;11;25;295
335_B_SP;945;2;3;254;11;25;295
335_B_SP;950;2;3;254;11;25;295
335_B_SP;955;2;3;254;11;25;295
335_B_SP;960;1;4;293;11;19;328
335_B_SP;965;1;4;293;11;19;328
335_B_SP;970;1;4;293;11;19;328
335_B_SP;975;1;4;293;11;19;328
335_B_SP;980;1;4;293;11;19;328
335_B_SP;985;1;4;293;11;19;328
335_B_SP;990;1;4;293;11;19;328
335_B_SP;995;1;4;293;11;19;328
335_B_SP;1000;1;4;293;11;19;328
335_B_SP;1005;1;4;293;11;19;328
335_B_SP;1010;1;4;293;11;19;328
335_B_SP;1015;1;4;293;11;19;328
335_B_SP;1020;1;4;295;8;13;321
335_B_SP;1025;1;4;295;8;13;321
335_B_SP;1030;1;4;295;8;13;321
335_B_SP;1035;1;4;295;8;13;321
335_B_SP;1040;1;4;295;8;13;321
335_B_SP;1045;1;4;295;8;13;321
335_B_SP;1050;1;4;295;8;13;321
335_B_SP;1055;1;4;295;8;13;321
335_B_SP;1060;1;4;295;8;13;321
335_B_SP;1065;1;4;295;8;13;321
335_B_SP;1070;1;4;295;8;13;321
335_B_SP;1075;1;4;295;8;13;321
335_B_SP;1080;1;4;251;6;12;274
335_B_SP;1085;1;4;251;6;12;274
335_B_SP;1090;1;4;251;6;12;274
335_B_SP;1095;1;4;251;6;12;274
335_B_SP;1100;1;4;251;6;12;274
335_B_SP;1105;1;4;251;6;12;274
335_B_SP;1110;1;4;251;6;12;274
335_B_SP;1115;1;4;251;6;12;274
335_B_SP;1120;1;4;251;6;12;274
335_B_SP;1125;1;4;251;6;12;274
335_B_SP;1130;1;4;251;6;12;274
335_B_SP;1135;1;4;251;6;12;274
335_B_SP;1140;1;3;195;5;11;215
335_B_SP;1145;1;3;195;5;11;215
335_B_SP;1150;1;3;195;5;11;215
335_B_SP;1155;1;3;195;5;11;215
335_B_SP;1160;1;3;195;5;11;215
335_B_SP;1165;1;3;195;5;11;215
335_B_SP;1170;1;3;195;5;11;215
335_B_SP;1175;1;3;195;5;11;215
335_B_SP;1180;1;3;195;5;11;215
335_B_SP;1185;1;3;195;5;11;215
335_B_SP;1190;1;3;195;5;11;215
335_B_SP;1195;1;3;195;5;11;215
335_B_SP;1200;1;2;153;5;9;170
335_B_SP;1205;1;2;153;5;9;170
335_B_SP;1210;1;2;153;5;9;170
335_B_SP;1215;1;2;153;5;9;170
335_B_SP;1220;1;2;153;5;9;170
335_B_SP;1225;1;2;153;5;9;170
335_B_SP;1230;1;2;153;5;9;170
335_B_SP;1235;1;2;153;5;9;170
335_B_SP;1240;1;2;153;5;9;170
335_B_SP;1245;1;2;153;5;9;170
335_B_SP;1250;1;2;153;5;9;170
335_B_SP;1255;1;2;153;5;9;170
335_B_SP;1260;0;2;133;4;6;145
335_B_SP;1265;0;2;133;4;6;145
335_B_SP;1270;0;2;133;4;6;145
335_B_SP;1275;0;2;133;4;6;145
335_B_SP;1280;0;2;133;4;6;145
335_B_SP;1285;0;2;133;4;6;145
335_B_SP;1290;0;2;133;4;6;145
335_B_SP;1295;0;2;133;4;6;145
335_B_SP;1300;0;2;133;4;6;145
335_B_SP;1305;0;2;133;4;6;145
335_B_SP;1310;0;2;133;4;6;145
335_B_SP;1315;0;2;133;4;6;145
335_B_SP;1320;0;1;122;3;5;131
335_B_SP;1325;0;1;122;3;5;131
335_B_SP;1330;0;1;122;3;5;131
335_B_SP;1335;0;1;122;3;5;131
335_B_SP;1340;0;1;122;3;5;131
335_B_SP;1345;0;1;122;3;5;131
335_B_SP;1350;0;1;122;3;5;131
335_B_SP;1355;0;1;122;3;5;131
335_B_SP;1360;0;1;122;3;5;131
335_B_SP;1365;0;1;122;3;5;131
335_B_SP;1370;0;1;122;3;5;131
335_B_SP;1375;0;1;122;3;5;131
335_B_SP;1380;0;1;107;4;4;116
335_B_SP;1385;0;1;107;4;4;116
335_B_SP;1390;0;1;107;4;4;116
335_B_SP;1395;0;1;107;4;4;116
335_B_SP;1400;0;1;107;4;4;116
335_B_SP;1405;0;1;107;4;4;116
335_B_SP;1410;0;1;107;4;4;116
335_B_SP;1415;0;1;107;4;4;116
335_B_SP;1420;0;1;107;4;4;116
335_B_SP;1425;0;1;107;4;4;116
335_B_SP;1430;0;1;107;4;4;116
335_B_SP;1435;0;1;107;4;4;116
335_Z_SP;0;0;0;19;1;4;24
335_Z_SP;5;0;0;19;1;4;24
335_Z_SP;10;0;0;19;1;4;24
335_Z_SP;15;0;0;19;1;4;24
335_Z_SP;20;0;0;19;1;4;24
335_Z_SP;25;0;0;19;1;4;24
335_Z_SP;30;0;0;19;1;4;24
335_Z_SP;35;0;0;19;1;4;24
335_Z_SP;40;0;0;19;1;4;24
335_Z_SP;45;0;0;19;1;4;24
335_Z_SP;50;0;0;19;1;4;24
335_Z_SP;55;0;0;19;1;4;24
335_Z_SP;60;0;0;10;1;3;14
335_Z_SP;65;0;0;10;1;3;14
335_Z_SP;70;0;0;10;1;3;14
335_Z_SP;75;0;0;10;1;3;14
335_Z_SP;80;0;0;10;1;3;14
335_Z_SP;85;0;0;10;1;3;14
335_Z_SP;90;0;0;10;1;3;14
335_Z_SP;95;0;0;10;1;3;14
335_Z_SP;100;0;0;10;1;3;14
335_Z_SP;105;0;0;10;1;3;14
335_Z_SP;110;0;0;10;1;3;14
335_Z_SP;115;0;0;10;1;3;14
335_Z_SP;120;0;0;9;1;3;13
335_Z_SP;125;0;0;9;1;3;13
335_Z_SP;130;0;0;9;1;3;13
335_Z_SP;135;0;0;9;1;3;13
335_Z_SP;140;0;0;9;1;3;13
335_Z_SP;145;0;0;9;1;3;13
335_Z_SP;150;0;0;9;1;3;13
335_Z_SP;155;0;0;9;1;3;13
335_Z_SP;160;0;0;9;1;3;13
335_Z_SP;165;0;0;9;1;3;13
335_Z_SP;170;0;0;9;1;3;13
335_Z_SP;175;0;0;9;1;3;13
335_Z_SP;180;0;0;14;2;2;18
335_Z_SP;185;0;0;14;2;2;18
335_Z_SP;190;0;0;14;2;2;18
335_Z_SP;195;0;0;14;2;2;18
335_Z_SP;200;0;0;14;2;2;18
335_Z_SP;205;0;0;14;2;2;18
335_Z_SP;210;0;0;14;2;2;18
335_Z_SP;215;0;0;14;2;2;18
335_Z_SP;220;0;0;14;2;2;18
335_Z_SP;225;0;0;14;2;2;18
335_Z_SP;230;0;0;14;2;2;18
335_Z_SP;235;0;0;14;2;2;18
335_Z_SP;240;0;1;32;3;7;43
335_Z_SP;245;0;1;32;3;7;43
335_Z_SP;250;0;1;32;3;7;43
335_Z_SP;255;0;1;32;3;7;43
335_Z_SP;260;0;1;32;3;7;43
335_Z_SP;265;0;1;32;3;7;43
335_Z_SP;270;0;1;32;3;7;43
335_Z_SP;275;0;1;32;3;7;43
335_Z_SP;280;0;1;32;3;7;43
335_Z_SP;285;0;1;32;3;7;43
335_Z_SP;290;0;1;32;3;7;43
335_Z_SP;295;0;1;32;3;7;43
335_Z_SP;300;1;3;104;7;34;149
335_Z_SP;305;1;3;104;7;34;149
335_Z_SP;310;1;3;104;7;34;149
335_Z_SP;315;1;3;104;7;34;149
335_Z_SP;320;1;3;104;7;34;149
335_Z_SP;325;1;3;104;7;34;149
335_Z_SP;330;1;3;104;7;34;149
335_Z_SP;335;1;3;104;7;34;149
335_Z_SP;340;1;3;104;7;34;149
335_Z_SP;345;1;3;104;7;34;149
335_Z_SP;350;1;3;104;7;34;149
335_Z_SP;355;1;3;104;7;34;149
335_Z_SP;360;1;5;242;13;28;289
335_Z_SP;365;1;5;242;13;28;289
335_Z_SP;370;1;5;242;13;28;289
335_Z_SP;375;1;5;242;13;28;289
335_Z_SP;380;1;5;242;13;28;289
335_Z_SP;385;1;5;242;13;28;289
335_Z_SP;390;1;5;242;13;28;289
335_Z_SP;395;1;5;242;13;28;289
335_Z_SP;400;1;5;242;13;28;289
335_Z_SP;405;1;5;242;13;28;289
335_Z_SP;410;1;5;242;13;28;289
335_Z_SP;415;1;5;242;13;28;289
335_Z_SP;420;2;5;248;15;22;292
335_Z_SP;425;2;5;248;15;22;292
335_Z_SP;430;2;5;248;15;22;292
335_Z_SP;435;2;5;248;15;22;292
335_Z_SP;440;2;5;248;15;22;292
335_Z_SP;445;2;5;248;15;22;292
335_Z_SP;450;2;5;248;15;22;292
335_Z_SP;455;2;5;248;15;22;292
335_Z_SP;460;2;5;248;15;22;292
335_Z_SP;465;2;5;248;15;22;292
335_Z_SP;470;2;5;248;15;22;292
335_Z_SP;475;2;5;248;15;22;292
335_Z_SP;480;2;4;212;13;25;256
335_Z_SP;485;2;4;212;13;25;256
335_Z_SP;490;2;4;212;13;25;256
335_Z_SP;495;2;4;212;13;25;256
335_Z_SP;500;2;4;212;13;25;256
335_Z_SP;505;2;4;212;13;25;256
335_Z_SP;510;2;4;212;13;25;256
335_Z_SP;515;2;4;212;13;25;256
335_Z_SP;520;2;4;212;13;25;256
335_Z_SP;525;2;4;212;13;25;256
335_Z_SP;530;2;4;212;13;25;256
335_Z_SP;535;2;4;212;13;25;256
335_Z_SP;540;2;3;190;13;28;236
335_Z_SP;545;2;3;190;13;28;236
335_Z_SP;550;2;3;190;13;28;236
335_Z_SP;555;2;3;190;13;28;236
335_Z_SP;560;2;3;190;13;28;236
335_Z_SP;565;2;3;190;13;28;236
335_Z_SP;570;2;3;190;13;28;236
335_Z_SP;575;2;3;190;13;28;236
335_Z_SP;580;2;3;190;13;28;236
335_Z_SP;585;2;3;190;13;28;236
335_Z_SP;590;2;3;190;13;28;236
335_Z_SP;595;2;3;190;13;28;236
335_Z_SP;600;2;3;187;13;28;233
335_Z_SP;605;2;3;187;13;28;233
335_Z_SP;610;2;3;187;13;28;233
335_Z_SP;615;2;3;187;13;28;233
335_Z_SP;620;2;3;187;13;28;233
335_Z_SP;625;2;3;187;13;28;233
335_Z_SP;630;2;3;187;13;28;233
335_Z_SP;635;2;3;187;13;28;233
335_Z_SP;640;2;3;187;13;28;233
335_Z_SP;645;2;3;187;13;28;233
335_Z_SP;650;2;3;187;13;28;233
335_Z_SP;655;2;3;187;13;28;233
335_Z_SP;660;2;4;194;13;27;240
335_Z_SP;665;2;4;194;13;27;240
335_Z_SP;670;2;4;194;13;27;240
335_Z_SP;675;2;4;194;13;27;240
335_Z_SP;680;2;4;194;13;27;240
335_Z_SP;685;2;4;194;13;27;240
335_Z_SP;690;2;4;194;13;27;240
335_Z_SP;695;2;4;194;13;27;240
335_Z_SP;700;2;4;194;13;27;240
335_Z_SP;705;2;4;194;13;27;240
335_Z_SP;710;2;4;194;13;27;240
335_Z_SP;715;2;4;194;13;27;240
335_Z_SP;720;2;4;207;12;27;252
335_Z_SP;725;2;4;207;12;27;252
335_Z_SP;730;2;4;207;12;27;252
335_Z_SP;735;2;4;207;12;27;252
335_Z_SP;740;2;4;207;12;27;252
335_Z_SP;745;2;4;207;12;27;252
335_Z_SP;750;2;4;207;12;27;252
335_Z_SP;755;2;4;207;12;27;252
335_Z_SP;760;2;4;207;12;27;252
335_Z_SP;765;2;4;207;12;27;252
335_Z_SP;770;2;4;207;12;27;252
335_Z_SP;775;2;4;207;12;27;252
335_Z_SP;780;2;4;219;15;29;269
335_Z_SP;785;2;4;219;15;29;269
335_Z_SP;790;2;4;219;15;29;269
335_Z_SP;795;2;4;219;15;29;269
335_Z_SP;800;2;4;219;15;29;269
335_Z_SP;805;2;4;219;15;29;269
335_Z_SP;810;2;4;219;15;29;269
335_Z_SP;815;2;4;219;15;29;269
335_Z_SP;820;2;4;219;15;29;269
335_Z_SP;825;2;4;219;15;29;269
335_Z_SP;830;2;4;219;15;29;269
335_Z_SP;835;2;4;219;15;29;269
335_Z_SP;840;2;4;225;14;29;274
335_Z_SP;845;2;4;225;14;29;274
335_Z_SP;850;2;4;225;14;29;274
335_Z_SP;855;2;4;225;14;29;274
335_Z_SP;860;2;4;225;14;29;274
335_Z_SP;865;2;4;225;14;29;274
335_Z_SP;870;2;4;225;14;29;274
335_Z_SP;875;2;4;225;14;29;274
335_Z_SP;880;2;4;225;14;29;274
335_Z_SP;885;2;4;225;14;29;274
335_Z_SP;890;2;4;225;14;29;274
335_Z_SP;895;2;4;225;14;29;274
335_Z_SP;900;2;5;250;13;24;294
335_Z_SP;905;2;5;250;13;24;294
335_Z_SP;910;2;5;250;13;24;294
335_Z_SP;915;2;5;250;13;24;294
335_Z_SP;920;2;5;250;13;24;294
335_Z_SP;925;2;5;250;13;24;294
335_Z_SP;930;2;5;250;13;24;294
335_Z_SP;935;2;5;250;13;24;294
335_Z_SP;940;2;5;250;13;24;294
335_Z_SP;945;2;5;250;13;24;294
335_Z_SP;950;2;5;250;13;24;294
335_Z_SP;955;2;5;250;13;24;294
335_Z_SP;960;2;7;289;12;19;329
335_Z_SP;965;2;7;289;12;19;329
335_Z_SP;970;2;7;289;12;19;329
335_Z_SP;975;2;7;289;12;19;329
335_Z_SP;980;2;7;289;12;19;329
335_Z_SP;985;2;7;289;12;19;329
335_Z_SP;990;2;7;289;12;19;329
335_Z_SP;995;2;7;289;12;19;329
335_Z_SP;1000;2;7;289;12;19;329
335_Z_SP;1005;2;7;289;12;19;329
335_Z_SP;1010;2;7;289;12;19;329
335_Z_SP;1015;2;7;289;12;19;329
335_Z_SP;1020;1;8;301;9;14;333
335_Z_SP;1025;1;8;301;9;14;333
335_Z_SP;1030;1;8;301;9;14;333
335_Z_SP;1035;1;8;301;9;14;333
335_Z_SP;1040;1;8;301;9;14;333
335_Z_SP;1045;1;8;301;9;14;333
335_Z_SP;1050;1;8;301;9;14;333
335_Z_SP;1055;1;8;301;9;14;333
335_Z_SP;1060;1;8;301;9;14;333
335_Z_SP;1065;1;8;301;9;14;333
335_Z_SP;1070;1;8;301;9;14;333
335_Z_SP;1075;1;8;301;9;14;333
335_Z_SP;1080;1;5;248;7;12;273
335_Z_SP;1085;1;5;248;7;12;273
335_Z_SP;1090;1;5;248;7;12;273
335_Z_SP;1095;1;5;248;7;12;273
335_Z_SP;1100;1;5;248;7;12;273
335_Z_SP;1105;1;5;248;7;12;273
335_Z_SP;1110;1;5;248;7;12;273
335_Z_SP;1115;1;5;248;7;12;273
335_Z_SP;1120;1;5;248;7;12;273
335_Z_SP;1125;1;5;248;7;12;273
335_Z_SP;1130;1;5;248;7;12;273
335_Z_SP;1135;1;5;248;7;12;273
335_Z_SP;1140;1;4;141;5;9;160
335_Z_SP;1145;1;4;141;5;9;160
335_Z_SP;1150;1;4;141;5;9;160
335_Z_SP;1155;1;4;141;5;9;160
335_Z_SP;1160;1;4;141;5;9;160
335_Z_SP;1165;1;4;141;5;9;160
335_Z_SP;1170;1;4;141;5;9;160
335_Z_SP;1175;1;4;141;5;9;160
335_Z_SP;1180;1;4;141;5;9;160
335_Z_SP;1185;1;4;141;5;9;160
335_Z_SP;1190;1;4;141;5;9;160
335_Z_SP;1195;1;4;141;5;9;160
335_Z_SP;1200;0;2;100;4;7;113
335_Z_SP;1205;0;2;100;4;7;113
335_Z_SP;1210;0;2;100;4;7;113
335_Z_SP;1215;0;2;100;4;7;113
335_Z_SP;1220;0;2;100;4;7;113
335_Z_SP;1225;0;2;100;4;7;113
335_Z_SP;1230;0;2;100;4;7;113
335_Z_SP;1235;0;2;100;4;7;113
335_Z_SP;1240;0;2;100;4;7;113
335_Z_SP;1245;0;2;100;4;7;113
335_Z_SP;1250;0;2;100;4;7;113
335_Z_SP;1255;0;2;100;4;7;113
335_Z_SP;1260;0;2;84;4;5;95
335_Z_SP;1265;0;2;84;4;5;95
335_Z_SP;1270;0;2;84;4;5;95
335_Z_SP;1275;0;2;84;4;5;95
335_Z_SP;1280;0;2;84;4;5;95
335_Z_SP;1285;0;2;84;4;5;95
335_Z_SP;1290;0;2;84;4;5;95
335_Z_SP;1295;0;2;84;4;5;95
335_Z_SP;1300;0;2;84;4;5;95
335_Z_SP;1305;0;2;84;4;5;95
335_Z_SP;1310;0;2;84;4;5;95
335_Z_SP;1315;0;2;84;4;5;95
335_Z_SP;1320;0;2;71;4;5;82
335_Z_SP;1325;0;2;71;4;5;82
335_Z_SP;1330;0;2;71;4;5;82
335_Z_SP;1335;0;2;71;4;5;82
335_Z_SP;1340;0;2;71;4;5;82
335_Z_SP;1345;0;2;71;4;5;82
335_Z_SP;1350;0;2;71;4;5;82
335_Z_SP;1355;0;2;71;4;5;82
335_Z_SP;1360;0;2;71;4;5;82
335_Z_SP;1365;0;2;71;4;5;82
335_Z_SP;1370;0;2;71;4;5;82
335_Z_SP;1375;0;2;71;4;5;82
335_Z_SP;1380;0;1;47;5;5;58
335_Z_SP;1385;0;1;47;5;5;58
335_Z_SP;1390;0;1;47;5;5;58
335_Z_SP;1395;0;1;47;5;5;58
335_Z_SP;1400;0;1;47;5;5;58
335_Z_SP;1405;0;1;47;5;5;58
335_Z_SP;1410;0;1;47;5;5;58
335_Z_SP;1415;0;1;47;5;5;58
335_Z_SP;1420;0;1;47;5;5;58
335_Z_SP;1425;0;1;47;5;5;58
335_Z_SP;1430;0;1;47;5;5;58
335_Z_SP;1435;0;1;47;5;5;58
382_B_SP;0;0;0;28;1;2;31
382_B_SP;5;0;0;28;1;2;31
382_B_SP;10;0;0;28;1;2;31
382_B_SP;15;0;0;28;1;2;31
382_B_SP;20;0;0;28;1;2;31
382_B_SP;25;0;0;28;1;2;31
382_B_SP;30;0;0;28;1;2;31
382_B_SP;35;0;0;28;1;2;31
382_B_SP;40;0;0;28;1;2;31
382_B_SP;45;0;0;28;1;2;31
382_B_SP;50;0;0;28;1;2;31
382_B_SP;55;0;0;28;1;2;31
382_B_SP;60;0;0;14;1;2;17
382_B_SP;65;0;0;14;1;2;17
382_B_SP;70;0;0;14;1;2;17
382_B_SP;75;0;0;14;1;2;17
382_B_SP;80;0;0;14;1;2;17
382_B_SP;85;0;0;14;1;2;17
382_B_SP;90;0;0;14;1;2;17
382_B_SP;95;0;0;14;1;2;17
382_B_SP;100;0;0;14;1;2;17
382_B_SP;105;0;0;14;1;2;17
382_B_SP;110;0;0;14;1;2;17
382_B_SP;115;0;0;14;1;2;17
382_B_SP;120;0;0;10;1;2;13
382_B_SP;125;0;0;10;1;2;13
382_B_SP;130;0;0;10;1;2;13
382_B_SP;135;0;0;10;1;2;13
382_B_SP;140;0;0;10;1;2;13
382_B_SP;145;0;0;10;1;2;13
382_B_SP;150;0;0;10;1;2;13
382_B_SP;155;0;0;10;1;2;13
382_B_SP;160;0;0;10;1;2;13
382_B_SP;165;0;0;10;1;2;13
382_B_SP;170;0;0;10;1;2;13
382_B_SP;175;0;0;10;1;2;13
382_B_SP;180;0;0;12;1;3;16
382_B_SP;185;0;0;12;1;3;16
382_B_SP;190;0;0;12;1;3;16
382_B_SP;195;0;0;12;1;3;16
382_B_SP;200;0;0;12;1;3;16
382_B_SP;205;0;0;12;1;3;16
382_B_SP;210;0;0;12;1;3;16
382_B_SP;215;0;0;12;1;3;16
382_B_SP;220;0;0;12;1;3;16
382_B_SP;225;0;0;12;1;3;16
382_B_SP;230;0;0;12;1;3;16
382_B_SP;235;0;0;12;1;3;16
382_B_SP;240;0;0;31;2;4;37
382_B_SP;245;0;0;31;2;4;37
382_B_SP;250;0;0;31;2;4;37
382_B_SP;255;0;0;31;2;4;37
382_B_SP;260;0;0;31;2;4;37
382_B_SP;265;0;0;31;2;4;37
382_B_SP;270;0;0;31;2;4;37
382_B_SP;275;0;0;31;2;4;37
382_B_SP;280;0;0;31;2;4;37
382_B_SP;285;0;0;31;2;4;37
382_B_SP;290;0;0;31;2;4;37
382_B_SP;295;0;0;31;2;4;37
382_B_SP;300;0;1;135;6;19;161
382_B_SP;305;0;1;135;6;19;161
382_B_SP;310;0;1;135;6;19;161
382_B_SP;315;0;1;135;6;19;161
382_B_SP;320;0;1;135;6;19;161
382_B_SP;325;0;1;135;6;19;161
382_B_SP;330;0;1;135;6;19;161
382_B_SP;335;0;1;135;6;19;161
382_B_SP;340;0;1;135;6;19;161
382_B_SP;345;0;1;135;6;19;161
382_B_SP;350;0;1;135;6;19;161
382_B_SP;355;0;1;135;6;19;161
382_B_SP;360;0;2;263;10;31;306
382_B_SP;365;0;2;263;10;31;306
382_B_SP;370;0;2;263;10;31;306
382_B_SP;375;0;2;263;10;31;306
382_B_SP;380;0;2;263;10;31;306
382_B_SP;385;0;2;263;10;31;306
382_B_SP;390;0;2;263;10;31;306
382_B_SP;395;0;2;263;10;31;306
382_B_SP;400;0;2;263;10;31;306
382_B_SP;405;0;2;263;10;31;306
382_B_SP;410;0;2;263;10;31;306
382_B_SP;415;0;2;263;10;31;306
382_B_SP;420;0;2;255;8;20;285
382_B_SP;425;0;2;255;8;20;285
382_B_SP;430;0;2;255;8;20;285
382_B_SP;435;0;2;255;8;20;285
382_B_SP;440;0;2;255;8;20;285
382_B_SP;445;0;2;255;8;20;285
382_B_SP;450;0;2;255;8;20;285
382_B_SP;455;0;2;255;8;20;285
382_B_SP;460;0;2;255;8;20;285
382_B_SP;465;0;2;255;8;20;285
382_B_SP;470;0;2;255;8;20;285
382_B_SP;475;0;2;255;8;20;285
382_B_SP;480;0;1;220;8;23;252
382_B_SP;485;0;1;220;8;23;252
382_B_SP;490;0;1;220;8;23;252
382_B_SP;495;0;1;220;8;23;252
382_B_SP;500;0;1;220;8;23;252
382_B_SP;505;0;1;220;8;23;252
382_B_SP;510;0;1;220;8;23;252
382_B_SP;515;0;1;220;8;23;252
382_B_SP;520;0;1;220;8;23;252
382_B_SP;525;0;1;220;8;23;252
382_B_SP;530;0;1;220;8;23;252
382_B_SP;535;0;1;220;8;23;252
382_B_SP;540;1;1;206;9;28;245
382_B_SP;545;1;1;206;9;28;245
382_B_SP;550;1;1;206;9;28;245
382_B_SP;555;1;1;206;9;28;245
382_B_SP;560;1;1;206;9;28;245
382_B_SP;565;1;1;206;9;28;245
382_B_SP;570;1;1;206;9;28;245
382_B_SP;575;1;1;206;9;28;245
382_B_SP;580;1;1;206;9;28;245
382_B_SP;585;1;1;206;9;28;245
382_B_SP;590;1;1;206;9;28;245
382_B_SP;595;1;1;206;9;28;245
382_B_SP;600;1;1;209;9;28;248
382_B_SP;605;1;1;209;9;28;248
382_B_SP;610;1;1;209;9;28;248
382_B_SP;615;1;1;209;9;28;248
382_B_SP;620;1;1;209;9;28;248
382_B_SP;625;1;1;209;9;28;248
382_B_SP;630;1;1;209;9;28;248
382_B_SP;635;1;1;209;9;28;248
382_B_SP;640;1;1;209;9;28;248
382_B_SP;645;1;1;209;9;28;248
382_B_SP;650;1;1;209;9;28;248
382_B_SP;655;1;1;209;9;28;248
382_B_SP;660;0;1;219;9;29;258
382_B_SP;665;0;1;219;9;29;258
382_B_SP;670;0;1;219;9;29;258
382_B_SP;675;0;1;219;9;29;258
382_B_SP;680;0;1;219;9;29;258
382_B_SP;685;0;1;219;9;29;258
382_B_SP;690;0;1;219;9;29;258
382_B_SP;695;0;1;219;9;29;258
382_B_SP;700;0;1;219;9;29;258
382_B_SP;705;0;1;219;9;29;258
382_B_SP;710;0;1;219;9;29;258
382_B_SP;715;0;1;219;9;29;258
382_B_SP;720;0;1;213;8;27;249
382_B_SP;725;0;1;213;8;27;249
382_B_SP;730;0;1;213;8;27;249
382_B_SP;735;0;1;213;8;27;249
382_B_SP;740;0;1;213;8;27;249
382_B_SP;745;0;1;213;8;27;249
382_B_SP;750;0;1;213;8;27;249
382_B_SP;755;0;1;213;8;27;249
382_B_SP;760;0;1;213;8;27;249
382_B_SP;765;0;1;213;8;27;249
382_B_SP;770;0;1;213;8;27;249
382_B_SP;775;0;1;213;8;27;249
382_B_SP;780;0;1;210;8;25;244
382_B_SP;785;0;1;210;8;25;244
382_B_SP;790;0;1;210;8;25;244
382_B_SP;795;0;1;210;8;25;244
382_B_SP;800;0;1;210;8;25;244
382_B_SP;805;0;1;210;8;25;244
382_B_SP;810;0;1;210;8;25;244
382_B_SP;815;0;1;210;8;25;244
382_B_SP;820;0;1;210;8;25;244
382_B_SP;825;0;1;210;8;25;244
382_B_SP;830;0;1;210;8;25;244
382_B_SP;835;0;1;210;8;25;244
382_B_SP;840;0;1;224;9;27;261
382_B_SP;845;0;1;224;9;27;261
382_B_SP;850;0;1;224;9;27;261
382_B_SP;855;0;1;224;9;27;261
382_B_SP;860;0;1;224;9;27;261
382_B_SP;865;0;1;224;9;27;261
382_B_SP;870;0;1;224;9;27;261
382_B_SP;875;0;1;224;9;27;261
382_B_SP;880;0;1;224;9;27;261
382_B_SP;885;0;1;224;9;27;261
382_B_SP;890;0;1;224;9;27;261
382_B_SP;895;0;1;224;9;27;261
382_B_SP;900;0;2;276;9;24;311
382_B_SP;905;0;2;276;9;24;311
382_B_SP;910;0;2;276;9;24;311
382_B_SP;915;0;2;276;9;24;311
382_B_SP;920;0;2;276;9;24;311
382_B_SP;925;0;2;276;9;24;311
382_B_SP;930;0;2;276;9;24;311
382_B_SP;935;0;2;276;9;24;311
382_B_SP;940;0;2;276;9;24;311
382_B_SP;945;0;2;276;9;24;311
382_B_SP;950;0;2;276;9;24;311
382_B_SP;955;0;2;276;9;24;311
382_B_SP;960;0;2;304;9;18;333
382_B_SP;965;0;2;304;9;18;333
382_B_SP;970;0;2;304;9;18;333
382_B_SP;975;0;2;304;9;18;333
382_B_SP;980;0;2;304;9;18;333
382_B_SP;985;0;2;304;9;18;333
382_B_SP;990;0;2;304;9;18;333
382_B_SP;995;0;2;304;9;18;333
382_B_SP;1000;0;2;304;9;18;333
382_B_SP;1005;0;2;304;9;18;333
382_B_SP;1010;0;2;304;9;18;333
382_B_SP;1015;0;2;304;9;18;333
382_B_SP;1020;0;2;295;6;13;316
382_B_SP;1025;0;2;295;6;13;316
382_B_SP;1030;0;2;295;6;13;316
382_B_SP;1035;0;2;295;6;13;316
382_B_SP;1040;0;2;295;6;13;316
382_B_SP;1045;0;2;295;6;13;316
382_B_SP;1050;0;2;295;6;13;316
382_B_SP;1055;0;2;295;6;13;316
382_B_SP;1060;0;2;295;6;13;316
382_B_SP;1065;0;2;295;6;13;316
382_B_SP;1070;0;2;295;6;13;316
382_B_SP;1075;0;2;295;6;13;316
382_B_SP;1080;0;2;282;5;12;301
382_B_SP;1085;0;2;282;5;12;301
382_B_SP;1090;0;2;282;5;12;301
382_B_SP;1095;0;2;282;5;12;301
382_B_SP;1100;0;2;282;5;12;301
382_B_SP;1105;0;2;282;5;12;301
382_B_SP;1110;0;2;282;5;12;301
382_B_SP;1115;0;2;282;5;12;301
382_B_SP;1120;0;2;282;5;12;301
382_B_SP;1125;0;2;282;5;12;301
382_B_SP;1130;0;2;282;5;12;301
382_B_SP;1135;0;2;282;5;12;301
382_B_SP;1140;0;1;230;4;10;245
382_B_SP;1145;0;1;230;4;10;245
382_B_SP;1150;0;1;230;4;10;245
382_B_SP;1155;0;1;230;4;10;245
382_B_SP;1160;0;1;230;4;10;245
382_B_SP;1165;0;1;230;4;10;245
382_B_SP;1170;0;1;230;4;10;245
382_B_SP;1175;0;1;230;4;10;245
382_B_SP;1180;0;1;230;4;10;245
382_B_SP;1185;0;1;230;4;10;245
382_B_SP;1190;0;1;230;4;10;245
382_B_SP;1195;0;1;230;4;10;245
382_B_SP;1200;0;1;195;4;7;207
382_B_SP;1205;0;1;195;4;7;207
382_B_SP;1210;0;1;195;4;7;207
382_B_SP;1215;0;1;195;4;7;207
382_B_SP;1220;0;1;195;4;7;207
382_B_SP;1225;0;1;195;4;7;207
382_B_SP;1230;0;1;195;4;7;207
382_B_SP;1235;0;1;195;4;7;207
382_B_SP;1240;0;1;195;4;7;207
382_B_SP;1245;0;1;195;4;7;207
382_B_SP;1250;0;1;195;4;7;207
382_B_SP;1255;0;1;195;4;7;207
382_B_SP;1260;0;1;148;2;5;156
382_B_SP;1265;0;1;148;2;5;156
382_B_SP;1270;0;1;148;2;5;156
382_B_SP;1275;0;1;148;2;5;156
382_B_SP;1280;0;1;148;2;5;156
382_B_SP;1285;0;1;148;2;5;156
382_B_SP;1290;0;1;148;2;5;156
382_B_SP;1295;0;1;148;2;5;156
382_B_SP;1300;0;1;148;2;5;156
382_B_SP;1305;0;1;148;2;5;156
382_B_SP;1310;0;1;148;2;5;156
382_B_SP;1315;0;1;148;2;5;156
382_B_SP;1320;0;1;141;2;4;148
382_B_SP;1325;0;1;141;2;4;148
382_B_SP;1330;0;1;141;2;4;148
382_B_SP;1335;0;1;141;2;4;148
382_B_SP;1340;0;1;141;2;4;148
382_B_SP;1345;0;1;141;2;4;148
382_B_SP;1350;0;1;141;2;4;148
382_B_SP;1355;0;1;141;2;4;148
382_B_SP;1360;0;1;141;2;4;148
382_B_SP;1365;0;1;141;2;4;148
382_B_SP;1370;0;1;141;2;4;148
382_B_SP;1375;0;1;141;2;4;148
382_B_SP;1380;0;0;121;1;3;125
382_B_SP;1385;0;0;121;1;3;125
382_B_SP;1390;0;0;121;1;3;125
382_B_SP;1395;0;0;121;1;3;125
382_B_SP;1400;0;0;121;1;3;125
382_B_SP;1405;0;0;121;1;3;125
382_B_SP;1410;0;0;121;1;3;125
382_B_SP;1415;0;0;121;1;3;125
382_B_SP;1420;0;0;121;1;3;125
382_B_SP;1425;0;0;121;1;3;125
382_B_SP;1430;0;0;121;1;3;125
382_B_SP;1435;0;0;121;1;3;125
382_Z_SP;0;0;0;19;1;5;25
382_Z_SP;5;0;0;19;1;5;25
382_Z_SP;10;0;0;19;1;5;25
382_Z_SP;15;0;0;19;1;5;25
382_Z_SP;20;0;0;19;1;5;25
382_Z_SP;25;0;0;19;1;5;25
382_Z_SP;30;0;0;19;1;5;25
382_Z_SP;35;0;0;19;1;5;25
382_Z_SP;40;0;0;19;1;5;25
382_Z_SP;45;0;0;19;1;5;25
382_Z_SP;50;0;0;19;1;5;25
382_Z_SP;55;0;0;19;1;5;25
382_Z_SP;60;0;0;10;1;4;15
382_Z_SP;65;0;0;10;1;4;15
382_Z_SP;70;0;0;10;1;4;15
382_Z_SP;75;0;0;10;1;4;15
382_Z_SP;80;0;0;10;1;4;15
382_Z_SP;85;0;0;10;1;4;15
382_Z_SP;90;0;0;10;1;4;15
382_Z_SP;95;0;0;10;1;4;15
382_Z_SP;100;0;0;10;1;4;15
382_Z_SP;105;0;0;10;1;4;15
382_Z_SP;110;0;0;10;1;4;15
382_Z_SP;115;0;0;10;1;4;15
382_Z_SP;120;0;0;8;1;4;13
382_Z_SP;125;0;0;8;1;4;13
382_Z_SP;130;0;0;8;1;4;13
382_Z_SP;135;0;0;8;1;4;13
382_Z_SP;140;0;0;8;1;4;13
382_Z_SP;145;0;0;8;1;4;13
382_Z_SP;150;0;0;8;1;4;13
382_Z_SP;155;0;0;8;1;4;13
382_Z_SP;160;0;0;8;1;4;13
382_Z_SP;165;0;0;8;1;4;13
382_Z_SP;170;0;0;8;1;4;13
382_Z_SP;175;0;0;8;1;4;13
382_Z_SP;180;0;0;13;2;7;22
382_Z_SP;185;0;0;13;2;7;22
382_Z_SP;190;0;0;13;2;7;22
382_Z_SP;195;0;0;13;2;7;22
382_Z_SP;200;0;0;13;2;7;22
382_Z_SP;205;0;0;13;2;7;22
382_Z_SP;210;0;0;13;2;7;22
382_Z_SP;215;0;0;13;2;7;22
382_Z_SP;220;0;0;13;2;7;22
382_Z_SP;225;0;0;13;2;7;22
382_Z_SP;230;0;0;13;2;7;22
382_Z_SP;235;0;0;13;2;7;22
382_Z_SP;240;0;0;35;2;18;55
382_Z_SP;245;0;0;35;2;18;55
382_Z_SP;250;0;0;35;2;18;55
382_Z_SP;255;0;0;35;2;18;55
382_Z_SP;260;0;0;35;2;18;55
382_Z_SP;265;0;0;35;2;18;55
382_Z_SP;270;0;0;35;2;18;55
382_Z_SP;275;0;0;35;2;18;55
382_Z_SP;280;0;0;35;2;18;55
382_Z_SP;285;0;0;35;2;18;55
382_Z_SP;290;0;0;35;2;18;55
382_Z_SP;295;0;0;35;2;18;55
382_Z_SP;300;0;2;147;9;65;223
382_Z_SP;305;0;2;147;9;65;223
382_Z_SP;310;0;2;147;9;65;223
382_Z_SP;315;0;2;147;9;65;223
382_Z_SP;320;0;2;147;9;65;223
382_Z_SP;325;0;2;147;9;65;223
382_Z_SP;330;0;2;147;9;65;223
382_Z_SP;335;0;2;147;9;65;223
382_Z_SP;340;0;2;147;9;65;223
382_Z_SP;345;0;2;147;9;65;223
382_Z_SP;350;0;2;147;9;65;223
382_Z_SP;355;0;2;147;9;65;223
382_Z_SP;360;0;2;239;14;44;299
382_Z_SP;365;0;2;239;14;44;299
382_Z_SP;370;0;2;239;14;44;299
382_Z_SP;375;0;2;239;14;44;299
382_Z_SP;380;0;2;239;14;44;299
382_Z_SP;385;0;2;239;14;44;299
382_Z_SP;390;0;2;239;14;44;299
382_Z_SP;395;0;2;239;14;44;299
382_Z_SP;400;0;2;239;14;44;299
382_Z_SP;405;0;2;239;14;44;299
382_Z_SP;410;0;2;239;14;44;299
382_Z_SP;415;0;2;239;14;44;299
382_Z_SP;420;0;2;231;13;30;276
382_Z_SP;425;0;2;231;13;30;276
382_Z_SP;430;0;2;231;13;30;276
382_Z_SP;435;0;2;231;13;30;276
382_Z_SP;440;0;2;231;13;30;276
382_Z_SP;445;0;2;231;13;30;276
382_Z_SP;450;0;2;231;13;30;276
382_Z_SP;455;0;2;231;13;30;276
382_Z_SP;460;0;2;231;13;30;276
382_Z_SP;465;0;2;231;13;30;276
382_Z_SP;470;0;2;231;13;30;276
382_Z_SP;475;0;2;231;13;30;276
382_Z_SP;480;0;2;212;12;35;261
382_Z_SP;485;0;2;212;12;35;261
382_Z_SP;490;0;2;212;12;35;261
382_Z_SP;495;0;2;212;12;35;261
382_Z_SP;500;0;2;212;12;35;261
382_Z_SP;505;0;2;212;12;35;261
382_Z_SP;510;0;2;212;12;35;261
382_Z_SP;515;0;2;212;12;35;261
382_Z_SP;520;0;2;212;12;35;261
382_Z_SP;525;0;2;212;12;35;261
382_Z_SP;530;0;2;212;12;35;261
382_Z_SP;535;0;2;212;12;35;261
382_Z_SP;540;0;2;180;11;41;234
382_Z_SP;545;0;2;180;11;41;234
382_Z_SP;550;0;2;180;11;41;234
382_Z_SP;555;0;2;180;11;41;234
382_Z_SP;560;0;2;180;11;41;234
382_Z_SP;565;0;2;180;11;41;234
382_Z_SP;570;0;2;180;11;41;234
382_Z_SP;575;0;2;180;11;41;234
382_Z_SP;580;0;2;180;11;41;234
382_Z_SP;585;0;2;180;11;41;234
382_Z_SP;590;0;2;180;11;41;234
382_Z_SP;595;0;2;180;11;41;234
382_Z_SP;600;0;2;168;10;37;217
382_Z_SP;605;0;2;168;10;37;217
382_Z_SP;610;0;2;168;10;37;217
382_Z_SP;615;0;2;168;10;37;217
382_Z_SP;620;0;2;168;10;37;217
382_Z_SP;625;0;2;168;10;37;217
382_Z_SP;630;0;2;168;10;37;217
382_Z_SP;635;0;2;168;10;37;217
382_Z_SP;640;0;2;168;10;37;217
382_Z_SP;645;0;2;168;10;37;217
382_Z_SP;650;0;2;168;10;37;217
382_Z_SP;655;0;2;168;10;37;217
382_Z_SP;660;0;2;167;11;33;213
382_Z_SP;665;0;2;167;11;33;213
382_Z_SP;670;0;2;167;11;33;213
382_Z_SP;675;0;2;167;11;33;213
382_Z_SP;680;0;2;167;11;33;213
382_Z_SP;685;0;2;167;11;33;213
382_Z_SP;690;0;2;167;11;33;213
382_Z_SP;695;0;2;167;11;33;213
382_Z_SP;700;0;2;167;11;33;213
382_Z_SP;705;0;2;167;11;33;213
382_Z_SP;710;0;2;167;11;33;213
382_Z_SP;715;0;2;167;11;33;213
382_Z_SP;720;0;2;177;10;31;220
382_Z_SP;725;0;2;177;10;31;220
382_Z_SP;730;0;2;177;10;31;220
382_Z_SP;735;0;2;177;10;31;220
382_Z_SP;740;0;2;177;10;31;220
382_Z_SP;745;0;2;177;10;31;220
382_Z_SP;750;0;2;177;10;31;220
382_Z_SP;755;0;2;177;10;31;220
382_Z_SP;760;0;2;177;10;31;220
382_Z_SP;765;0;2;177;10;31;220
382_Z_SP;770;0;2;177;10;31;220
382_Z_SP;775;0;2;177;10;31;220
382_Z_SP;780;0;2;186;12;34;234
382_Z_SP;785;0;2;186;12;34;234
382_Z_SP;790;0;2;186;12;34;234
382_Z_SP;795;0;2;186;12;34;234
382_Z_SP;800;0;2;186;12;34;234
382_Z_SP;805;0;2;186;12;34;234
382_Z_SP;810;0;2;186;12;34;234
382_Z_SP;815;0;2;186;12;34;234
382_Z_SP;820;0;2;186;12;34;234
382_Z_SP;825;0;2;186;12;34;234
382_Z_SP;830;0;2;186;12;34;234
382_Z_SP;835;0;2;186;12;34;234
382_Z_SP;840;1;2;193;12;38;246
382_Z_SP;845;1;2;193;12;38;246
382_Z_SP;850;1;2;193;12;38;246
382_Z_SP;855;1;2;193;12;38;246
382_Z_SP;860;1;2;193;12;38;246
382_Z_SP;865;1;2;193;12;38;246
382_Z_SP;870;1;2;193;12;38;246
382_Z_SP;875;1;2;193;12;38;246
382_Z_SP;880;1;2;193;12;38;246
382_Z_SP;885;1;2;193;12;38;246
382_Z_SP;890;1;2;193;12;38;246
382_Z_SP;895;1;2;193;12;38;246
382_Z_SP;900;1;2;212;10;34;259
382_Z_SP;905;1;2;212;10;34;259
382_Z_SP;910;1;2;212;10;34;259
382_Z_SP;915;1;2;212;10;34;259
382_Z_SP;920;1;2;212;10;34;259
382_Z_SP;925;1;2;212;10;34;259
382_Z_SP;930;1;2;212;10;34;259
382_Z_SP;935;1;2;212;10;34;259
382_Z_SP;940;1;2;212;10;34;259
382_Z_SP;945;1;2;212;10;34;259
382_Z_SP;950;1;2;212;10;34;259
382_Z_SP;955;1;2;212;10;34;259
382_Z_SP;960;0;3;251;9;19;282
382_Z_SP;965;0;3;251;9;19;282
382_Z_SP;970;0;3;251;9;19;282
382_Z_SP;975;0;3;251;9;19;282
382_Z_SP;980;0;3;251;9;19;282
382_Z_SP;985;0;3;251;9;19;282
382_Z_SP;990;0;3;251;9;19;282
382_Z_SP;995;0;3;251;9;19;282
382_Z_SP;1000;0;3;251;9;19;282
382_Z_SP;1005;0;3;251;9;19;282
382_Z_SP;1010;0;3;251;9;19;282
382_Z_SP;1015;0;3;251;9;19;282
382_Z_SP;1020;0;4;263;7;12;286
382_Z_SP;1025;0;4;263;7;12;286
382_Z_SP;1030;0;4;263;7;12;286
382_Z_SP;1035;0;4;263;7;12;286
382_Z_SP;1040;0;4;263;7;12;286
382_Z_SP;1045;0;4;263;7;12;286
382_Z_SP;1050;0;4;263;7;12;286
382_Z_SP;1055;0;4;263;7;12;286
382_Z_SP;1060;0;4;263;7;12;286
382_Z_SP;1065;0;4;263;7;12;286
382_Z_SP;1070;0;4;263;7;12;286
382_Z_SP;1075;0;4;263;7;12;286
382_Z_SP;1080;0;3;214;5;8;230
382_Z_SP;1085;0;3;214;5;8;230
382_Z_SP;1090;0;3;214;5;8;230
382_Z_SP;1095;0;3;214;5;8;230
382_Z_SP;1100;0;3;214;5;8;230
382_Z_SP;1105;0;3;214;5;8;230
382_Z_SP;1110;0;3;214;5;8;230
382_Z_SP;1115;0;3;214;5;8;230
382_Z_SP;1120;0;3;214;5;8;230
382_Z_SP;1125;0;3;214;5;8;230
382_Z_SP;1130;0;3;214;5;8;230
382_Z_SP;1135;0;3;214;5;8;230
382_Z_SP;1140;0;2;145;4;8;159
382_Z_SP;1145;0;2;145;4;8;159
382_Z_SP;1150;0;2;145;4;8;159
382_Z_SP;1155;0;2;145;4;8;159
382_Z_SP;1160;0;2;145;4;8;159
382_Z_SP;1165;0;2;145;4;8;159
382_Z_SP;1170;0;2;145;4;8;159
382_Z_SP;1175;0;2;145;4;8;159
382_Z_SP;1180;0;2;145;4;8;159
382_Z_SP;1185;0;2;145;4;8;159
382_Z_SP;1190;0;2;145;4;8;159
382_Z_SP;1195;0;2;145;4;8;159
382_Z_SP;1200;0;1;104;3;6;114
382_Z_SP;1205;0;1;104;3;6;114
382_Z_SP;1210;0;1;104;3;6;114
382_Z_SP;1215;0;1;104;3;6;114
382_Z_SP;1220;0;1;104;3;6;114
382_Z_SP;1225;0;1;104;3;6;114
382_Z_SP;1230;0;1;104;3;6;114
382_Z_SP;1235;0;1;104;3;6;114
382_Z_SP;1240;0;1;104;3;6;114
382_Z_SP;1245;0;1;104;3;6;114
382_Z_SP;1250;0;1;104;3;6;114
382_Z_SP;1255;0;1;104;3;6;114
382_Z_SP;1260;0;1;88;2;4;95
382_Z_SP;1265;0;1;88;2;4;95
382_Z_SP;1270;0;1;88;2;4;95
382_Z_SP;1275;0;1;88;2;4;95
382_Z_SP;1280;0;1;88;2;4;95
382_Z_SP;1285;0;1;88;2;4;95
382_Z_SP;1290;0;1;88;2;4;95
382_Z_SP;1295;0;1;88;2;4;95
382_Z_SP;1300;0;1;88;2;4;95
382_Z_SP;1305;0;1;88;2;4;95
382_Z_SP;1310;0;1;88;2;4;95
382_Z_SP;1315;0;1;88;2;4;95
382_Z_SP;1320;0;1;75;2;4;82
382_Z_SP;1325;0;1;75;2;4;82
382_Z_SP;1330;0;1;75;2;4;82
382_Z_SP;1335;0;1;75;2;4;82
382_Z_SP;1340;0;1;75;2;4;82
382_Z_SP;1345;0;1;75;2;4;82
382_Z_SP;1350;0;1;75;2;4;82
382_Z_SP;1355;0;1;75;2;4;82
382_Z_SP;1360;0;1;75;2;4;82
382_Z_SP;1365;0;1;75;2;4;82
382_Z_SP;1370;0;1;75;2;4;82
382_Z_SP;1375;0;1;75;2;4;82
382_Z_SP;1380;0;1;47;3;5;56
382_Z_SP;1385;0;1;47;3;5;56
382_Z_SP;1390;0;1;47;3;5;56
382_Z_SP;1395;0;1;47;3;5;56
382_Z_SP;1400;0;1;47;3;5;56
382_Z_SP;1405;0;1;47;3;5;56
382_Z_SP;1410;0;1;47;3;5;56
382_Z_SP;1415;0;1;47;3;5;56
382_Z_SP;1420;0;1;47;3;5;56
382_Z_SP;1425;0;1;47;3;5;56
382_Z_SP;1430;0;1;47;3;5;56
382_Z_SP;1435;0;1;47;3;5;56
48_B_off_SP;0;0;0;7;0;0;7
48_B_off_SP;5;0;0;6;0;0;6
48_B_off_SP;10;1;0;6;0;0;7
48_B_off_SP;15;0;0;6;0;0;6
48_B_off_SP;20;0;0;6;0;0;6
48_B_off_SP;25;1;0;4;0;0;5
48_B_off_SP;30;0;0;4;0;0;4
48_B_off_SP;35;0;0;4;0;0;4
48_B_off_SP;40;0;0;4;0;0;4
48_B_off_SP;45;0;0;4;0;0;4
48_B_off_SP;50;0;0;4;0;0;4
48_B_off_SP;55;0;0;3;0;0;3
48_B_off_SP;60;0;0;3;0;0;3
48_B_off_SP;65;0;0;2;0;0;2
48_B_off_SP;70;0;0;2;0;0;2
48_B_off_SP;75;0;0;2;0;0;2
48_B_off_SP;80;0;0;2;0;0;2
48_B_off_SP;85;0;0;2;0;0;2
48_B_off_SP;90;0;0;2;0;0;2
48_B_off_SP;95;0;0;2;0;0;2
48_B_off_SP;100;0;0;2;0;0;2
48_B_off_SP;105;0;0;1;0;0;1
48_B_off_SP;110;0;0;1;0;0;1
48_B_off_SP;115;0;0;1;0;0;1
48_B_off_SP;120;0;0;1;0;0;1
48_B_off_SP;125;0;0;1;0;0;1
48_B_off_SP;130;0;0;1;0;0;1
48_B_off_SP;135;0;0;1;0;0;1
48_B_off_SP;140;0;0;1;0;0;1
48_B_off_SP;145;0;0;1;0;0;1
48_B_off_SP;150;0;0;1;0;0;1
48_B_off_SP;155;0;0;1;0;0;1
48_B_off_SP;160;0;0;1;0;0;1
48_B_off_SP;165;0;0;1;0;0;1
48_B_off_SP;170;0;0;1;0;0;1
48_B_off_SP;175;0;0;1;0;0;1
48_B_off_SP;180;0;0;2;0;0;2
48_B_off_SP;185;0;0;2;0;0;2
48_B_off_SP;190;0;0;2;0;0;2
48_B_off_SP;195;0;0;2;0;0;2
48_B_off_SP;200;0;0;1;0;0;1
48_B_off_SP;205;0;0;1;0;0;1
48_B_off_SP;210;0;0;1;0;0;1
48_B_off_SP;215;0;0;2;0;0;2
48_B_off_SP;220;0;0;2;0;0;2
48_B_off_SP;225;0;0;1;0;0;1
48_B_off_SP;230;0;0;2;0;0;2
48_B_off_SP;235;0;0;2;0;0;2
48_B_off_SP;240;0;0;3;0;0;3
48_B_off_SP;245;0;0;4;0;0;4
48_B_off_SP;250;0;0;4;0;0;4
48_B_off_SP;255;0;0;4;0;0;4
48_B_off_SP;260;0;0;6;0;0;6
48_B_off_SP;265;0;0;7;0;0;7
48_B_off_SP;270;0;0;7;0;0;7
48_B_off_SP;275;0;0;7;0;0;7
48_B_off_SP;280;0;0;7;0;0;7
48_B_off_SP;285;0;0;6;0;0;6
48_B_off_SP;290;0;0;7;1;0;8
48_B_off_SP;295;0;0;7;1;0;8
48_B_off_SP;300;0;0;9;1;0;10
48_B_off_SP;305;0;0;10;1;0;11
48_B_off_SP;310;0;0;12;1;0;13
48_B_off_SP;315;0;0;12;1;0;13
48_B_off_SP;320;0;0;14;1;0;15
48_B_off_SP;325;1;0;16;2;0;19
48_B_off_SP;330;0;0;18;2;0;20
48_B_off_SP;335;0;0;19;2;0;21
48_B_off_SP;340;1;0;20;2;0;23
48_B_off_SP;345;0;0;24;3;0;27
48_B_off_SP;350;0;0;26;3;0;29
48_B_off_SP;355;2;0;25;4;0;31
48_B_off_SP;360;0;0;27;4;0;31
48_B_off_SP;365;0;0;30;4;0;34
48_B_off_SP;370;2;0;31;5;1;39
48_B_off_SP;375;0;0;33;6;0;39
48_B_off_SP;380;0;0;36;6;2;44
48_B_off_SP;385;2;0;38;6;2;48
48_B_off_SP;390;0;0;41;6;2;49
48_B_off_SP;395;0;0;40;7;2;49
48_B_off_SP;400;2;0;42;7;2;53
48_B_off_SP;405;0;0;42;8;2;52
48_B_off_SP;410;0;0;41;8;3;52
48_B_off_SP;415;2;0;38;7;2;49
48_B_off_SP;420;0;0;39;6;3;48
48_B_off_SP;425;0;0;39;7;3;49
48_B_off_SP;430;2;0;42;7;2;53
48_B_off_SP;435;0;0;42;7;4;53
48_B_off_SP;440;0;0;41;7;3;51
48_B_off_SP;445;2;0;39;7;3;51
48_B_off_SP;450;0;0;39;7;3;49
48_B_off_SP;455;0;0;39;6;3;48
48_B_off_SP;460;2;0;41;6;3;52
48_B_off_SP;465;0;0;42;7;3;52
48_B_off_SP;470;0;0;39;6;3;48
48_B_off_SP;475;2;0;37;6;3;48
48_B_off_SP;480;0;0;36;6;2;44
48_B_off_SP;485;0;0;34;5;3;42
48_B_off_SP;490;2;0;36;6;2;46
48_B_off_SP;495;0;0;38;6;3;47
48_B_off_SP;500;0;0;38;5;2;45
48_B_off_SP;505;2;0;38;5;3;48
48_B_off_SP;510;0;0;38;5;3;46
48_B_off_SP;515;0;0;38;5;3;46
48_B_off_SP;520;2;0;39;5;2;48
48_B_off_SP;525;0;0;41;5;3;49
48_B_off_SP;530;0;0;40;6;3;49
48_B_off_SP;535;2;0;39;5;3;49
48_B_off_SP;540;0;0;38;5;3;46
48_B_off_SP;545;0;0;37;5;3;45
48_B_off_SP;550;2;0;39;5;3;49
48_B_off_SP;555;0;0;40;5;2;47
48_B_off_SP;560;0;0;39;5;3;47
48_B_off_SP;565;2;0;41;5;3;51
48_B_off_SP;570;0;0;42;5;3;50
48_B_off_SP;575;0;0;42;5;3;50
48_B_off_SP;580;2;0;46;5;4;57
48_B_off_SP;585;0;0;46;6;4;56
48_B_off_SP;590;0;0;46;5;4;55
48_B_off_SP;595;2;0;45;6;4;57
48_B_off_SP;600;0;0;44;5;4;53
48_B_off_SP;605;0;0;44;5;4;53
48_B_off_SP;610;2;0;46;5;4;57
48_B_off_SP;615;0;0;47;5;3;55
48_B_off_SP;620;0;0;47;6;4;57
48_B_off_SP;625;2;0;47;5;2;56
48_B_off_SP;630;0;0;47;6;4;57
48_B_off_SP;635;0;0;47;5;3;55
48_B_off_SP;640;2;0;49;5;3;59
48_B_off_SP;645;0;0;49;6;4;59
48_B_off_SP;650;0;0;48;6;3;57
48_B_off_SP;655;2;0;47;6;4;59
48_B_off_SP;660;0;0;46;6;3;55
48_B_off_SP;665;0;0;47;5;3;55
48_B_off_SP;670;2;0;49;5;3;59
48_B_off_SP;675;0;0;48;6;3;57
48_B_off_SP;680;0;0;47;5;3;55
48_B_off_SP;685;2;0;49;6;3;60
48_B_off_SP;690;0;0;49;5;4;58
48_B_off_SP;695;0;0;49;6;2;57
48_B_off_SP;700;2;0;50;6;2;60
48_B_off_SP;705;0;0;50;6;2;58
48_B_off_SP;710;0;0;49;6;2;57
48_B_off_SP;715;1;0;50;6;2;59
48_B_off_SP;720;1;0;52;6;2;61
48_B_off_SP;725;0;0;53;5;2;60
48_B_off_SP;730;1;1;52;5;2;61
48_B_off_SP;735;0;0;48;5;2;55
48_B_off_SP;740;0;0;45;5;2;52
48_B_off_SP;745;2;0;43;4;2;51
48_B_off_SP;750;0;0;44;4;2;50
48_B_off_SP;755;0;0;42;4;2;48
48_B_off_SP;760;2;0;46;5;2;55
48_B_off_SP;765;0;0;47;5;2;54
48_B_off_SP;770;0;0;49;5;2;56
48_B_off_SP;775;2;0;49;6;2;59
48_B_off_SP;780;0;0;50;6;2;58
48_B_off_SP;785;0;1;50;6;2;59
48_B_off_SP;790;2;1;52;6;2;63
48_B_off_SP;795;0;1;54;6;3;64
48_B_off_SP;800;0;1;54;6;2;63
48_B_off_SP;805;2;1;53;6;3;65
48_B_off_SP;810;0;1;52;6;2;61
48_B_off_SP;815;0;0;52;6;2;60
48_B_off_SP;820;2;1;54;6;3;66
48_B_off_SP;825;0;0;55;6;3;64
48_B_off_SP;830;0;0;54;6;2;62
48_B_off_SP;835;2;1;53;6;3;65
48_B_off_SP;840;0;1;53;6;3;63
48_B_off_SP;845;0;1;54;6;3;64
48_B_off_SP;850;2;1;56;6;2;67
48_B_off_SP;855;0;1;57;6;2;66
48_B_off_SP;860;0;1;56;6;3;66
48_B_off_SP;865;2;1;57;6;3;69
48_B_off_SP;870;0;1;58;6;2;67
48_B_off_SP;875;0;1;57;6;2;66
48_B_off_SP;880;2;1;58;6;2;69
48_B_off_SP;885;0;1;59;6;2;68
48_B_off_SP;890;0;1;58;6;2;67
48_B_off_SP;895;2;1;58;6;2;69
48_B_off_SP;900;0;1;58;6;2;67
48_B_off_SP;905;0;1;58;6;2;67
48_B_off_SP;910;1;1;59;6;2;69
48_B_off_SP;915;1;1;59;6;2;69
48_B_off_SP;920;0;1;60;6;2;69
48_B_off_SP;925;2;1;60;6;2;71
48_B_off_SP;930;0;1;62;6;2;71
48_B_off_SP;935;0;1;61;6;2;70
48_B_off_SP;940;2;1;61;6;2;72
48_B_off_SP;945;0;1;62;6;2;71
48_B_off_SP;950;0;1;61;6;2;70
48_B_off_SP;955;2;1;62;6;2;73
48_B_off_SP;960;0;1;62;6;2;71
48_B_off_SP;965;0;1;64;7;2;74
48_B_off_SP;970;0;1;64;6;2;73
48_B_off_SP;975;2;1;65;6;2;76
48_B_off_SP;980;0;1;66;7;2;76
48_B_off_SP;985;1;1;67;7;1;77
48_B_off_SP;990;1;1;67;7;1;77
48_B_off_SP;995;0;1;68;7;0;76
48_B_off_SP;1000;0;1;68;7;1;77
48_B_off_SP;1005;2;1;68;7;0;78
48_B_off_SP;1010;0;1;68;7;0;76
48_B_off_SP;1015;0;1;69;7;0;77
48_B_off_SP;1020;2;1;69;7;0;79
48_B_off_SP;1025;0;1;70;7;0;78
48_B_off_SP;1030;0;1;73;7;0;81
48_B_off_SP;1035;2;1;71;6;0;80
48_B_off_SP;1040;0;1;72;6;0;79
48_B_off_SP;1045;0;1;72;6;0;79
48_B_off_SP;1050;2;1;71;6;0;80
48_B_off_SP;1055;0;1;72;6;0;79
48_B_off_SP;1060;0;1;72;5;0;78
48_B_off_SP;1065;2;1;71;6;0;80
48_B_off_SP;1070;0;1;70;5;0;76
48_B_off_SP;1075;2;1;69;5;0;77
48_B_off_SP;1080;0;1;66;5;0;72
48_B_off_SP;1085;0;1;66;4;0;71
48_B_off_SP;1090;0;1;65;4;0;70
48_B_off_SP;1095;2;1;65;4;0;72
48_B_off_SP;1100;0;1;63;4;0;68
48_B_off_SP;1105;2;1;61;4;0;68
48_B_off_SP;1110;0;1;60;4;0;65
48_B_off_SP;1115;0;1;58;4;0;63
48_B_off_SP;1120;2;1;58;4;0;65
48_B_off_SP;1125;0;1;58;4;0;63
48_B_off_SP;1130;0;1;57;4;0;62
48_B_off_SP;1135;2;1;55;3;0;61
48_B_off_SP;1140;0;1;54;3;0;58
48_B_off_SP;1145;0;0;52;2;0;54
48_B_off_SP;1150;2;1;51;3;0;57
48_B_off_SP;1155;0;1;49;2;0;52
48_B_off_SP;1160;0;0;45;2;0;47
48_B_off_SP;1165;2;1;44;2;0;49
48_B_off_SP;1170;0;0;42;2;0;44
48_B_off_SP;1175;0;0;41;2;0;43
48_B_off_SP;1180;2;1;41;2;0;46
48_B_off_SP;1185;0;0;39;2;0;41
48_B_off_SP;1190;0;0;38;2;0;40
48_B_off_SP;1195;2;0;38;2;0;42
48_B_off_SP;1200;0;0;37;2;0;39
48_B_off_SP;1205;0;0;38;1;0;39
48_B_off_SP;1210;2;0;38;1;0;41
48_B_off_SP;1215;0;0;35;1;0;36
48_B_off_SP;1220;0;0;34;1;0;35
48_B_off_SP;1225;1;0;33;1;0;35
48_B_off_SP;1230;0;0;32;1;0;33
48_B_off_SP;1235;0;0;31;1;0;32
48_B_off_SP;1240;1;0;31;1;0;33
48_B_off_SP;1245;0;0;30;1;0;31
48_B_off_SP;1250;0;0;28;1;0;29
48_B_off_SP;1255;0;0;28;1;0;29
48_B_off_SP;1260;1;0;27;1;0;29
48_B_off_SP;1265;0;0;26;1;0;27
48_B_off_SP;1270;1;0;28;1;0;30
48_B_off_SP;1275;0;0;26;1;0;27
48_B_off_SP;1280;0;0;26;1;0;27
48_B_off_SP;1285;0;0;25;1;0;26
48_B_off_SP;1290;0;0;25;1;0;26
48_B_off_SP;1295;0;0;25;1;0;26
48_B_off_SP;1300;1;0;24;1;0;26
48_B_off_SP;1305;0;0;24;1;0;25
48_B_off_SP;1310;0;0;23;1;0;24
48_B_off_SP;1315;0;0;23;1;0;24
48_B_off_SP;1320;0;0;23;1;0;24
48_B_off_SP;1325;0;0;23;1;0;24
48_B_off_SP;1330;1;0;23;1;0;25
48_B_off_SP;1335;0;0;22;1;0;23
48_B_off_SP;1340;0;0;23;1;0;24
48_B_off_SP;1345;0;0;21;1;0;22
48_B_off_SP;1350;0;0;20;1;0;21
48_B_off_SP;1355;0;0;20;1;0;21
48_B_off_SP;1360;1;0;18;1;0;20
48_B_off_SP;1365;0;0;18;1;0;19
48_B_off_SP;1370;0;0;18;1;0;19
48_B_off_SP;1375;0;0;16;1;0;17
48_B_off_SP;1380;0;0;16;1;0;17
48_B_off_SP;1385;0;0;15;1;0;16
48_B_off_SP;1390;1;0;16;1;0;18
48_B_off_SP;1395;0;0;15;1;0;16
48_B_off_SP;1400;0;0;15;1;0;16
48_B_off_SP;1405;0;0;14;1;0;15
48_B_off_SP;1410;0;0;13;1;0;14
48_B_off_SP;1415;0;0;12;0;0;12
48_B_off_SP;1420;1;0;12;0;0;13
48_B_off_SP;1425;0;0;12;0;0;12
48_B_off_SP;1430;0;0;10;0;0;10
48_B_off_SP;1435;0;0;10;0;0;10
48_B_on_SP;0;0;0;6;0;0;6
48_B_on_SP;5;0;0;6;0;0;6
48_B_on_SP;10;1;0;5;0;0;6
48_B_on_SP;15;0;0;5;0;0;5
48_B_on_SP;20;0;0;5;0;0;5
48_B_on_SP;25;1;0;4;0;0;5
48_B_on_SP;30;0;0;4;0;0;4
48_B_on_SP;35;0;0;4;0;0;4
48_B_on_SP;40;0;0;3;0;0;3
48_B_on_SP;45;0;0;3;0;0;3
48_B_on_SP;50;0;0;3;0;0;3
48_B_on_SP;55;0;0;3;0;0;3
48_B_on_SP;60;0;0;3;0;0;3
48_B_on_SP;65;0;0;2;0;0;2
48_B_on_SP;70;0;0;2;0;0;2
48_B_on_SP;75;0;0;2;0;0;2
48_B_on_SP;80;0;0;2;0;0;2
48_B_on_SP;85;0;0;2;0;0;2
48_B_on_SP;90;0;0;2;0;0;2
48_B_on_SP;95;0;0;2;0;0;2
48_B_on_SP;100;0;0;2;0;0;2
48_B_on_SP;105;0;0;1;0;0;1
48_B_on_SP;110;0;0;1;0;0;1
48_B_on_SP;115;0;0;1;0;0;1
48_B_on_SP;120;0;0;1;0;0;1
48_B_on_SP;125;0;0;1;0;0;1
48_B_on_SP;130;0;0;1;0;0;1
48_B_on_SP;135;0;0;1;0;0;1
48_B_on_SP;140;0;0;1;0;0;1
48_B_on_SP;145;0;0;1;0;0;1
48_B_on_SP;150;0;0;1;0;0;1
48_B_on_SP;155;0;0;1;0;0;1
48_B_on_SP;160;0;0;1;0;0;1
48_B_on_SP;165;0;0;1;0;0;1
48_B_on_SP;170;0;0;1;0;0;1
48_B_on_SP;175;0;0;1;0;0;1
48_B_on_SP;180;0;0;2;0;0;2
48_B_on_SP;185;0;0;2;0;0;2
48_B_on_SP;190;0;0;2;0;0;2
48_B_on_SP;195;0;0;2;0;0;2
48_B_on_SP;200;0;0;1;0;0;1
48_B_on_SP;205;0;0;1;0;0;1
48_B_on_SP;210;0;0;1;0;0;1
48_B_on_SP;215;0;0;2;0;0;2
48_B_on_SP;220;0;0;2;0;0;2
48_B_on_SP;225;0;0;1;0;0;1
48_B_on_SP;230;0;0;2;0;0;2
48_B_on_SP;235;0;0;2;0;0;2
48_B_on_SP;240;0;0;3;0;0;3
48_B_on_SP;245;0;0;3;0;0;3
48_B_on_SP;250;0;0;3;0;0;3
48_B_on_SP;255;0;0;4;0;0;4
48_B_on_SP;260;0;0;6;0;0;6
48_B_on_SP;265;0;0;7;0;0;7
48_B_on_SP;270;0;0;6;0;0;6
48_B_on_SP;275;0;0;7;0;0;7
48_B_on_SP;280;0;0;6;0;0;6
48_B_on_SP;285;0;0;6;0;0;6
48_B_on_SP;290;0;0;6;1;0;7
48_B_on_SP;295;0;0;6;1;0;7
48_B_on_SP;300;0;0;9;1;0;10
48_B_on_SP;305;0;0;10;1;0;11
48_B_on_SP;310;0;0;11;1;0;12
48_B_on_SP;315;0;0;11;1;0;12
48_B_on_SP;320;0;0;13;1;0;14
48_B_on_SP;325;1;0;15;2;0;18
48_B_on_SP;330;0;0;17;2;0;19
48_B_on_SP;335;0;0;18;2;0;20
48_B_on_SP;340;1;0;19;2;0;22
48_B_on_SP;345;0;0;22;3;0;25
48_B_on_SP;350;0;0;24;3;0;27
48_B_on_SP;355;3;0;23;3;0;29
48_B_on_SP;360;0;0;25;4;0;29
48_B_on_SP;365;0;0;27;4;0;31
48_B_on_SP;370;3;0;29;5;1;38
48_B_on_SP;375;0;0;31;6;0;37
48_B_on_SP;380;0;0;33;5;3;41
48_B_on_SP;385;3;0;35;6;3;47
48_B_on_SP;390;0;0;38;6;3;47
48_B_on_SP;395;0;0;37;6;3;46
48_B_on_SP;400;3;0;39;6;3;51
48_B_on_SP;405;0;0;39;7;3;49
48_B_on_SP;410;0;0;38;7;4;49
48_B_on_SP;415;3;0;35;6;3;47
48_B_on_SP;420;0;0;36;6;4;46
48_B_on_SP;425;0;0;36;6;4;46
48_B_on_SP;430;3;0;39;6;3;51
48_B_on_SP;435;0;0;39;7;5;51
48_B_on_SP;440;0;0;38;7;4;49
48_B_on_SP;445;3;0;36;7;4;50
48_B_on_SP;450;0;0;36;6;4;46
48_B_on_SP;455;0;0;36;6;4;46
48_B_on_SP;460;3;0;38;6;4;51
48_B_on_SP;465;0;0;39;6;4;49
48_B_on_SP;470;0;0;36;6;4;46
48_B_on_SP;475;3;0;34;6;4;47
48_B_on_SP;480;0;0;33;5;3;41
48_B_on_SP;485;0;0;32;5;4;41
48_B_on_SP;490;3;0;34;5;3;45
48_B_on_SP;495;0;0;35;5;4;44
48_B_on_SP;500;0;0;35;5;3;43
48_B_on_SP;505;3;0;35;5;4;47
48_B_on_SP;510;0;0;35;5;4;44
48_B_on_SP;515;0;0;35;5;4;44
48_B_on_SP;520;3;0;36;5;3;47
48_B_on_SP;525;0;0;38;5;4;47
48_B_on_SP;530;0;0;37;5;4;46
48_B_on_SP;535;3;0;36;5;4;48
48_B_on_SP;540;0;0;35;5;4;44
48_B_on_SP;545;0;0;34;5;4;43
48_B_on_SP;550;3;0;36;5;4;48
48_B_on_SP;555;0;0;37;5;3;45
48_B_on_SP;560;0;0;36;5;4;45
48_B_on_SP;565;3;0;38;5;4;50
48_B_on_SP;570;0;0;39;5;4;48
48_B_on_SP;575;0;0;39;5;4;48
48_B_on_SP;580;3;0;42;5;5;55
48_B_on_SP;585;0;0;42;5;5;52
48_B_on_SP;590;0;0;43;5;5;53
48_B_on_SP;595;3;0;42;5;5;55
48_B_on_SP;600;0;0;41;5;5;51
48_B_on_SP;605;0;0;40;5;5;50
48_B_on_SP;610;3;0;42;5;5;55
48_B_on_SP;615;0;0;43;5;4;52
48_B_on_SP;620;0;0;43;6;5;54
48_B_on_SP;625;3;0;43;5;3;54
48_B_on_SP;630;0;0;43;5;5;53
48_B_on_SP;635;0;0;43;5;4;52
48_B_on_SP;640;3;0;46;5;4;58
48_B_on_SP;645;0;0;45;5;5;55
48_B_on_SP;650;0;0;44;5;4;53
48_B_on_SP;655;3;0;44;5;5;57
48_B_on_SP;660;0;0;43;5;4;52
48_B_on_SP;665;0;0;43;5;4;52
48_B_on_SP;670;3;0;45;5;4;57
48_B_on_SP;675;0;0;44;5;4;53
48_B_on_SP;680;0;0;44;5;4;53
48_B_on_SP;685;3;0;45;5;4;57
48_B_on_SP;690;0;0;46;5;5;56
48_B_on_SP;695;0;0;46;5;3;54
48_B_on_SP;700;3;0;47;5;3;58
48_B_on_SP;705;0;0;46;6;3;55
48_B_on_SP;710;0;0;45;6;3;54
48_B_on_SP;715;1;0;47;6;3;57
48_B_on_SP;720;1;0;48;5;3;57
48_B_on_SP;725;0;0;49;5;3;57
48_B_on_SP;730;1;1;48;5;3;58
48_B_on_SP;735;0;0;44;5;3;52
48_B_on_SP;740;0;0;42;5;3;50
48_B_on_SP;745;3;0;40;4;3;50
48_B_on_SP;750;0;0;41;4;3;48
48_B_on_SP;755;0;0;39;4;3;46
48_B_on_SP;760;3;0;43;5;3;54
48_B_on_SP;765;0;0;44;5;3;52
48_B_on_SP;770;0;0;45;5;3;53
48_B_on_SP;775;3;0;46;5;3;57
48_B_on_SP;780;0;0;46;6;3;55
48_B_on_SP;785;0;1;47;6;3;57
48_B_on_SP;790;3;1;48;5;3;60
48_B_on_SP;795;0;1;50;5;4;60
48_B_on_SP;800;0;1;50;6;3;60
48_B_on_SP;805;3;1;49;6;4;63
48_B_on_SP;810;0;1;48;6;3;58
48_B_on_SP;815;0;0;48;5;3;56
48_B_on_SP;820;3;1;50;5;4;63
48_B_on_SP;825;0;0;51;6;4;61
48_B_on_SP;830;0;0;50;5;3;58
48_B_on_SP;835;3;1;49;5;4;62
48_B_on_SP;840;0;1;49;6;4;60
48_B_on_SP;845;0;1;50;5;4;60
48_B_on_SP;850;3;1;52;6;3;65
48_B_on_SP;855;0;1;52;5;3;61
48_B_on_SP;860;0;1;52;5;4;62
48_B_on_SP;865;3;1;53;6;4;67
48_B_on_SP;870;0;1;54;6;3;64
48_B_on_SP;875;0;1;52;5;3;61
48_B_on_SP;880;3;1;54;6;3;67
48_B_on_SP;885;0;1;55;6;3;65
48_B_on_SP;890;0;1;54;5;3;63
48_B_on_SP;895;3;1;54;5;3;66
48_B_on_SP;900;0;1;54;5;3;63
48_B_on_SP;905;0;1;54;6;3;64
48_B_on_SP;910;1;1;55;6;3;66
48_B_on_SP;915;1;1;55;6;3;66
48_B_on_SP;920;0;1;55;6;3;65
48_B_on_SP;925;3;1;56;6;3;69
48_B_on_SP;930;0;1;57;6;3;67
48_B_on_SP;935;0;1;56;6;3;66
48_B_on_SP;940;3;1;56;6;3;69
48_B_on_SP;945;0;1;57;6;3;67
48_B_on_SP;950;0;1;56;6;3;66
48_B_on_SP;955;3;1;58;6;3;71
48_B_on_SP;960;0;1;57;6;3;67
48_B_on_SP;965;0;1;59;6;3;69
48_B_on_SP;970;0;1;59;6;3;69
48_B_on_SP;975;3;1;60;6;3;73
48_B_on_SP;980;0;1;61;6;3;71
48_B_on_SP;985;1;1;62;6;1;71
48_B_on_SP;990;1;1;62;7;1;72
48_B_on_SP;995;0;1;63;6;0;70
48_B_on_SP;1000;0;1;63;7;1;72
48_B_on_SP;1005;3;1;63;6;0;73
48_B_on_SP;1010;0;1;63;7;0;71
48_B_on_SP;1015;0;1;64;7;0;72
48_B_on_SP;1020;3;1;64;7;0;75
48_B_on_SP;1025;0;1;65;6;0;72
48_B_on_SP;1030;0;1;67;6;0;74
48_B_on_SP;1035;3;1;66;6;0;76
48_B_on_SP;1040;0;1;67;6;0;74
48_B_on_SP;1045;0;1;67;5;0;73
48_B_on_SP;1050;3;1;66;5;0;75
48_B_on_SP;1055;0;1;67;5;0;73
48_B_on_SP;1060;0;1;67;5;0;73
48_B_on_SP;1065;3;1;66;5;0;75
48_B_on_SP;1070;0;1;65;5;0;71
48_B_on_SP;1075;3;1;64;5;0;73
48_B_on_SP;1080;0;1;62;5;0;68
48_B_on_SP;1085;0;1;61;4;0;66
48_B_on_SP;1090;0;1;60;4;0;65
48_B_on_SP;1095;3;1;60;4;0;68
48_B_on_SP;1100;0;1;59;3;0;63
48_B_on_SP;1105;3;1;56;3;0;63
48_B_on_SP;1110;0;1;56;3;0;60
48_B_on_SP;1115;0;1;54;3;0;58
48_B_on_SP;1120;3;1;54;3;0;61
48_B_on_SP;1125;0;1;54;3;0;58
48_B_on_SP;1130;0;1;52;3;0;56
48_B_on_SP;1135;3;1;51;3;0;58
48_B_on_SP;1140;0;1;50;3;0;54
48_B_on_SP;1145;0;0;48;2;0;50
48_B_on_SP;1150;3;1;47;3;0;54
48_B_on_SP;1155;0;1;46;2;0;49
48_B_on_SP;1160;0;0;42;2;0;44
48_B_on_SP;1165;3;1;40;2;0;46
48_B_on_SP;1170;0;0;39;2;0;41
48_B_on_SP;1175;0;0;38;2;0;40
48_B_on_SP;1180;3;1;38;2;0;44
48_B_on_SP;1185;0;0;36;2;0;38
48_B_on_SP;1190;0;0;35;2;0;37
48_B_on_SP;1195;3;0;35;2;0;40
48_B_on_SP;1200;0;0;34;2;0;36
48_B_on_SP;1205;0;0;35;1;0;36
48_B_on_SP;1210;3;0;35;1;0;39
48_B_on_SP;1215;0;0;33;1;0;34
48_B_on_SP;1220;0;0;31;1;0;32
48_B_on_SP;1225;1;0;30;1;0;32
48_B_on_SP;1230;0;0;30;1;0;31
48_B_on_SP;1235;0;0;29;1;0;30
48_B_on_SP;1240;1;0;29;1;0;31
48_B_on_SP;1245;0;0;27;1;0;28
48_B_on_SP;1250;0;0;26;1;0;27
48_B_on_SP;1255;0;0;26;1;0;27
48_B_on_SP;1260;1;0;25;1;0;27
48_B_on_SP;1265;0;0;24;1;0;25
48_B_on_SP;1270;1;0;26;1;0;28
48_B_on_SP;1275;0;0;25;1;0;26
48_B_on_SP;1280;0;0;24;1;0;25
48_B_on_SP;1285;0;0;23;1;0;24
48_B_on_SP;1290;0;0;23;1;0;24
48_B_on_SP;1295;0;0;23;1;0;24
48_B_on_SP;1300;1;0;22;1;0;24
48_B_on_SP;1305;0;0;22;1;0;23
48_B_on_SP;1310;0;0;22;1;0;23
48_B_on_SP;1315;0;0;22;1;0;23
48_B_on_SP;1320;0;0;21;1;0;22
48_B_on_SP;1325;0;0;22;1;0;23
48_B_on_SP;1330;1;0;22;1;0;24
48_B_on_SP;1335;0;0;21;1;0;22
48_B_on_SP;1340;0;0;21;1;0;22
48_B_on_SP;1345;0;0;19;1;0;20
48_B_on_SP;1350;0;0;19;1;0;20
48_B_on_SP;1355;0;0;18;1;0;19
48_B_on_SP;1360;1;0;17;1;0;19
48_B_on_SP;1365;0;0;17;1;0;18
48_B_on_SP;1370;0;0;17;1;0;18
48_B_on_SP;1375;0;0;15;1;0;16
48_B_on_SP;1380;0;0;15;1;0;16
48_B_on_SP;1385;0;0;14;1;0;15
48_B_on_SP;1390;1;0;15;1;0;17
48_B_on_SP;1395;0;0;14;1;0;15
48_B_on_SP;1400;0;0;14;1;0;15
48_B_on_SP;1405;0;0;13;1;0;14
48_B_on_SP;1410;0;0;12;1;0;13
48_B_on_SP;1415;0;0;11;0;0;11
48_B_on_SP;1420;1;0;11;0;0;12
48_B_on_SP;1425;0;0;11;0;0;11
48_B_on_SP;1430;0;0;10;0;0;10
48_B_on_SP;1435;0;0;9;0;0;9
48_Z_off_SP;0;0;0;7;0;0;7
48_Z_off_SP;5;0;0;6;0;0;6
48_Z_off_SP;10;2;0;6;0;0;8
48_Z_off_SP;15;0;0;6;0;0;6
48_Z_off_SP;20;0;0;6;0;0;6
48_Z_off_SP;25;2;0;4;0;0;6
48_Z_off_SP;30;0;0;4;0;0;4
48_Z_off_SP;35;0;0;4;0;0;4
48_Z_off_SP;40;0;0;4;0;0;4
48_Z_off_SP;45;0;0;4;0;0;4
48_Z_off_SP;50;0;0;4;0;0;4
48_Z_off_SP;55;0;0;3;0;0;3
48_Z_off_SP;60;0;0;3;0;0;3
48_Z_off_SP;65;0;0;3;0;0;3
48_Z_off_SP;70;0;0;3;0;0;3
48_Z_off_SP;75;0;0;3;0;0;3
48_Z_off_SP;80;0;0;3;0;0;3
48_Z_off_SP;85;0;0;3;0;0;3
48_Z_off_SP;90;0;0;3;0;0;3
48_Z_off_SP;95;0;0;2;0;0;2
48_Z_off_SP;100;0;0;2;0;0;2
48_Z_off_SP;105;0;0;1;0;0;1
48_Z_off_SP;110;0;0;1;0;0;1
48_Z_off_SP;115;0;0;1;0;0;1
48_Z_off_SP;120;0;0;1;0;0;1
48_Z_off_SP;125;0;0;1;0;0;1
48_Z_off_SP;130;0;0;1;0;0;1
48_Z_off_SP;135;0;0;1;0;0;1
48_Z_off_SP;140;0;0;1;0;0;1
48_Z_off_SP;145;0;0;1;0;0;1
48_Z_off_SP;150;0;0;1;0;0;1
48_Z_off_SP;155;0;0;1;0;0;1
48_Z_off_SP;160;0;0;1;0;0;1
48_Z_off_SP;165;0;0;1;0;0;1
48_Z_off_SP;170;0;0;1;0;0;1
48_Z_off_SP;175;0;0;1;0;0;1
48_Z_off_SP;180;0;0;2;0;0;2
48_Z_off_SP;185;0;0;2;0;0;2
48_Z_off_SP;190;0;0;2;0;0;2
48_Z_off_SP;195;0;0;3;0;0;3
48_Z_off_SP;200;0;0;1;0;0;1
48_Z_off_SP;205;0;0;1;0;0;1
48_Z_off_SP;210;0;0;1;0;0;1
48_Z_off_SP;215;0;0;2;0;0;2
48_Z_off_SP;220;0;0;2;0;0;2
48_Z_off_SP;225;0;0;1;0;0;1
48_Z_off_SP;230;0;0;2;0;0;2
48_Z_off_SP;235;0;0;3;0;0;3
48_Z_off_SP;240;0;0;3;0;0;3
48_Z_off_SP;245;0;0;4;0;0;4
48_Z_off_SP;250;0;0;4;0;0;4
48_Z_off_SP;255;0;0;4;0;0;4
48_Z_off_SP;260;0;0;6;0;0;6
48_Z_off_SP;265;0;0;8;0;0;8
48_Z_off_SP;270;0;0;7;0;0;7
48_Z_off_SP;275;0;0;8;0;0;8
48_Z_off_SP;280;0;0;7;0;0;7
48_Z_off_SP;285;0;0;6;0;0;6
48_Z_off_SP;290;0;0;7;1;0;8
48_Z_off_SP;295;0;0;7;1;0;8
48_Z_off_SP;300;0;0;10;1;0;11
48_Z_off_SP;305;0;0;11;1;0;12
48_Z_off_SP;310;0;0;12;1;0;13
48_Z_off_SP;315;0;0;12;1;0;13
48_Z_off_SP;320;0;0;14;1;0;15
48_Z_off_SP;325;2;0;17;2;0;21
48_Z_off_SP;330;0;0;19;2;0;21
48_Z_off_SP;335;0;0;20;2;0;22
48_Z_off_SP;340;2;0;21;3;0;26
48_Z_off_SP;345;0;0;25;3;0;28
48_Z_off_SP;350;0;0;27;3;0;30
48_Z_off_SP;355;3;0;26;4;0;33
48_Z_off_SP;360;0;0;28;4;0;32
48_Z_off_SP;365;0;0;31;4;0;35
48_Z_off_SP;370;3;0;33;5;2;43
48_Z_off_SP;375;0;0;34;6;0;40
48_Z_off_SP;380;0;0;37;6;3;46
48_Z_off_SP;385;3;0;39;6;3;51
48_Z_off_SP;390;0;0;42;6;3;51
48_Z_off_SP;395;0;0;41;7;3;51
48_Z_off_SP;400;3;0;43;7;3;56
48_Z_off_SP;405;0;0;43;8;3;54
48_Z_off_SP;410;0;0;43;8;5;56
48_Z_off_SP;415;3;0;39;7;3;52
48_Z_off_SP;420;0;0;41;6;5;52
48_Z_off_SP;425;0;0;40;7;5;52
48_Z_off_SP;430;3;0;43;7;3;56
48_Z_off_SP;435;0;0;43;8;6;57
48_Z_off_SP;440;0;0;42;8;5;55
48_Z_off_SP;445;3;0;40;8;5;56
48_Z_off_SP;450;0;0;40;7;5;52
48_Z_off_SP;455;0;0;40;6;5;51
48_Z_off_SP;460;3;0;43;6;5;57
48_Z_off_SP;465;0;0;43;7;5;55
48_Z_off_SP;470;0;0;40;6;5;51
48_Z_off_SP;475;3;0;38;6;5;52
48_Z_off_SP;480;0;0;37;6;3;46
48_Z_off_SP;485;0;0;36;5;5;46
48_Z_off_SP;490;3;0;38;6;3;50
48_Z_off_SP;495;0;0;39;6;5;50
48_Z_off_SP;500;0;0;39;5;3;47
48_Z_off_SP;505;3;0;39;5;5;52
48_Z_off_SP;510;0;0;40;5;5;50
48_Z_off_SP;515;0;0;40;5;5;50
48_Z_off_SP;520;3;0;41;5;3;52
48_Z_off_SP;525;0;0;42;5;5;52
48_Z_off_SP;530;0;0;41;6;5;52
48_Z_off_SP;535;3;0;40;5;5;53
48_Z_off_SP;540;0;0;39;5;5;49
48_Z_off_SP;545;0;0;38;5;5;48
48_Z_off_SP;550;3;0;40;5;5;53
48_Z_off_SP;555;0;0;41;5;3;49
48_Z_off_SP;560;0;0;41;5;5;51
48_Z_off_SP;565;3;0;42;5;5;55
48_Z_off_SP;570;0;0;43;5;5;53
48_Z_off_SP;575;0;0;44;5;5;54
48_Z_off_SP;580;3;0;47;5;6;61
48_Z_off_SP;585;0;0;47;6;6;59
48_Z_off_SP;590;0;0;48;5;6;59
48_Z_off_SP;595;3;0;47;6;6;62
48_Z_off_SP;600;0;0;46;5;6;57
48_Z_off_SP;605;0;0;45;5;6;56
48_Z_off_SP;610;3;0;47;5;6;61
48_Z_off_SP;615;0;0;48;5;5;58
48_Z_off_SP;620;0;0;48;6;6;60
48_Z_off_SP;625;3;0;48;5;3;59
48_Z_off_SP;630;0;0;48;6;6;60
48_Z_off_SP;635;0;0;48;5;5;58
48_Z_off_SP;640;3;0;51;5;5;64
48_Z_off_SP;645;0;0;50;6;6;62
48_Z_off_SP;650;0;0;50;6;5;61
48_Z_off_SP;655;3;0;49;6;6;64
48_Z_off_SP;660;0;0;48;6;5;59
48_Z_off_SP;665;0;0;48;5;5;58
48_Z_off_SP;670;3;0;50;5;5;63
48_Z_off_SP;675;0;0;50;6;5;61
48_Z_off_SP;680;0;0;49;5;5;59
48_Z_off_SP;685;3;0;50;6;5;64
48_Z_off_SP;690;0;0;51;5;6;62
48_Z_off_SP;695;0;0;51;6;3;60
48_Z_off_SP;700;3;0;52;6;3;64
48_Z_off_SP;705;0;0;52;6;3;61
48_Z_off_SP;710;0;0;50;6;3;59
48_Z_off_SP;715;2;0;52;6;3;63
48_Z_off_SP;720;2;0;54;6;3;65
48_Z_off_SP;725;0;0;55;5;3;63
48_Z_off_SP;730;2;1;54;5;3;65
48_Z_off_SP;735;0;0;50;5;3;58
48_Z_off_SP;740;0;0;47;5;3;55
48_Z_off_SP;745;3;0;45;4;3;55
48_Z_off_SP;750;0;0;46;4;3;53
48_Z_off_SP;755;0;0;44;4;3;51
48_Z_off_SP;760;3;0;48;5;3;59
48_Z_off_SP;765;0;0;49;5;3;57
48_Z_off_SP;770;0;0;50;5;3;58
48_Z_off_SP;775;3;0;51;6;3;63
48_Z_off_SP;780;0;0;52;6;3;61
48_Z_off_SP;785;0;1;52;6;3;62
48_Z_off_SP;790;3;1;54;6;3;67
48_Z_off_SP;795;0;1;56;6;5;68
48_Z_off_SP;800;0;1;56;6;3;66
48_Z_off_SP;805;3;1;55;6;5;70
48_Z_off_SP;810;0;1;54;6;3;64
48_Z_off_SP;815;0;0;54;6;3;63
48_Z_off_SP;820;3;1;56;6;5;71
48_Z_off_SP;825;0;0;57;6;5;68
48_Z_off_SP;830;0;0;56;6;3;65
48_Z_off_SP;835;3;1;55;6;5;70
48_Z_off_SP;840;0;1;55;6;5;67
48_Z_off_SP;845;0;1;55;6;5;67
48_Z_off_SP;850;3;1;58;6;3;71
48_Z_off_SP;855;0;1;59;6;3;69
48_Z_off_SP;860;0;1;58;6;5;70
48_Z_off_SP;865;3;1;59;6;5;74
48_Z_off_SP;870;0;1;60;6;3;70
48_Z_off_SP;875;0;1;59;6;3;69
48_Z_off_SP;880;3;1;61;6;3;74
48_Z_off_SP;885;0;1;61;6;3;71
48_Z_off_SP;890;0;1;60;6;3;70
48_Z_off_SP;895;3;1;60;6;3;73
48_Z_off_SP;900;0;1;60;6;3;70
48_Z_off_SP;905;0;1;60;6;3;70
48_Z_off_SP;910;2;1;61;6;3;73
48_Z_off_SP;915;2;1;61;6;3;73
48_Z_off_SP;920;0;1;62;6;3;72
48_Z_off_SP;925;3;1;62;6;3;75
48_Z_off_SP;930;0;1;64;6;3;74
48_Z_off_SP;935;0;1;63;6;3;73
48_Z_off_SP;940;3;1;63;6;3;76
48_Z_off_SP;945;0;1;64;6;3;74
48_Z_off_SP;950;0;1;63;6;3;73
48_Z_off_SP;955;3;1;64;6;3;77
48_Z_off_SP;960;0;1;64;6;3;74
48_Z_off_SP;965;0;1;66;7;3;77
48_Z_off_SP;970;0;1;66;6;3;76
48_Z_off_SP;975;3;1;67;6;3;80
48_Z_off_SP;980;0;1;68;7;3;79
48_Z_off_SP;985;2;1;70;7;2;82
48_Z_off_SP;990;2;1;70;8;2;83
48_Z_off_SP;995;0;1;71;7;0;79
48_Z_off_SP;1000;0;1;71;8;2;82
48_Z_off_SP;1005;3;1;70;7;0;81
48_Z_off_SP;1010;0;1;71;8;0;80
48_Z_off_SP;1015;0;1;71;8;0;80
48_Z_off_SP;1020;3;1;71;8;0;83
48_Z_off_SP;1025;0;1;73;7;0;81
48_Z_off_SP;1030;0;1;75;7;0;83
48_Z_off_SP;1035;3;1;73;6;0;83
48_Z_off_SP;1040;0;1;75;6;0;82
48_Z_off_SP;1045;0;1;75;6;0;82
48_Z_off_SP;1050;3;1;74;6;0;84
48_Z_off_SP;1055;0;1;75;6;0;82
48_Z_off_SP;1060;0;1;75;5;0;81
48_Z_off_SP;1065;3;1;74;6;0;84
48_Z_off_SP;1070;0;1;73;5;0;79
48_Z_off_SP;1075;3;1;71;5;0;80
48_Z_off_SP;1080;0;1;69;5;0;75
48_Z_off_SP;1085;0;1;68;4;0;73
48_Z_off_SP;1090;0;1;68;4;0;73
48_Z_off_SP;1095;3;1;68;4;0;76
48_Z_off_SP;1100;0;1;66;4;0;71
48_Z_off_SP;1105;3;1;63;4;0;71
48_Z_off_SP;1110;0;1;62;4;0;67
48_Z_off_SP;1115;0;1;60;4;0;65
48_Z_off_SP;1120;3;1;61;4;0;69
48_Z_off_SP;1125;0;1;60;4;0;65
48_Z_off_SP;1130;0;1;59;4;0;64
48_Z_off_SP;1135;3;1;57;3;0;64
48_Z_off_SP;1140;0;1;55;3;0;59
48_Z_off_SP;1145;0;0;54;3;0;57
48_Z_off_SP;1150;3;1;53;3;0;60
48_Z_off_SP;1155;0;1;51;3;0;55
48_Z_off_SP;1160;0;0;47;3;0;50
48_Z_off_SP;1165;3;1;45;3;0;52
48_Z_off_SP;1170;0;0;44;3;0;47
48_Z_off_SP;1175;0;0;42;3;0;45
48_Z_off_SP;1180;3;1;42;3;0;49
48_Z_off_SP;1185;0;0;41;3;0;44
48_Z_off_SP;1190;0;0;39;3;0;42
48_Z_off_SP;1195;3;0;39;2;0;44
48_Z_off_SP;1200;0;0;38;3;0;41
48_Z_off_SP;1205;0;0;39;1;0;40
48_Z_off_SP;1210;3;0;39;1;0;43
48_Z_off_SP;1215;0;0;36;1;0;37
48_Z_off_SP;1220;0;0;35;1;0;36
48_Z_off_SP;1225;2;0;34;1;0;37
48_Z_off_SP;1230;0;0;33;1;0;34
48_Z_off_SP;1235;0;0;32;1;0;33
48_Z_off_SP;1240;2;0;32;1;0;35
48_Z_off_SP;1245;0;0;31;1;0;32
48_Z_off_SP;1250;0;0;29;1;0;30
48_Z_off_SP;1255;0;0;29;1;0;30
48_Z_off_SP;1260;2;0;28;1;0;31
48_Z_off_SP;1265;0;0;27;1;0;28
48_Z_off_SP;1270;2;0;29;1;0;32
48_Z_off_SP;1275;0;0;27;1;0;28
48_Z_off_SP;1280;0;0;27;1;0;28
48_Z_off_SP;1285;0;0;26;1;0;27
48_Z_off_SP;1290;0;0;26;1;0;27
48_Z_off_SP;1295;0;0;26;1;0;27
48_Z_off_SP;1300;2;0;25;1;0;28
48_Z_off_SP;1305;0;0;25;1;0;26
48_Z_off_SP;1310;0;0;24;1;0;25
48_Z_off_SP;1315;0;0;24;1;0;25
48_Z_off_SP;1320;0;0;24;1;0;25
48_Z_off_SP;1325;0;0;24;1;0;25
48_Z_off_SP;1330;2;0;24;1;0;27
48_Z_off_SP;1335;0;0;23;1;0;24
48_Z_off_SP;1340;0;0;24;1;0;25
48_Z_off_SP;1345;0;0;22;1;0;23
48_Z_off_SP;1350;0;0;21;1;0;22
48_Z_off_SP;1355;0;0;20;1;0;21
48_Z_off_SP;1360;2;0;19;1;0;22
48_Z_off_SP;1365;0;0;19;1;0;20
48_Z_off_SP;1370;0;0;18;1;0;19
48_Z_off_SP;1375;0;0;17;1;0;18
48_Z_off_SP;1380;0;0;17;1;0;18
48_Z_off_SP;1385;0;0;15;1;0;16
48_Z_off_SP;1390;2;0;17;1;0;20
48_Z_off_SP;1395;0;0;15;1;0;16
48_Z_off_SP;1400;0;0;15;1;0;16
48_Z_off_SP;1405;0;0;14;1;0;15
48_Z_off_SP;1410;0;0;13;1;0;14
48_Z_off_SP;1415;0;0;13;0;0;13
48_Z_off_SP;1420;2;0;12;0;0;14
48_Z_off_SP;1425;0;0;12;0;0;12
48_Z_off_SP;1430;0;0;11;0;0;11
48_Z_off_SP;1435;0;0;10;0;0;10
48_Z_on_SP;0;0;0;7;0;0;7
48_Z_on_SP;5;0;0;6;0;0;6
48_Z_on_SP;10;1;0;6;0;0;7
48_Z_on_SP;15;0;0;6;0;0;6
48_Z_on_SP;20;0;0;6;0;0;6
48_Z_on_SP;25;1;0;4;0;0;5
48_Z_on_SP;30;0;0;4;0;0;4
48_Z_on_SP;35;0;0;4;0;0;4
48_Z_on_SP;40;0;0;4;0;0;4
48_Z_on_SP;45;0;0;4;0;0;4
48_Z_on_SP;50;0;0;4;0;0;4
48_Z_on_SP;55;0;0;3;0;0;3
48_Z_on_SP;60;0;0;3;0;0;3
48_Z_on_SP;65;0;0;2;0;0;2
48_Z_on_SP;70;0;0;2;0;0;2
48_Z_on_SP;75;0;0;2;0;0;2
48_Z_on_SP;80;0;0;2;0;0;2
48_Z_on_SP;85;0;0;2;0;0;2
48_Z_on_SP;90;0;0;2;0;0;2
48_Z_on_SP;95;0;0;2;0;0;2
48_Z_on_SP;100;0;0;2;0;0;2
48_Z_on_SP;105;0;0;1;0;0;1
48_Z_on_SP;110;0;0;1;0;0;1
48_Z_on_SP;115;0;0;1;0;0;1
48_Z_on_SP;120;0;0;1;0;0;1
48_Z_on_SP;125;0;0;1;0;0;1
48_Z_on_SP;130;0;0;1;0;0;1
48_Z_on_SP;135;0;0;1;0;0;1
48_Z_on_SP;140;0;0;1;0;0;1
48_Z_on_SP;145;0;0;1;0;0;1
48_Z_on_SP;150;0;0;1;0;0;1
48_Z_on_SP;155;0;0;1;0;0;1
48_Z_on_SP;160;0;0;1;0;0;1
48_Z_on_SP;165;0;0;1;0;0;1
48_Z_on_SP;170;0;0;1;0;0;1
48_Z_on_SP;175;0;0;1;0;0;1
48_Z_on_SP;180;0;0;2;0;0;2
48_Z_on_SP;185;0;0;2;0;0;2
48_Z_on_SP;190;0;0;2;0;0;2
48_Z_on_SP;195;0;0;2;0;0;2
48_Z_on_SP;200;0;0;1;0;0;1
48_Z_on_SP;205;0;0;1;0;0;1
48_Z_on_SP;210;0;0;1;0;0;1
48_Z_on_SP;215;0;0;2;0;0;2
48_Z_on_SP;220;0;0;2;0;0;2
48_Z_on_SP;225;0;0;1;0;0;1
48_Z_on_SP;230;0;0;2;0;0;2
48_Z_on_SP;235;0;0;2;0;0;2
48_Z_on_SP;240;0;0;3;0;0;3
48_Z_on_SP;245;0;0;4;0;0;4
48_Z_on_SP;250;0;0;4;0;0;4
48_Z_on_SP;255;0;0;4;0;0;4
48_Z_on_SP;260;0;0;6;0;0;6
48_Z_on_SP;265;0;0;7;0;0;7
48_Z_on_SP;270;0;0;7;0;0;7
48_Z_on_SP;275;0;0;7;0;0;7
48_Z_on_SP;280;0;0;7;0;0;7
48_Z_on_SP;285;0;0;6;0;0;6
48_Z_on_SP;290;0;0;7;1;0;8
48_Z_on_SP;295;0;0;7;1;0;8
48_Z_on_SP;300;0;0;9;1;0;10
48_Z_on_SP;305;0;0;10;1;0;11
48_Z_on_SP;310;0;0;12;1;0;13
48_Z_on_SP;315;0;0;12;1;0;13
48_Z_on_SP;320;0;0;13;1;0;14
48_Z_on_SP;325;1;0;16;2;0;19
48_Z_on_SP;330;0;0;18;2;0;20
48_Z_on_SP;335;0;0;19;2;0;21
48_Z_on_SP;340;1;0;20;2;0;23
48_Z_on_SP;345;0;0;24;3;0;27
48_Z_on_SP;350;0;0;26;3;0;29
48_Z_on_SP;355;2;0;25;4;0;31
48_Z_on_SP;360;0;0;27;4;0;31
48_Z_on_SP;365;0;0;29;4;0;33
48_Z_on_SP;370;2;0;31;5;1;39
48_Z_on_SP;375;0;0;33;6;0;39
48_Z_on_SP;380;0;0;36;6;2;44
48_Z_on_SP;385;2;0;37;6;2;47
48_Z_on_SP;390;0;0;40;6;2;48
48_Z_on_SP;395;0;0;40;7;2;49
48_Z_on_SP;400;2;0;42;7;2;53
48_Z_on_SP;405;0;0;42;8;2;52
48_Z_on_SP;410;0;0;41;8;3;52
48_Z_on_SP;415;2;0;37;7;2;48
48_Z_on_SP;420;0;0;39;6;3;48
48_Z_on_SP;425;0;0;39;7;3;49
48_Z_on_SP;430;2;0;42;7;2;53
48_Z_on_SP;435;0;0;42;7;4;53
48_Z_on_SP;440;0;0;40;7;3;50
48_Z_on_SP;445;2;0;39;7;3;51
48_Z_on_SP;450;0;0;39;7;3;49
48_Z_on_SP;455;0;0;39;6;3;48
48_Z_on_SP;460;2;0;41;6;3;52
48_Z_on_SP;465;0;0;42;7;3;52
48_Z_on_SP;470;0;0;39;6;3;48
48_Z_on_SP;475;2;0;37;6;3;48
48_Z_on_SP;480;0;0;36;6;2;44
48_Z_on_SP;485;0;0;34;5;3;42
48_Z_on_SP;490;2;0;36;6;2;46
48_Z_on_SP;495;0;0;37;6;3;46
48_Z_on_SP;500;0;0;37;5;2;44
48_Z_on_SP;505;2;0;37;5;3;47
48_Z_on_SP;510;0;0;38;5;3;46
48_Z_on_SP;515;0;0;38;5;3;46
48_Z_on_SP;520;2;0;39;5;2;48
48_Z_on_SP;525;0;0;40;5;3;48
48_Z_on_SP;530;0;0;40;6;3;49
48_Z_on_SP;535;2;0;39;5;3;49
48_Z_on_SP;540;0;0;37;5;3;45
48_Z_on_SP;545;0;0;37;5;3;45
48_Z_on_SP;550;2;0;39;5;3;49
48_Z_on_SP;555;0;0;40;5;2;47
48_Z_on_SP;560;0;0;39;5;3;47
48_Z_on_SP;565;2;0;40;5;3;50
48_Z_on_SP;570;0;0;42;5;3;50
48_Z_on_SP;575;0;0;42;5;3;50
48_Z_on_SP;580;2;0;45;5;4;56
48_Z_on_SP;585;0;0;45;6;4;55
48_Z_on_SP;590;0;0;46;5;4;55
48_Z_on_SP;595;2;0;45;6;4;57
48_Z_on_SP;600;0;0;44;5;4;53
48_Z_on_SP;605;0;0;44;5;4;53
48_Z_on_SP;610;2;0;45;5;4;56
48_Z_on_SP;615;0;0;47;5;3;55
48_Z_on_SP;620;0;0;47;6;4;57
48_Z_on_SP;625;2;0;47;5;2;56
48_Z_on_SP;630;0;0;47;6;4;57
48_Z_on_SP;635;0;0;47;5;3;55
48_Z_on_SP;640;2;0;49;5;3;59
48_Z_on_SP;645;0;0;48;6;4;58
48_Z_on_SP;650;0;0;48;6;3;57
48_Z_on_SP;655;2;0;47;6;4;59
48_Z_on_SP;660;0;0;46;6;3;55
48_Z_on_SP;665;0;0;47;5;3;55
48_Z_on_SP;670;2;0;48;5;3;58
48_Z_on_SP;675;0;0;48;6;3;57
48_Z_on_SP;680;0;0;47;5;3;55
48_Z_on_SP;685;2;0;48;6;3;59
48_Z_on_SP;690;0;0;49;5;4;58
48_Z_on_SP;695;0;0;49;6;2;57
48_Z_on_SP;700;2;0;50;6;2;60
48_Z_on_SP;705;0;0;50;6;2;58
48_Z_on_SP;710;0;0;48;6;2;56
48_Z_on_SP;715;1;0;50;6;2;59
48_Z_on_SP;720;1;0;52;6;2;61
48_Z_on_SP;725;0;0;53;5;2;60
48_Z_on_SP;730;1;1;52;5;2;61
48_Z_on_SP;735;0;0;48;5;2;55
48_Z_on_SP;740;0;0;45;5;2;52
48_Z_on_SP;745;2;0;43;4;2;51
48_Z_on_SP;750;0;0;44;4;2;50
48_Z_on_SP;755;0;0;42;4;2;48
48_Z_on_SP;760;2;0;46;5;2;55
48_Z_on_SP;765;0;0;47;5;2;54
48_Z_on_SP;770;0;0;48;5;2;55
48_Z_on_SP;775;2;0;49;6;2;59
48_Z_on_SP;780;0;0;50;6;2;58
48_Z_on_SP;785;0;1;50;6;2;59
48_Z_on_SP;790;2;1;52;6;2;63
48_Z_on_SP;795;0;1;54;6;3;64
48_Z_on_SP;800;0;1;54;6;2;63
48_Z_on_SP;805;2;1;53;6;3;65
48_Z_on_SP;810;0;1;52;6;2;61
48_Z_on_SP;815;0;0;52;6;2;60
48_Z_on_SP;820;2;1;54;6;3;66
48_Z_on_SP;825;0;0;55;6;3;64
48_Z_on_SP;830;0;0;54;6;2;62
48_Z_on_SP;835;2;1;53;6;3;65
48_Z_on_SP;840;0;1;53;6;3;63
48_Z_on_SP;845;0;1;53;6;3;63
48_Z_on_SP;850;2;1;56;6;2;67
48_Z_on_SP;855;0;1;56;6;2;65
48_Z_on_SP;860;0;1;56;6;3;66
48_Z_on_SP;865;2;1;57;6;3;69
48_Z_on_SP;870;0;1;58;6;2;67
48_Z_on_SP;875;0;1;56;6;2;65
48_Z_on_SP;880;2;1;58;6;2;69
48_Z_on_SP;885;0;1;59;6;2;68
48_Z_on_SP;890;0;1;58;6;2;67
48_Z_on_SP;895;2;1;58;6;2;69
48_Z_on_SP;900;0;1;58;6;2;67
48_Z_on_SP;905;0;1;58;6;2;67
48_Z_on_SP;910;1;1;59;6;2;69
48_Z_on_SP;915;1;1;59;6;2;69
48_Z_on_SP;920;0;1;59;6;2;68
48_Z_on_SP;925;2;1;60;6;2;71
48_Z_on_SP;930;0;1;61;6;2;70
48_Z_on_SP;935;0;1;61;6;2;70
48_Z_on_SP;940;2;1;61;6;2;72
48_Z_on_SP;945;0;1;61;6;2;70
48_Z_on_SP;950;0;1;61;6;2;70
48_Z_on_SP;955;2;1;62;6;2;73
48_Z_on_SP;960;0;1;61;6;2;70
48_Z_on_SP;965;0;1;64;7;2;74
48_Z_on_SP;970;0;1;64;6;2;73
48_Z_on_SP;975;2;1;64;6;2;75
48_Z_on_SP;980;0;1;66;7;2;76
48_Z_on_SP;985;1;1;67;7;1;77
48_Z_on_SP;990;1;1;67;7;1;77
48_Z_on_SP;995;0;1;68;7;0;76
48_Z_on_SP;1000;0;1;68;7;1;77
48_Z_on_SP;1005;2;1;67;7;0;77
48_Z_on_SP;1010;0;1;68;7;0;76
48_Z_on_SP;1015;0;1;69;7;0;77
48_Z_on_SP;1020;2;1;69;7;0;79
48_Z_on_SP;1025;0;1;70;7;0;78
48_Z_on_SP;1030;0;1;72;7;0;80
48_Z_on_SP;1035;2;1;71;6;0;80
48_Z_on_SP;1040;0;1;72;6;0;79
48_Z_on_SP;1045;0;1;72;6;0;79
48_Z_on_SP;1050;2;1;71;6;0;80
48_Z_on_SP;1055;0;1;72;6;0;79
48_Z_on_SP;1060;0;1;72;5;0;78
48_Z_on_SP;1065;2;1;71;6;0;80
48_Z_on_SP;1070;0;1;70;5;0;76
48_Z_on_SP;1075;2;1;69;5;0;77
48_Z_on_SP;1080;0;1;66;5;0;72
48_Z_on_SP;1085;0;1;66;4;0;71
48_Z_on_SP;1090;0;1;65;4;0;70
48_Z_on_SP;1095;2;1;65;4;0;72
48_Z_on_SP;1100;0;1;63;4;0;68
48_Z_on_SP;1105;2;1;61;4;0;68
48_Z_on_SP;1110;0;1;60;4;0;65
48_Z_on_SP;1115;0;1;58;4;0;63
48_Z_on_SP;1120;2;1;58;4;0;65
48_Z_on_SP;1125;0;1;58;4;0;63
48_Z_on_SP;1130;0;1;56;4;0;61
48_Z_on_SP;1135;2;1;55;3;0;61
48_Z_on_SP;1140;0;1;53;3;0;57
48_Z_on_SP;1145;0;0;52;2;0;54
48_Z_on_SP;1150;2;1;51;3;0;57
48_Z_on_SP;1155;0;1;49;2;0;52
48_Z_on_SP;1160;0;0;45;2;0;47
48_Z_on_SP;1165;2;1;44;2;0;49
48_Z_on_SP;1170;0;0;42;2;0;44
48_Z_on_SP;1175;0;0;40;2;0;42
48_Z_on_SP;1180;2;1;40;2;0;45
48_Z_on_SP;1185;0;0;39;2;0;41
48_Z_on_SP;1190;0;0;37;2;0;39
48_Z_on_SP;1195;2;0;37;2;0;41
48_Z_on_SP;1200;0;0;37;2;0;39
48_Z_on_SP;1205;0;0;37;1;0;38
48_Z_on_SP;1210;2;0;37;1;0;40
48_Z_on_SP;1215;0;0;35;1;0;36
48_Z_on_SP;1220;0;0;34;1;0;35
48_Z_on_SP;1225;1;0;32;1;0;34
48_Z_on_SP;1230;0;0;32;1;0;33
48_Z_on_SP;1235;0;0;31;1;0;32
48_Z_on_SP;1240;1;0;31;1;0;33
48_Z_on_SP;1245;0;0;29;1;0;30
48_Z_on_SP;1250;0;0;28;1;0;29
48_Z_on_SP;1255;0;0;28;1;0;29
48_Z_on_SP;1260;1;0;27;1;0;29
48_Z_on_SP;1265;0;0;26;1;0;27
48_Z_on_SP;1270;1;0;28;1;0;30
48_Z_on_SP;1275;0;0;26;1;0;27
48_Z_on_SP;1280;0;0;26;1;0;27
48_Z_on_SP;1285;0;0;25;1;0;26
48_Z_on_SP;1290;0;0;25;1;0;26
48_Z_on_SP;1295;0;0;25;1;0;26
48_Z_on_SP;1300;1;0;24;1;0;26
48_Z_on_SP;1305;0;0;24;1;0;25
48_Z_on_SP;1310;0;0;23;1;0;24
48_Z_on_SP;1315;0;0;23;1;0;24
48_Z_on_SP;1320;0;0;23;1;0;24
48_Z_on_SP;1325;0;0;23;1;0;24
48_Z_on_SP;1330;1;0;23;1;0;25
48_Z_on_SP;1335;0;0;22;1;0;23
48_Z_on_SP;1340;0;0;23;1;0;24
48_Z_on_SP;1345;0;0;21;1;0;22
48_Z_on_SP;1350;0;0;20;1;0;21
48_Z_on_SP;1355;0;0;20;1;0;21
48_Z_on_SP;1360;1;0;18;1;0;20
48_Z_on_SP;1365;0;0;18;1;0;19
48_Z_on_SP;1370;0;0;18;1;0;19
48_Z_on_SP;1375;0;0;16;1;0;17
48_Z_on_SP;1380;0;0;16;1;0;17
48_Z_on_SP;1385;0;0;15;1;0;16
48_Z_on_SP;1390;1;0;16;1;0;18
48_Z_on_SP;1395;0;0;15;1;0;16
48_Z_on_SP;1400;0;0;15;1;0;16
48_Z_on_SP;1405;0;0;13;1;0;14
48_Z_on_SP;1410;0;0;13;1;0;14
48_Z_on_SP;1415;0;0;12;0;0;12
48_Z_on_SP;1420;1;0;12;0;0;13
48_Z_on_SP;1425;0;0;12;0;0;12
48_Z_on_SP;1430;0;0;10;0;0;10
48_Z_on_SP;1435;0;0;10;0;0;10
49_B_off_SP;0;0;0;5;1;0;6
49_B_off_SP;5;0;0;5;1;0;6
49_B_off_SP;10;0;0;4;1;0;5
49_B_off_SP;15;0;0;4;1;0;5
49_B_off_SP;20;0;0;4;1;0;5
49_B_off_SP;25;0;0;4;1;0;5
49_B_off_SP;30;0;0;3;1;0;4
49_B_off_SP;35;0;0;3;1;0;4
49_B_off_SP;40;0;0;3;1;0;4
49_B_off_SP;45;0;0;3;1;0;4
49_B_off_SP;50;0;0;2;1;0;3
49_B_off_SP;55;0;0;2;0;0;2
49_B_off_SP;60;0;0;2;1;0;3
49_B_off_SP;65;0;0;2;0;0;2
49_B_off_SP;70;0;0;2;0;0;2
49_B_off_SP;75;0;0;2;0;0;2
49_B_off_SP;80;0;0;2;0;0;2
49_B_off_SP;85;0;0;2;0;0;2
49_B_off_SP;90;0;0;1;0;0;1
49_B_off_SP;95;0;0;2;0;0;2
49_B_off_SP;100;0;0;1;0;0;1
49_B_off_SP;105;0;0;1;0;0;1
49_B_off_SP;110;0;0;1;0;0;1
49_B_off_SP;115;0;0;1;0;0;1
49_B_off_SP;120;0;0;1;0;0;1
49_B_off_SP;125;0;0;1;0;0;1
49_B_off_SP;130;0;0;1;0;0;1
49_B_off_SP;135;0;0;1;0;0;1
49_B_off_SP;140;0;0;1;0;0;1
49_B_off_SP;145;0;0;2;0;0;2
49_B_off_SP;150;0;0;1;0;0;1
49_B_off_SP;155;0;0;1;0;0;1
49_B_off_SP;160;0;0;1;0;0;1
49_B_off_SP;165;0;0;1;0;0;1
49_B_off_SP;170;0;0;1;0;0;1
49_B_off_SP;175;0;0;1;0;0;1
49_B_off_SP;180;0;0;1;0;0;1
49_B_off_SP;185;0;0;1;0;0;1
49_B_off_SP;190;0;0;1;0;0;1
49_B_off_SP;195;0;0;2;0;0;2
49_B_off_SP;200;0;0;2;0;0;2
49_B_off_SP;205;0;0;2;0;0;2
49_B_off_SP;210;0;0;2;0;0;2
49_B_off_SP;215;0;0;2;0;0;2
49_B_off_SP;220;0;0;2;0;0;2
49_B_off_SP;225;0;0;2;0;0;2
49_B_off_SP;230;0;0;2;0;0;2
49_B_off_SP;235;0;0;3;0;0;3
49_B_off_SP;240;0;0;3;0;0;3
49_B_off_SP;245;0;0;3;0;0;3
49_B_off_SP;250;0;0;4;1;0;5
49_B_off_SP;255;0;0;5;1;0;6
49_B_off_SP;260;0;0;6;1;0;7
49_B_off_SP;265;0;0;8;1;0;9
49_B_off_SP;270;0;0;8;1;0;9
49_B_off_SP;275;0;0;9;1;1;11
49_B_off_SP;280;0;0;8;1;0;9
49_B_off_SP;285;0;0;8;1;1;10
49_B_off_SP;290;0;0;8;1;1;10
49_B_off_SP;295;0;0;8;1;1;10
49_B_off_SP;300;0;0;9;1;2;12
49_B_off_SP;305;0;0;10;1;3;14
49_B_off_SP;310;0;0;12;1;2;15
49_B_off_SP;315;0;0;16;2;2;20
49_B_off_SP;320;0;0;17;2;3;22
49_B_off_SP;325;0;0;19;2;3;24
49_B_off_SP;330;0;0;22;2;2;26
49_B_off_SP;335;0;0;26;3;3;32
49_B_off_SP;340;0;0;29;3;3;35
49_B_off_SP;345;0;0;30;3;2;35
49_B_off_SP;350;0;0;31;4;3;38
49_B_off_SP;355;0;0;32;4;3;39
49_B_off_SP;360;0;0;35;5;3;43
49_B_off_SP;365;0;0;39;6;3;48
49_B_off_SP;370;0;0;43;6;3;52
49_B_off_SP;375;0;0;45;7;3;55
49_B_off_SP;380;0;0;46;7;3;56
49_B_off_SP;385;0;0;48;7;4;59
49_B_off_SP;390;0;0;51;7;3;61
49_B_off_SP;395;0;0;54;8;3;65
49_B_off_SP;400;0;0;55;8;3;66
49_B_off_SP;405;0;1;53;8;4;66
49_B_off_SP;410;0;1;51;8;4;64
49_B_off_SP;415;0;0;50;7;4;61
49_B_off_SP;420;0;0;49;7;4;60
49_B_off_SP;425;0;1;49;8;4;62
49_B_off_SP;430;0;1;51;8;4;64
49_B_off_SP;435;0;0;50;8;4;62
49_B_off_SP;440;0;0;50;8;4;62
49_B_off_SP;445;0;0;48;8;4;60
49_B_off_SP;450;0;0;47;8;5;60
49_B_off_SP;455;0;0;47;7;5;59
49_B_off_SP;460;0;0;46;8;5;59
49_B_off_SP;465;0;0;45;7;5;57
49_B_off_SP;470;0;0;43;7;5;55
49_B_off_SP;475;0;0;40;7;5;52
49_B_off_SP;480;0;0;37;6;5;48
49_B_off_SP;485;0;0;37;6;5;48
49_B_off_SP;490;0;0;38;6;5;49
49_B_off_SP;495;0;0;38;6;5;49
49_B_off_SP;500;0;0;38;6;5;49
49_B_off_SP;505;0;0;37;5;5;47
49_B_off_SP;510;0;0;36;5;5;46
49_B_off_SP;515;0;0;36;5;5;46
49_B_off_SP;520;0;0;36;5;5;46
49_B_off_SP;525;0;0;35;5;5;45
49_B_off_SP;530;0;0;33;5;5;43
49_B_off_SP;535;0;0;30;5;4;39
49_B_off_SP;540;0;0;29;5;5;39
49_B_off_SP;545;0;0;30;4;5;39
49_B_off_SP;550;0;0;31;4;4;39
49_B_off_SP;555;0;0;31;5;4;40
49_B_off_SP;560;0;0;31;5;4;40
49_B_off_SP;565;0;0;32;5;5;42
49_B_off_SP;570;0;0;32;5;5;42
49_B_off_SP;575;0;0;33;5;4;42
49_B_off_SP;580;0;0;34;5;5;44
49_B_off_SP;585;0;0;33;5;5;43
49_B_off_SP;590;0;0;32;5;5;42
49_B_off_SP;595;0;0;31;5;5;41
49_B_off_SP;600;0;0;31;5;5;41
49_B_off_SP;605;0;0;32;5;5;42
49_B_off_SP;610;0;0;32;5;5;42
49_B_off_SP;615;0;0;32;5;5;42
49_B_off_SP;620;0;0;33;5;5;43
49_B_off_SP;625;0;0;32;5;5;42
49_B_off_SP;630;0;0;33;5;5;43
49_B_off_SP;635;0;0;34;5;5;44
49_B_off_SP;640;0;0;34;5;5;44
49_B_off_SP;645;0;0;33;5;5;43
49_B_off_SP;650;0;0;33;5;5;43
49_B_off_SP;655;0;0;32;5;5;42
49_B_off_SP;660;0;0;31;5;5;41
49_B_off_SP;665;0;0;33;5;5;43
49_B_off_SP;670;0;0;34;5;5;44
49_B_off_SP;675;0;0;34;5;5;44
49_B_off_SP;680;0;0;34;5;5;44
49_B_off_SP;685;0;0;34;5;5;44
49_B_off_SP;690;0;0;34;5;5;44
49_B_off_SP;695;0;0;35;5;4;44
49_B_off_SP;700;0;0;36;5;4;45
49_B_off_SP;705;0;0;35;5;4;44
49_B_off_SP;710;0;0;36;5;4;45
49_B_off_SP;715;0;0;35;5;4;44
49_B_off_SP;720;0;0;37;5;4;46
49_B_off_SP;725;0;0;41;5;4;50
49_B_off_SP;730;0;1;40;4;3;48
49_B_off_SP;735;0;0;38;4;3;45
49_B_off_SP;740;0;0;36;4;4;44
49_B_off_SP;745;0;0;34;4;3;41
49_B_off_SP;750;0;0;33;4;3;40
49_B_off_SP;755;0;0;34;4;3;41
49_B_off_SP;760;0;0;35;4;3;42
49_B_off_SP;765;0;0;35;4;3;42
49_B_off_SP;770;0;1;36;5;3;45
49_B_off_SP;775;0;0;36;5;4;45
49_B_off_SP;780;0;0;36;5;4;45
49_B_off_SP;785;0;0;39;5;4;48
49_B_off_SP;790;0;1;41;6;5;53
49_B_off_SP;795;0;1;42;5;5;53
49_B_off_SP;800;0;1;43;6;5;55
49_B_off_SP;805;0;0;41;5;5;51
49_B_off_SP;810;0;1;40;5;5;51
49_B_off_SP;815;0;1;40;6;5;52
49_B_off_SP;820;0;1;42;5;5;53
49_B_off_SP;825;0;1;42;5;5;53
49_B_off_SP;830;0;1;40;5;5;51
49_B_off_SP;835;0;1;38;5;5;49
49_B_off_SP;840;0;1;38;5;5;49
49_B_off_SP;845;0;1;39;5;5;50
49_B_off_SP;850;0;1;40;5;6;52
49_B_off_SP;855;0;1;41;5;5;52
49_B_off_SP;860;0;1;42;5;5;53
49_B_off_SP;865;0;1;41;5;5;52
49_B_off_SP;870;0;1;41;5;5;52
49_B_off_SP;875;0;1;42;5;5;53
49_B_off_SP;880;0;1;42;5;5;53
49_B_off_SP;885;0;1;42;5;5;53
49_B_off_SP;890;0;1;42;5;5;53
49_B_off_SP;895;0;1;40;5;5;51
49_B_off_SP;900;0;1;41;6;5;53
49_B_off_SP;905;0;1;42;6;5;54
49_B_off_SP;910;0;1;43;6;5;55
49_B_off_SP;915;0;1;44;6;5;56
49_B_off_SP;920;0;1;45;6;5;57
49_B_off_SP;925;0;1;45;6;5;57
49_B_off_SP;930;0;1;46;6;5;58
49_B_off_SP;935;0;1;47;6;5;59
49_B_off_SP;940;0;1;48;6;5;60
49_B_off_SP;945;0;1;49;6;4;60
49_B_off_SP;950;0;1;49;7;4;61
49_B_off_SP;955;0;1;49;7;4;61
49_B_off_SP;960;0;1;49;7;4;61
49_B_off_SP;965;0;1;51;7;4;63
49_B_off_SP;970;0;1;54;7;3;65
49_B_off_SP;975;0;1;56;7;3;67
49_B_off_SP;980;0;1;57;7;3;68
49_B_off_SP;985;0;1;57;7;3;68
49_B_off_SP;990;0;1;57;7;2;67
49_B_off_SP;995;0;1;58;7;2;68
49_B_off_SP;1000;0;1;59;7;2;69
49_B_off_SP;1005;0;1;59;7;2;69
49_B_off_SP;1010;0;1;59;7;2;69
49_B_off_SP;1015;0;1;59;7;2;69
49_B_off_SP;1020;0;1;59;7;2;69
49_B_off_SP;1025;0;1;61;7;2;71
49_B_off_SP;1030;0;1;63;7;1;72
49_B_off_SP;1035;0;1;63;6;1;71
49_B_off_SP;1040;0;1;64;6;1;72
49_B_off_SP;1045;0;1;63;6;1;71
49_B_off_SP;1050;0;1;63;6;1;71
49_B_off_SP;1055;0;1;63;5;1;70
49_B_off_SP;1060;0;1;62;5;1;69
49_B_off_SP;1065;0;1;60;5;1;67
49_B_off_SP;1070;0;1;58;5;1;65
49_B_off_SP;1075;0;1;56;5;0;62
49_B_off_SP;1080;0;1;55;4;1;61
49_B_off_SP;1085;0;1;55;4;1;61
49_B_off_SP;1090;0;1;54;4;0;59
49_B_off_SP;1095;0;1;52;4;0;57
49_B_off_SP;1100;0;1;51;4;0;56
49_B_off_SP;1105;0;1;48;4;1;54
49_B_off_SP;1110;0;1;46;4;0;51
49_B_off_SP;1115;0;1;46;3;0;50
49_B_off_SP;1120;0;1;46;3;0;50
49_B_off_SP;1125;0;1;45;3;0;49
49_B_off_SP;1130;0;1;43;3;0;47
49_B_off_SP;1135;0;1;40;3;0;44
49_B_off_SP;1140;0;1;38;3;0;42
49_B_off_SP;1145;0;1;37;3;0;41
49_B_off_SP;1150;0;1;37;3;0;41
49_B_off_SP;1155;0;0;36;3;0;39
49_B_off_SP;1160;0;0;34;3;0;37
49_B_off_SP;1165;0;0;33;2;0;35
49_B_off_SP;1170;0;0;30;2;0;32
49_B_off_SP;1175;0;0;29;2;0;31
49_B_off_SP;1180;0;0;29;2;0;31
49_B_off_SP;1185;0;0;27;2;0;29
49_B_off_SP;1190;0;0;26;2;0;28
49_B_off_SP;1195;0;0;24;2;0;26
49_B_off_SP;1200;0;0;23;2;0;25
49_B_off_SP;1205;0;0;23;2;0;25
49_B_off_SP;1210;0;0;24;2;0;26
49_B_off_SP;1215;0;0;23;2;0;25
49_B_off_SP;1220;0;0;22;2;0;24
49_B_off_SP;1225;0;0;22;2;0;24
49_B_off_SP;1230;0;0;21;2;0;23
49_B_off_SP;1235;0;0;21;2;0;23
49_B_off_SP;1240;0;0;20;2;0;22
49_B_off_SP;1245;0;0;20;2;0;22
49_B_off_SP;1250;0;0;19;2;0;21
49_B_off_SP;1255;0;0;19;2;0;21
49_B_off_SP;1260;0;0;18;2;0;20
49_B_off_SP;1265;0;0;18;2;0;20
49_B_off_SP;1270;0;0;19;2;0;21
49_B_off_SP;1275;0;0;19;2;0;21
49_B_off_SP;1280;0;0;19;2;0;21
49_B_off_SP;1285;0;0;18;1;0;19
49_B_off_SP;1290;0;0;18;2;0;20
49_B_off_SP;1295;0;0;18;1;0;19
49_B_off_SP;1300;0;0;18;1;0;19
49_B_off_SP;1305;0;0;17;1;0;18
49_B_off_SP;1310;0;0;17;1;0;18
49_B_off_SP;1315;0;0;17;1;0;18
49_B_off_SP;1320;0;0;17;1;0;18
49_B_off_SP;1325;0;0;18;1;0;19
49_B_off_SP;1330;0;0;18;1;0;19
49_B_off_SP;1335;0;0;18;1;0;19
49_B_off_SP;1340;0;0;18;1;0;19
49_B_off_SP;1345;0;0;18;1;0;19
49_B_off_SP;1350;0;0;17;1;0;18
49_B_off_SP;1355;0;0;16;1;0;17
49_B_off_SP;1360;0;0;15;1;0;16
49_B_off_SP;1365;0;0;14;1;0;15
49_B_off_SP;1370;0;0;13;1;0;14
49_B_off_SP;1375;0;0;13;1;0;14
49_B_off_SP;1380;0;0;13;1;0;14
49_B_off_SP;1385;0;0;12;1;0;13
49_B_off_SP;1390;0;0;11;2;0;13
49_B_off_SP;1395;0;0;12;2;0;14
49_B_off_SP;1400;0;0;11;2;0;13
49_B_off_SP;1405;0;0;11;2;0;13
49_B_off_SP;1410;0;0;10;2;0;12
49_B_off_SP;1415;0;0;9;1;0;10
49_B_off_SP;1420;0;0;9;1;0;10
49_B_off_SP;1425;0;0;8;1;0;9
49_B_off_SP;1430;0;0;8;1;0;9
49_B_off_SP;1435;0;0;7;1;0;8
49_B_on_SP;0;0;0;6;1;0;7
49_B_on_SP;5;0;0;6;1;0;7
49_B_on_SP;10;0;0;6;1;0;7
49_B_on_SP;15;0;0;5;1;0;6
49_B_on_SP;20;0;0;5;1;0;6
49_B_on_SP;25;0;0;5;1;0;6
49_B_on_SP;30;0;0;4;1;0;5
49_B_on_SP;35;0;0;4;1;0;5
49_B_on_SP;40;0;0;4;1;0;5
49_B_on_SP;45;0;0;4;1;0;5
49_B_on_SP;50;0;0;3;1;0;4
49_B_on_SP;55;0;0;3;0;0;3
49_B_on_SP;60;0;0;3;1;0;4
49_B_on_SP;65;0;0;2;0;0;2
49_B_on_SP;70;0;0;2;0;0;2
49_B_on_SP;75;0;0;2;0;0;2
49_B_on_SP;80;0;0;2;0;0;2
49_B_on_SP;85;0;0;2;0;0;2
49_B_on_SP;90;0;0;2;0;0;2
49_B_on_SP;95;0;0;2;0;0;2
49_B_on_SP;100;0;0;2;0;0;2
49_B_on_SP;105;0;0;2;0;0;2
49_B_on_SP;110;0;0;2;0;0;2
49_B_on_SP;115;0;0;2;0;0;2
49_B_on_SP;120;0;0;2;0;0;2
49_B_on_SP;125;0;0;2;0;0;2
49_B_on_SP;130;0;0;2;0;0;2
49_B_on_SP;135;0;0;2;0;0;2
49_B_on_SP;140;0;0;2;0;0;2
49_B_on_SP;145;0;0;2;0;0;2
49_B_on_SP;150;0;0;2;0;0;2
49_B_on_SP;155;0;0;2;0;0;2
49_B_on_SP;160;0;0;2;0;0;2
49_B_on_SP;165;0;0;1;0;0;1
49_B_on_SP;170;0;0;1;0;0;1
49_B_on_SP;175;0;0;2;0;0;2
49_B_on_SP;180;0;0;2;0;0;2
49_B_on_SP;185;0;0;2;0;0;2
49_B_on_SP;190;0;0;2;0;0;2
49_B_on_SP;195;0;0;3;0;0;3
49_B_on_SP;200;0;0;3;0;0;3
49_B_on_SP;205;0;0;3;0;0;3
49_B_on_SP;210;0;0;3;0;0;3
49_B_on_SP;215;0;0;3;0;0;3
49_B_on_SP;220;0;0;3;0;0;3
49_B_on_SP;225;0;0;3;0;0;3
49_B_on_SP;230;0;0;3;0;0;3
49_B_on_SP;235;0;0;3;0;0;3
49_B_on_SP;240;0;0;4;0;0;4
49_B_on_SP;245;0;0;5;0;0;5
49_B_on_SP;250;0;0;5;1;0;6
49_B_on_SP;255;0;0;7;1;0;8
49_B_on_SP;260;0;0;8;1;0;9
49_B_on_SP;265;0;0;10;1;0;11
49_B_on_SP;270;0;0;10;1;1;12
49_B_on_SP;275;0;0;12;1;1;14
49_B_on_SP;280;0;0;11;1;1;13
49_B_on_SP;285;0;0;11;1;1;13
49_B_on_SP;290;0;0;10;1;2;13
49_B_on_SP;295;0;0;10;1;2;13
49_B_on_SP;300;0;0;12;1;3;16
49_B_on_SP;305;0;0;13;2;4;19
49_B_on_SP;310;0;0;16;2;3;21
49_B_on_SP;315;0;0;20;2;3;25
49_B_on_SP;320;0;0;23;2;4;29
49_B_on_SP;325;0;0;24;2;4;30
49_B_on_SP;330;0;0;28;3;3;34
49_B_on_SP;335;0;0;34;4;4;42
49_B_on_SP;340;0;0;38;4;4;46
49_B_on_SP;345;0;0;39;5;3;47
49_B_on_SP;350;0;0;41;5;4;50
49_B_on_SP;355;0;0;42;6;4;52
49_B_on_SP;360;0;0;46;6;4;56
49_B_on_SP;365;0;0;51;7;4;62
49_B_on_SP;370;0;0;56;8;4;68
49_B_on_SP;375;0;0;58;9;4;71
49_B_on_SP;380;0;0;59;9;4;72
49_B_on_SP;385;0;0;63;9;5;77
49_B_on_SP;390;0;0;66;9;4;79
49_B_on_SP;395;0;0;70;10;4;84
49_B_on_SP;400;0;0;72;10;5;87
49_B_on_SP;405;0;1;69;11;5;86
49_B_on_SP;410;0;1;66;11;5;83
49_B_on_SP;415;0;0;65;10;5;80
49_B_on_SP;420;0;0;63;10;5;78
49_B_on_SP;425;0;1;64;10;6;81
49_B_on_SP;430;0;1;66;10;6;83
49_B_on_SP;435;0;0;65;10;7;82
49_B_on_SP;440;0;0;65;10;7;82
49_B_on_SP;445;0;0;63;10;7;80
49_B_on_SP;450;0;0;61;10;7;78
49_B_on_SP;455;0;0;61;10;7;78
49_B_on_SP;460;0;0;60;10;8;78
49_B_on_SP;465;0;0;58;9;8;75
49_B_on_SP;470;0;0;56;10;8;74
49_B_on_SP;475;0;0;52;9;7;68
49_B_on_SP;480;0;0;48;8;8;64
49_B_on_SP;485;0;0;48;8;8;64
49_B_on_SP;490;0;0;50;8;7;65
49_B_on_SP;495;0;0;49;7;7;63
49_B_on_SP;500;0;0;49;7;7;63
49_B_on_SP;505;0;0;48;7;7;62
49_B_on_SP;510;0;0;46;7;8;61
49_B_on_SP;515;0;0;47;7;7;61
49_B_on_SP;520;0;0;47;7;8;62
49_B_on_SP;525;0;0;46;7;7;60
49_B_on_SP;530;0;0;43;6;7;56
49_B_on_SP;535;0;0;40;6;7;53
49_B_on_SP;540;0;0;38;6;7;51
49_B_on_SP;545;0;0;38;5;7;50
49_B_on_SP;550;0;0;40;6;6;52
49_B_on_SP;555;0;0;41;6;6;53
49_B_on_SP;560;0;0;41;6;6;53
49_B_on_SP;565;0;0;42;6;8;56
49_B_on_SP;570;0;0;42;6;7;55
49_B_on_SP;575;0;0;43;6;7;56
49_B_on_SP;580;0;0;44;7;7;58
49_B_on_SP;585;0;0;43;6;7;56
49_B_on_SP;590;0;0;42;6;7;55
49_B_on_SP;595;0;0;40;6;8;54
49_B_on_SP;600;0;0;40;6;8;54
49_B_on_SP;605;0;0;42;6;7;55
49_B_on_SP;610;0;0;42;7;8;57
49_B_on_SP;615;0;0;42;6;7;55
49_B_on_SP;620;0;0;42;7;8;57
49_B_on_SP;625;0;0;42;6;7;55
49_B_on_SP;630;0;0;42;7;7;56
49_B_on_SP;635;0;0;44;7;7;58
49_B_on_SP;640;0;0;44;6;8;58
49_B_on_SP;645;0;0;43;7;8;58
49_B_on_SP;650;0;0;42;6;8;56
49_B_on_SP;655;0;0;41;6;8;55
49_B_on_SP;660;0;0;41;6;7;54
49_B_on_SP;665;0;0;43;7;7;57
49_B_on_SP;670;0;0;44;7;7;58
49_B_on_SP;675;0;0;44;7;7;58
49_B_on_SP;680;0;0;45;7;7;59
49_B_on_SP;685;0;0;44;6;7;57
49_B_on_SP;690;0;0;44;6;7;57
49_B_on_SP;695;0;0;46;6;7;59
49_B_on_SP;700;0;0;46;6;7;59
49_B_on_SP;705;0;0;46;7;7;60
49_B_on_SP;710;0;0;46;6;7;59
49_B_on_SP;715;0;0;46;6;7;59
49_B_on_SP;720;0;0;48;6;6;60
49_B_on_SP;725;0;0;53;6;5;64
49_B_on_SP;730;0;1;52;6;5;64
49_B_on_SP;735;0;0;49;5;5;59
49_B_on_SP;740;0;0;47;5;5;57
49_B_on_SP;745;0;0;45;5;5;55
49_B_on_SP;750;0;0;43;5;4;52
49_B_on_SP;755;0;0;44;5;4;53
49_B_on_SP;760;0;0;46;6;5;57
49_B_on_SP;765;0;0;46;5;5;56
49_B_on_SP;770;0;1;47;6;5;59
49_B_on_SP;775;0;0;47;6;6;59
49_B_on_SP;780;0;0;47;6;6;59
49_B_on_SP;785;0;0;50;7;7;64
49_B_on_SP;790;0;1;53;7;7;68
49_B_on_SP;795;0;1;55;7;7;70
49_B_on_SP;800;0;1;56;7;7;71
49_B_on_SP;805;0;0;53;7;7;67
49_B_on_SP;810;0;1;51;7;7;66
49_B_on_SP;815;0;1;53;7;7;68
49_B_on_SP;820;0;1;54;7;8;70
49_B_on_SP;825;0;1;54;7;7;69
49_B_on_SP;830;0;1;52;7;8;68
49_B_on_SP;835;0;1;50;7;8;66
49_B_on_SP;840;0;1;50;7;8;66
49_B_on_SP;845;0;1;51;7;8;67
49_B_on_SP;850;0;1;52;7;8;68
49_B_on_SP;855;0;1;53;7;7;68
49_B_on_SP;860;0;1;55;7;8;71
49_B_on_SP;865;0;1;54;7;8;70
49_B_on_SP;870;0;1;54;7;8;70
49_B_on_SP;875;0;1;55;7;8;71
49_B_on_SP;880;0;1;55;7;8;71
49_B_on_SP;885;0;1;54;7;7;69
49_B_on_SP;890;0;1;54;7;7;69
49_B_on_SP;895;0;1;53;7;7;68
49_B_on_SP;900;0;1;53;7;7;68
49_B_on_SP;905;0;1;55;7;7;70
49_B_on_SP;910;0;1;56;8;7;72
49_B_on_SP;915;0;1;57;8;7;73
49_B_on_SP;920;0;1;59;8;7;75
49_B_on_SP;925;0;1;59;8;7;75
49_B_on_SP;930;0;1;60;8;7;76
49_B_on_SP;935;0;1;61;8;7;77
49_B_on_SP;940;0;1;63;8;7;79
49_B_on_SP;945;0;1;63;8;6;78
49_B_on_SP;950;0;1;64;9;6;80
49_B_on_SP;955;0;1;64;9;5;79
49_B_on_SP;960;0;1;64;9;5;79
49_B_on_SP;965;0;1;67;9;5;82
49_B_on_SP;970;0;1;70;9;5;85
49_B_on_SP;975;0;1;73;9;4;87
49_B_on_SP;980;0;1;74;9;5;89
49_B_on_SP;985;0;1;75;9;4;89
49_B_on_SP;990;0;1;74;9;3;87
49_B_on_SP;995;0;1;75;9;3;88
49_B_on_SP;1000;0;1;76;9;3;89
49_B_on_SP;1005;0;1;77;9;3;90
49_B_on_SP;1010;0;1;76;9;3;89
49_B_on_SP;1015;0;1;77;9;3;90
49_B_on_SP;1020;0;1;77;9;3;90
49_B_on_SP;1025;0;1;80;9;2;92
49_B_on_SP;1030;0;1;82;9;2;94
49_B_on_SP;1035;0;1;83;8;2;94
49_B_on_SP;1040;0;1;83;8;2;94
49_B_on_SP;1045;0;1;82;8;2;93
49_B_on_SP;1050;0;1;82;8;1;92
49_B_on_SP;1055;0;1;81;7;1;90
49_B_on_SP;1060;0;1;80;7;1;89
49_B_on_SP;1065;0;1;78;6;1;86
49_B_on_SP;1070;0;1;76;6;1;84
49_B_on_SP;1075;0;1;73;6;1;81
49_B_on_SP;1080;0;1;71;6;1;79
49_B_on_SP;1085;0;1;71;6;1;79
49_B_on_SP;1090;0;1;71;5;1;78
49_B_on_SP;1095;0;1;68;5;0;74
49_B_on_SP;1100;0;1;66;5;1;73
49_B_on_SP;1105;0;1;63;5;1;70
49_B_on_SP;1110;0;1;60;5;1;67
49_B_on_SP;1115;0;1;60;5;1;67
49_B_on_SP;1120;0;1;60;5;0;66
49_B_on_SP;1125;0;1;58;5;1;65
49_B_on_SP;1130;0;1;56;4;1;62
49_B_on_SP;1135;0;1;52;4;0;57
49_B_on_SP;1140;0;1;49;4;0;54
49_B_on_SP;1145;0;1;48;4;0;53
49_B_on_SP;1150;0;1;49;3;0;53
49_B_on_SP;1155;0;0;46;3;1;50
49_B_on_SP;1160;0;0;44;3;1;48
49_B_on_SP;1165;0;0;43;3;0;46
49_B_on_SP;1170;0;0;39;3;0;42
49_B_on_SP;1175;0;0;38;3;0;41
49_B_on_SP;1180;0;0;38;3;0;41
49_B_on_SP;1185;0;0;35;3;0;38
49_B_on_SP;1190;0;0;33;3;0;36
49_B_on_SP;1195;0;0;32;3;0;35
49_B_on_SP;1200;0;0;30;2;0;32
49_B_on_SP;1205;0;0;30;2;0;32
49_B_on_SP;1210;0;0;31;2;0;33
49_B_on_SP;1215;0;0;30;2;0;32
49_B_on_SP;1220;0;0;29;2;0;31
49_B_on_SP;1225;0;0;28;2;0;30
49_B_on_SP;1230;0;0;27;2;0;29
49_B_on_SP;1235;0;0;27;2;0;29
49_B_on_SP;1240;0;0;26;2;0;28
49_B_on_SP;1245;0;0;26;2;0;28
49_B_on_SP;1250;0;0;24;2;0;26
49_B_on_SP;1255;0;0;24;2;0;26
49_B_on_SP;1260;0;0;24;2;0;26
49_B_on_SP;1265;0;0;24;2;0;26
49_B_on_SP;1270;0;0;24;2;0;26
49_B_on_SP;1275;0;0;25;2;0;27
49_B_on_SP;1280;0;0;24;2;0;26
49_B_on_SP;1285;0;0;24;2;0;26
49_B_on_SP;1290;0;0;23;2;0;25
49_B_on_SP;1295;0;0;23;2;0;25
49_B_on_SP;1300;0;0;23;2;0;25
49_B_on_SP;1305;0;0;23;1;0;24
49_B_on_SP;1310;0;0;22;2;0;24
49_B_on_SP;1315;0;0;23;2;0;25
49_B_on_SP;1320;0;0;22;1;0;23
49_B_on_SP;1325;0;0;23;2;0;25
49_B_on_SP;1330;0;0;23;2;0;25
49_B_on_SP;1335;0;0;24;1;0;25
49_B_on_SP;1340;0;0;24;1;0;25
49_B_on_SP;1345;0;0;24;1;0;25
49_B_on_SP;1350;0;0;22;1;0;23
49_B_on_SP;1355;0;0;21;1;0;22
49_B_on_SP;1360;0;0;20;1;0;21
49_B_on_SP;1365;0;0;19;1;0;20
49_B_on_SP;1370;0;0;18;1;0;19
49_B_on_SP;1375;0;0;17;2;0;19
49_B_on_SP;1380;0;0;16;1;0;17
49_B_on_SP;1385;0;0;16;2;0;18
49_B_on_SP;1390;0;0;15;2;0;17
49_B_on_SP;1395;0;0;15;2;1;18
49_B_on_SP;1400;0;0;15;2;1;18
49_B_on_SP;1405;0;0;14;2;0;16
49_B_on_SP;1410;0;0;13;2;0;15
49_B_on_SP;1415;0;0;12;2;0;14
49_B_on_SP;1420;0;0;11;1;0;12
49_B_on_SP;1425;0;0;10;2;0;12
49_B_on_SP;1430;0;0;10;1;0;11
49_B_on_SP;1435;0;0;9;1;0;10
49_Z_off_SP;0;0;0;7;1;0;8
49_Z_off_SP;5;0;0;6;1;0;7
49_Z_off_SP;10;0;0;6;1;0;7
49_Z_off_SP;15;0;0;6;1;0;7
49_Z_off_SP;20;0;0;5;1;0;6
49_Z_off_SP;25;0;0;5;1;0;6
49_Z_off_SP;30;0;0;4;1;0;5
49_Z_off_SP;35;0;0;4;1;0;5
49_Z_off_SP;40;0;0;4;1;0;5
49_Z_off_SP;45;0;0;4;1;0;5
49_Z_off_SP;50;0;0;3;1;0;4
49_Z_off_SP;55;0;0;3;0;0;3
49_Z_off_SP;60;0;0;3;1;0;4
49_Z_off_SP;65;0;0;2;0;0;2
49_Z_off_SP;70;0;0;2;0;0;2
49_Z_off_SP;75;0;0;2;0;0;2
49_Z_off_SP;80;0;0;2;0;0;2
49_Z_off_SP;85;0;0;2;0;0;2
49_Z_off_SP;90;0;0;2;0;0;2
49_Z_off_SP;95;0;0;2;0;0;2
49_Z_off_SP;100;0;0;2;0;0;2
49_Z_off_SP;105;0;0;2;0;0;2
49_Z_off_SP;110;0;0;2;0;0;2
49_Z_off_SP;115;0;0;2;0;0;2
49_Z_off_SP;120;0;0;2;0;0;2
49_Z_off_SP;125;0;0;2;0;0;2
49_Z_off_SP;130;0;0;2;0;0;2
49_Z_off_SP;135;0;0;2;0;0;2
49_Z_off_SP;140;0;0;2;0;0;2
49_Z_off_SP;145;0;0;2;0;0;2
49_Z_off_SP;150;0;0;2;0;0;2
49_Z_off_SP;155;0;0;2;0;0;2
49_Z_off_SP;160;0;0;2;0;0;2
49_Z_off_SP;165;0;0;1;0;0;1
49_Z_off_SP;170;0;0;1;0;0;1
49_Z_off_SP;175;0;0;2;0;0;2
49_Z_off_SP;180;0;0;2;0;0;2
49_Z_off_SP;185;0;0;2;0;0;2
49_Z_off_SP;190;0;0;2;0;0;2
49_Z_off_SP;195;0;0;3;0;0;3
49_Z_off_SP;200;0;0;3;0;0;3
49_Z_off_SP;205;0;0;3;0;0;3
49_Z_off_SP;210;0;0;3;0;0;3
49_Z_off_SP;215;0;0;3;0;0;3
49_Z_off_SP;220;0;0;3;0;0;3
49_Z_off_SP;225;0;0;3;0;0;3
49_Z_off_SP;230;0;0;3;0;0;3
49_Z_off_SP;235;0;0;3;0;0;3
49_Z_off_SP;240;0;0;4;0;0;4
49_Z_off_SP;245;0;0;5;0;0;5
49_Z_off_SP;250;0;0;6;1;0;7
49_Z_off_SP;255;0;0;7;1;0;8
49_Z_off_SP;260;0;0;8;1;0;9
49_Z_off_SP;265;0;0;10;1;0;11
49_Z_off_SP;270;0;0;11;1;1;13
49_Z_off_SP;275;0;0;12;1;1;14
49_Z_off_SP;280;0;0;11;1;1;13
49_Z_off_SP;285;0;0;11;1;1;13
49_Z_off_SP;290;0;0;10;1;2;13
49_Z_off_SP;295;0;0;10;1;2;13
49_Z_off_SP;300;0;0;12;1;3;16
49_Z_off_SP;305;0;0;13;2;4;19
49_Z_off_SP;310;0;0;16;2;3;21
49_Z_off_SP;315;0;0;21;2;3;26
49_Z_off_SP;320;0;0;23;2;4;29
49_Z_off_SP;325;0;0;25;2;4;31
49_Z_off_SP;330;0;0;28;3;3;34
49_Z_off_SP;335;0;0;35;4;4;43
49_Z_off_SP;340;0;0;39;4;4;47
49_Z_off_SP;345;0;0;39;5;3;47
49_Z_off_SP;350;0;0;41;5;4;50
49_Z_off_SP;355;0;0;42;6;4;52
49_Z_off_SP;360;0;0;46;7;4;57
49_Z_off_SP;365;0;0;52;7;4;63
49_Z_off_SP;370;0;0;57;8;4;69
49_Z_off_SP;375;0;0;59;9;4;72
49_Z_off_SP;380;0;0;60;9;4;73
49_Z_off_SP;385;0;0;64;9;5;78
49_Z_off_SP;390;0;0;67;9;4;80
49_Z_off_SP;395;0;0;72;10;4;86
49_Z_off_SP;400;0;0;73;11;5;89
49_Z_off_SP;405;0;1;70;11;5;87
49_Z_off_SP;410;0;1;67;11;5;84
49_Z_off_SP;415;0;0;66;10;5;81
49_Z_off_SP;420;0;0;64;10;5;79
49_Z_off_SP;425;0;1;65;10;5;81
49_Z_off_SP;430;0;1;67;10;6;84
49_Z_off_SP;435;0;0;66;11;6;83
49_Z_off_SP;440;0;0;66;10;6;82
49_Z_off_SP;445;0;0;64;10;6;80
49_Z_off_SP;450;0;0;62;10;7;79
49_Z_off_SP;455;0;0;62;10;7;79
49_Z_off_SP;460;0;0;61;11;8;80
49_Z_off_SP;465;0;0;59;10;8;77
49_Z_off_SP;470;0;0;57;10;8;75
49_Z_off_SP;475;0;0;53;9;7;69
49_Z_off_SP;480;0;0;49;8;8;65
49_Z_off_SP;485;0;0;49;8;8;65
49_Z_off_SP;490;0;0;51;8;7;66
49_Z_off_SP;495;0;0;50;7;7;64
49_Z_off_SP;500;0;0;50;7;7;64
49_Z_off_SP;505;0;0;49;7;7;63
49_Z_off_SP;510;0;0;47;7;8;62
49_Z_off_SP;515;0;0;48;7;7;62
49_Z_off_SP;520;0;0;48;7;8;63
49_Z_off_SP;525;0;0;46;7;7;60
49_Z_off_SP;530;0;0;44;7;7;58
49_Z_off_SP;535;0;0;40;6;6;52
49_Z_off_SP;540;0;0;39;6;7;52
49_Z_off_SP;545;0;0;39;6;7;52
49_Z_off_SP;550;0;0;41;6;6;53
49_Z_off_SP;555;0;0;41;6;6;53
49_Z_off_SP;560;0;0;41;6;6;53
49_Z_off_SP;565;0;0;42;6;8;56
49_Z_off_SP;570;0;0;42;6;7;55
49_Z_off_SP;575;0;0;44;7;6;57
49_Z_off_SP;580;0;0;45;7;7;59
49_Z_off_SP;585;0;0;44;7;7;58
49_Z_off_SP;590;0;0;43;7;7;57
49_Z_off_SP;595;0;0;41;6;8;55
49_Z_off_SP;600;0;0;40;7;8;55
49_Z_off_SP;605;0;0;42;6;7;55
49_Z_off_SP;610;0;0;43;7;8;58
49_Z_off_SP;615;0;0;43;7;7;57
49_Z_off_SP;620;0;0;43;7;8;58
49_Z_off_SP;625;0;0;43;7;7;57
49_Z_off_SP;630;0;0;43;7;7;57
49_Z_off_SP;635;0;0;44;7;7;58
49_Z_off_SP;640;0;0;45;7;8;60
49_Z_off_SP;645;0;0;43;7;8;58
49_Z_off_SP;650;0;0;43;7;8;58
49_Z_off_SP;655;0;0;42;6;8;56
49_Z_off_SP;660;0;0;41;6;7;54
49_Z_off_SP;665;0;0;43;7;7;57
49_Z_off_SP;670;0;0;45;7;7;59
49_Z_off_SP;675;0;0;45;7;7;59
49_Z_off_SP;680;0;0;45;7;7;59
49_Z_off_SP;685;0;0;44;6;7;57
49_Z_off_SP;690;0;0;44;7;7;58
49_Z_off_SP;695;0;0;47;6;6;59
49_Z_off_SP;700;0;0;47;7;6;60
49_Z_off_SP;705;0;0;46;7;6;59
49_Z_off_SP;710;0;0;47;7;6;60
49_Z_off_SP;715;0;0;46;7;6;59
49_Z_off_SP;720;0;0;49;6;6;61
49_Z_off_SP;725;0;0;54;6;5;65
49_Z_off_SP;730;0;1;53;6;5;65
49_Z_off_SP;735;0;0;50;5;5;60
49_Z_off_SP;740;0;0;47;5;5;57
49_Z_off_SP;745;0;0;45;5;5;55
49_Z_off_SP;750;0;0;44;5;4;53
49_Z_off_SP;755;0;0;45;6;4;55
49_Z_off_SP;760;0;0;46;6;5;57
49_Z_off_SP;765;0;0;47;6;5;58
49_Z_off_SP;770;0;1;47;6;5;59
49_Z_off_SP;775;0;0;47;6;5;58
49_Z_off_SP;780;0;0;48;7;5;60
49_Z_off_SP;785;0;0;51;7;6;64
49_Z_off_SP;790;0;1;54;7;7;69
49_Z_off_SP;795;0;1;56;7;7;71
49_Z_off_SP;800;0;1;56;7;7;71
49_Z_off_SP;805;0;0;54;7;7;68
49_Z_off_SP;810;0;1;52;7;7;67
49_Z_off_SP;815;0;1;53;7;7;68
49_Z_off_SP;820;0;1;55;7;8;71
49_Z_off_SP;825;0;1;55;7;7;70
49_Z_off_SP;830;0;1;53;7;8;69
49_Z_off_SP;835;0;1;51;7;8;67
49_Z_off_SP;840;0;1;51;7;8;67
49_Z_off_SP;845;0;1;52;7;8;68
49_Z_off_SP;850;0;1;53;7;8;69
49_Z_off_SP;855;0;1;54;7;7;69
49_Z_off_SP;860;0;1;55;7;8;71
49_Z_off_SP;865;0;1;54;7;8;70
49_Z_off_SP;870;0;1;54;7;8;70
49_Z_off_SP;875;0;1;55;7;8;71
49_Z_off_SP;880;0;1;56;7;8;72
49_Z_off_SP;885;0;1;55;7;7;70
49_Z_off_SP;890;0;1;55;7;7;70
49_Z_off_SP;895;0;1;53;7;7;68
49_Z_off_SP;900;0;1;54;7;7;69
49_Z_off_SP;905;0;1;55;7;7;70
49_Z_off_SP;910;0;1;57;8;7;73
49_Z_off_SP;915;0;1;58;8;7;74
49_Z_off_SP;920;0;1;60;8;7;76
49_Z_off_SP;925;0;1;60;8;7;76
49_Z_off_SP;930;0;1;60;8;7;76
49_Z_off_SP;935;0;1;62;8;7;78
49_Z_off_SP;940;0;1;64;8;7;80
49_Z_off_SP;945;0;1;64;8;6;79
49_Z_off_SP;950;0;1;65;9;6;81
49_Z_off_SP;955;0;1;65;9;5;80
49_Z_off_SP;960;0;1;65;9;5;80
49_Z_off_SP;965;0;1;68;9;5;83
49_Z_off_SP;970;0;1;71;10;5;87
49_Z_off_SP;975;0;1;74;9;4;88
49_Z_off_SP;980;0;1;75;9;5;90
49_Z_off_SP;985;0;1;76;10;4;91
49_Z_off_SP;990;0;1;75;9;3;88
49_Z_off_SP;995;0;1;76;9;3;89
49_Z_off_SP;1000;0;1;78;9;3;91
49_Z_off_SP;1005;0;1;78;9;3;91
49_Z_off_SP;1010;0;1;78;9;3;91
49_Z_off_SP;1015;0;1;78;10;3;92
49_Z_off_SP;1020;0;1;79;9;3;92
49_Z_off_SP;1025;0;1;81;9;2;93
49_Z_off_SP;1030;0;1;84;9;2;96
49_Z_off_SP;1035;0;1;84;8;2;95
49_Z_off_SP;1040;0;1;84;8;2;95
49_Z_off_SP;1045;0;1;83;8;2;94
49_Z_off_SP;1050;0;1;83;8;1;93
49_Z_off_SP;1055;0;1;83;7;1;92
49_Z_off_SP;1060;0;1;81;7;1;90
49_Z_off_SP;1065;0;1;79;7;1;88
49_Z_off_SP;1070;0;1;77;6;1;85
49_Z_off_SP;1075;0;1;74;6;1;82
49_Z_off_SP;1080;0;1;72;6;1;80
49_Z_off_SP;1085;0;1;72;6;1;80
49_Z_off_SP;1090;0;1;72;6;1;80
49_Z_off_SP;1095;0;1;69;5;0;75
49_Z_off_SP;1100;0;1;67;5;1;74
49_Z_off_SP;1105;0;1;64;5;1;71
49_Z_off_SP;1110;0;1;61;5;1;68
49_Z_off_SP;1115;0;1;61;5;1;68
49_Z_off_SP;1120;0;1;61;5;0;67
49_Z_off_SP;1125;0;1;59;5;1;66
49_Z_off_SP;1130;0;1;57;4;1;63
49_Z_off_SP;1135;0;1;53;4;0;58
49_Z_off_SP;1140;0;1;50;4;0;55
49_Z_off_SP;1145;0;1;48;4;0;53
49_Z_off_SP;1150;0;1;49;3;0;53
49_Z_off_SP;1155;0;0;47;3;1;51
49_Z_off_SP;1160;0;0;45;3;1;49
49_Z_off_SP;1165;0;0;43;3;0;46
49_Z_off_SP;1170;0;0;40;3;0;43
49_Z_off_SP;1175;0;0;39;3;0;42
49_Z_off_SP;1180;0;0;39;3;0;42
49_Z_off_SP;1185;0;0;36;3;0;39
49_Z_off_SP;1190;0;0;34;3;0;37
49_Z_off_SP;1195;0;0;32;3;0;35
49_Z_off_SP;1200;0;0;30;2;0;32
49_Z_off_SP;1205;0;0;30;2;0;32
49_Z_off_SP;1210;0;0;31;2;0;33
49_Z_off_SP;1215;0;0;30;2;0;32
49_Z_off_SP;1220;0;0;29;2;0;31
49_Z_off_SP;1225;0;0;29;2;0;31
49_Z_off_SP;1230;0;0;27;2;0;29
49_Z_off_SP;1235;0;0;27;2;0;29
49_Z_off_SP;1240;0;0;27;2;0;29
49_Z_off_SP;1245;0;0;26;2;0;28
49_Z_off_SP;1250;0;0;25;2;0;27
49_Z_off_SP;1255;0;0;25;2;0;27
49_Z_off_SP;1260;0;0;24;2;0;26
49_Z_off_SP;1265;0;0;24;2;0;26
49_Z_off_SP;1270;0;0;25;2;0;27
49_Z_off_SP;1275;0;0;25;2;0;27
49_Z_off_SP;1280;0;0;25;2;0;27
49_Z_off_SP;1285;0;0;24;2;0;26
49_Z_off_SP;1290;0;0;24;2;0;26
49_Z_off_SP;1295;0;0;24;2;0;26
49_Z_off_SP;1300;0;0;24;2;0;26
49_Z_off_SP;1305;0;0;23;1;0;24
49_Z_off_SP;1310;0;0;23;2;0;25
49_Z_off_SP;1315;0;0;23;2;0;25
49_Z_off_SP;1320;0;0;23;1;0;24
49_Z_off_SP;1325;0;0;24;2;0;26
49_Z_off_SP;1330;0;0;24;2;0;26
49_Z_off_SP;1335;0;0;24;1;0;25
49_Z_off_SP;1340;0;0;24;1;0;25
49_Z_off_SP;1345;0;0;24;1;0;25
49_Z_off_SP;1350;0;0;22;1;0;23
49_Z_off_SP;1355;0;0;22;1;0;23
49_Z_off_SP;1360;0;0;20;1;0;21
49_Z_off_SP;1365;0;0;19;1;0;20
49_Z_off_SP;1370;0;0;18;1;0;19
49_Z_off_SP;1375;0;0;17;2;0;19
49_Z_off_SP;1380;0;0;17;1;0;18
49_Z_off_SP;1385;0;0;16;2;0;18
49_Z_off_SP;1390;0;0;15;2;0;17
49_Z_off_SP;1395;0;0;15;2;1;18
49_Z_off_SP;1400;0;0;15;2;1;18
49_Z_off_SP;1405;0;0;14;2;0;16
49_Z_off_SP;1410;0;0;13;2;0;15
49_Z_off_SP;1415;0;0;12;2;0;14
49_Z_off_SP;1420;0;0;11;1;0;12
49_Z_off_SP;1425;0;0;11;2;0;13
49_Z_off_SP;1430;0;0;10;1;0;11
49_Z_off_SP;1435;0;0;10;1;0;11
49_Z_on_SP;0;0;0;5;1;0;6
49_Z_on_SP;5;0;0;5;1;0;6
49_Z_on_SP;10;0;0;4;1;0;5
49_Z_on_SP;15;0;0;4;1;0;5
49_Z_on_SP;20;0;0;4;1;0;5
49_Z_on_SP;25;0;0;4;1;0;5
49_Z_on_SP;30;0;0;3;1;0;4
49_Z_on_SP;35;0;0;3;1;0;4
49_Z_on_SP;40;0;0;3;1;0;4
49_Z_on_SP;45;0;0;3;1;0;4
49_Z_on_SP;50;0;0;2;1;0;3
49_Z_on_SP;55;0;0;2;0;0;2
49_Z_on_SP;60;0;0;2;1;0;3
49_Z_on_SP;65;0;0;2;0;0;2
49_Z_on_SP;70;0;0;2;0;0;2
49_Z_on_SP;75;0;0;2;0;0;2
49_Z_on_SP;80;0;0;2;0;0;2
49_Z_on_SP;85;0;0;2;0;0;2
49_Z_on_SP;90;0;0;1;0;0;1
49_Z_on_SP;95;0;0;2;0;0;2
49_Z_on_SP;100;0;0;1;0;0;1
49_Z_on_SP;105;0;0;1;0;0;1
49_Z_on_SP;110;0;0;1;0;0;1
49_Z_on_SP;115;0;0;1;0;0;1
49_Z_on_SP;120;0;0;1;0;0;1
49_Z_on_SP;125;0;0;1;0;0;1
49_Z_on_SP;130;0;0;1;0;0;1
49_Z_on_SP;135;0;0;1;0;0;1
49_Z_on_SP;140;0;0;1;0;0;1
49_Z_on_SP;145;0;0;2;0;0;2
49_Z_on_SP;150;0;0;1;0;0;1
49_Z_on_SP;155;0;0;1;0;0;1
49_Z_on_SP;160;0;0;1;0;0;1
49_Z_on_SP;165;0;0;1;0;0;1
49_Z_on_SP;170;0;0;1;0;0;1
49_Z_on_SP;175;0;0;1;0;0;1
49_Z_on_SP;180;0;0;1;0;0;1
49_Z_on_SP;185;0;0;1;0;0;1
49_Z_on_SP;190;0;0;1;0;0;1
49_Z_on_SP;195;0;0;2;0;0;2
49_Z_on_SP;200;0;0;2;0;0;2
49_Z_on_SP;205;0;0;2;0;0;2
49_Z_on_SP;210;0;0;2;0;0;2
49_Z_on_SP;215;0;0;2;0;0;2
49_Z_on_SP;220;0;0;2;0;0;2
49_Z_on_SP;225;0;0;2;0;0;2
49_Z_on_SP;230;0;0;2;0;0;2
49_Z_on_SP;235;0;0;3;0;0;3
49_Z_on_SP;240;0;0;3;0;0;3
49_Z_on_SP;245;0;0;3;0;0;3
49_Z_on_SP;250;0;0;4;1;0;5
49_Z_on_SP;255;0;0;5;1;0;6
49_Z_on_SP;260;0;0;6;1;0;7
49_Z_on_SP;265;0;0;8;1;0;9
49_Z_on_SP;270;0;0;8;1;0;9
49_Z_on_SP;275;0;0;9;1;1;11
49_Z_on_SP;280;0;0;8;1;0;9
49_Z_on_SP;285;0;0;8;1;1;10
49_Z_on_SP;290;0;0;8;1;1;10
49_Z_on_SP;295;0;0;8;1;1;10
49_Z_on_SP;300;0;0;9;1;2;12
49_Z_on_SP;305;0;0;10;1;3;14
49_Z_on_SP;310;0;0;12;1;2;15
49_Z_on_SP;315;0;0;16;2;2;20
49_Z_on_SP;320;0;0;18;2;3;23
49_Z_on_SP;325;0;0;19;2;2;23
49_Z_on_SP;330;0;0;22;2;2;26
49_Z_on_SP;335;0;0;26;3;3;32
49_Z_on_SP;340;0;0;29;3;3;35
49_Z_on_SP;345;0;0;30;3;2;35
49_Z_on_SP;350;0;0;31;4;2;37
49_Z_on_SP;355;0;0;32;4;3;39
49_Z_on_SP;360;0;0;35;5;3;43
49_Z_on_SP;365;0;0;39;6;2;47
49_Z_on_SP;370;0;0;43;6;3;52
49_Z_on_SP;375;0;0;45;7;3;55
49_Z_on_SP;380;0;0;46;7;2;55
49_Z_on_SP;385;0;0;49;7;3;59
49_Z_on_SP;390;0;0;51;7;3;61
49_Z_on_SP;395;0;0;54;8;3;65
49_Z_on_SP;400;0;0;55;8;3;66
49_Z_on_SP;405;0;1;53;8;3;65
49_Z_on_SP;410;0;1;51;8;3;63
49_Z_on_SP;415;0;0;50;7;3;60
49_Z_on_SP;420;0;0;49;7;3;59
49_Z_on_SP;425;0;1;49;8;4;62
49_Z_on_SP;430;0;1;51;8;4;64
49_Z_on_SP;435;0;0;50;8;4;62
49_Z_on_SP;440;0;0;50;8;4;62
49_Z_on_SP;445;0;0;49;8;4;61
49_Z_on_SP;450;0;0;47;8;4;59
49_Z_on_SP;455;0;0;47;7;5;59
49_Z_on_SP;460;0;0;47;8;5;60
49_Z_on_SP;465;0;0;45;7;5;57
49_Z_on_SP;470;0;0;43;7;5;55
49_Z_on_SP;475;0;0;40;7;5;52
49_Z_on_SP;480;0;0;37;6;5;48
49_Z_on_SP;485;0;0;37;6;5;48
49_Z_on_SP;490;0;0;39;6;5;50
49_Z_on_SP;495;0;0;38;6;5;49
49_Z_on_SP;500;0;0;38;6;5;49
49_Z_on_SP;505;0;0;37;5;5;47
49_Z_on_SP;510;0;0;36;5;5;46
49_Z_on_SP;515;0;0;37;5;5;47
49_Z_on_SP;520;0;0;36;5;5;46
49_Z_on_SP;525;0;0;35;5;5;45
49_Z_on_SP;530;0;0;33;5;5;43
49_Z_on_SP;535;0;0;30;5;4;39
49_Z_on_SP;540;0;0;29;5;5;39
49_Z_on_SP;545;0;0;30;4;4;38
49_Z_on_SP;550;0;0;31;4;4;39
49_Z_on_SP;555;0;0;31;5;4;40
49_Z_on_SP;560;0;0;31;5;4;40
49_Z_on_SP;565;0;0;32;5;5;42
49_Z_on_SP;570;0;0;32;5;4;41
49_Z_on_SP;575;0;0;33;5;4;42
49_Z_on_SP;580;0;0;34;5;5;44
49_Z_on_SP;585;0;0;33;5;5;43
49_Z_on_SP;590;0;0;32;5;5;42
49_Z_on_SP;595;0;0;31;5;5;41
49_Z_on_SP;600;0;0;31;5;5;41
49_Z_on_SP;605;0;0;32;5;5;42
49_Z_on_SP;610;0;0;32;5;5;42
49_Z_on_SP;615;0;0;32;5;5;42
49_Z_on_SP;620;0;0;33;5;5;43
49_Z_on_SP;625;0;0;32;5;5;42
49_Z_on_SP;630;0;0;33;5;5;43
49_Z_on_SP;635;0;0;34;5;5;44
49_Z_on_SP;640;0;0;34;5;5;44
49_Z_on_SP;645;0;0;33;5;5;43
49_Z_on_SP;650;0;0;33;5;5;43
49_Z_on_SP;655;0;0;32;5;5;42
49_Z_on_SP;660;0;0;31;5;4;40
49_Z_on_SP;665;0;0;33;5;5;43
49_Z_on_SP;670;0;0;34;5;5;44
49_Z_on_SP;675;0;0;34;5;4;43
49_Z_on_SP;680;0;0;34;5;4;43
49_Z_on_SP;685;0;0;34;5;4;43
49_Z_on_SP;690;0;0;34;5;5;44
49_Z_on_SP;695;0;0;35;5;4;44
49_Z_on_SP;700;0;0;36;5;4;45
49_Z_on_SP;705;0;0;35;5;4;44
49_Z_on_SP;710;0;0;36;5;4;45
49_Z_on_SP;715;0;0;35;5;4;44
49_Z_on_SP;720;0;0;37;5;4;46
49_Z_on_SP;725;0;0;41;5;3;49
49_Z_on_SP;730;0;1;40;4;3;48
49_Z_on_SP;735;0;0;38;4;3;45
49_Z_on_SP;740;0;0;36;4;3;43
49_Z_on_SP;745;0;0;34;4;3;41
49_Z_on_SP;750;0;0;33;4;3;40
49_Z_on_SP;755;0;0;34;4;3;41
49_Z_on_SP;760;0;0;35;4;3;42
49_Z_on_SP;765;0;0;35;4;3;42
49_Z_on_SP;770;0;1;36;5;3;45
49_Z_on_SP;775;0;0;36;5;4;45
49_Z_on_SP;780;0;0;37;5;4;46
49_Z_on_SP;785;0;0;39;5;4;48
49_Z_on_SP;790;0;1;41;6;5;53
49_Z_on_SP;795;0;1;42;5;4;52
49_Z_on_SP;800;0;1;43;6;4;54
49_Z_on_SP;805;0;0;41;5;5;51
49_Z_on_SP;810;0;1;40;5;5;51
49_Z_on_SP;815;0;1;41;6;5;53
49_Z_on_SP;820;0;1;42;5;5;53
49_Z_on_SP;825;0;1;42;5;5;53
49_Z_on_SP;830;0;1;40;5;5;51
49_Z_on_SP;835;0;1;39;5;5;50
49_Z_on_SP;840;0;1;39;5;5;50
49_Z_on_SP;845;0;1;39;5;5;50
49_Z_on_SP;850;0;1;40;5;5;51
49_Z_on_SP;855;0;1;41;5;5;52
49_Z_on_SP;860;0;1;42;5;5;53
49_Z_on_SP;865;0;1;41;5;5;52
49_Z_on_SP;870;0;1;41;5;5;52
49_Z_on_SP;875;0;1;42;5;5;53
49_Z_on_SP;880;0;1;42;5;5;53
49_Z_on_SP;885;0;1;42;5;5;53
49_Z_on_SP;890;0;1;42;5;5;53
49_Z_on_SP;895;0;1;41;5;5;52
49_Z_on_SP;900;0;1;41;6;5;53
49_Z_on_SP;905;0;1;42;6;4;53
49_Z_on_SP;910;0;1;43;6;5;55
49_Z_on_SP;915;0;1;44;6;5;56
49_Z_on_SP;920;0;1;45;6;4;56
49_Z_on_SP;925;0;1;45;6;4;56
49_Z_on_SP;930;0;1;46;6;4;57
49_Z_on_SP;935;0;1;47;6;4;58
49_Z_on_SP;940;0;1;48;6;4;59
49_Z_on_SP;945;0;1;49;6;4;60
49_Z_on_SP;950;0;1;49;7;4;61
49_Z_on_SP;955;0;1;49;7;3;60
49_Z_on_SP;960;0;1;49;7;3;60
49_Z_on_SP;965;0;1;51;7;3;62
49_Z_on_SP;970;0;1;54;7;3;65
49_Z_on_SP;975;0;1;56;7;3;67
49_Z_on_SP;980;0;1;57;7;3;68
49_Z_on_SP;985;0;1;57;7;3;68
49_Z_on_SP;990;0;1;57;7;2;67
49_Z_on_SP;995;0;1;58;7;2;68
49_Z_on_SP;1000;0;1;59;7;2;69
49_Z_on_SP;1005;0;1;59;7;2;69
49_Z_on_SP;1010;0;1;59;7;2;69
49_Z_on_SP;1015;0;1;59;7;2;69
49_Z_on_SP;1020;0;1;60;7;2;70
49_Z_on_SP;1025;0;1;62;7;2;72
49_Z_on_SP;1030;0;1;63;7;1;72
49_Z_on_SP;1035;0;1;64;6;1;72
49_Z_on_SP;1040;0;1;64;6;1;72
49_Z_on_SP;1045;0;1;63;6;1;71
49_Z_on_SP;1050;0;1;63;6;1;71
49_Z_on_SP;1055;0;1;63;5;1;70
49_Z_on_SP;1060;0;1;62;5;1;69
49_Z_on_SP;1065;0;1;60;5;1;67
49_Z_on_SP;1070;0;1;58;5;1;65
49_Z_on_SP;1075;0;1;56;5;0;62
49_Z_on_SP;1080;0;1;55;4;1;61
49_Z_on_SP;1085;0;1;55;4;1;61
49_Z_on_SP;1090;0;1;55;4;0;60
49_Z_on_SP;1095;0;1;52;4;0;57
49_Z_on_SP;1100;0;1;51;4;0;56
49_Z_on_SP;1105;0;1;49;4;1;55
49_Z_on_SP;1110;0;1;47;4;0;52
49_Z_on_SP;1115;0;1;46;3;0;50
49_Z_on_SP;1120;0;1;46;3;0;50
49_Z_on_SP;1125;0;1;45;3;0;49
49_Z_on_SP;1130;0;1;43;3;0;47
49_Z_on_SP;1135;0;1;40;3;0;44
49_Z_on_SP;1140;0;1;38;3;0;42
49_Z_on_SP;1145;0;1;37;3;0;41
49_Z_on_SP;1150;0;1;37;3;0;41
49_Z_on_SP;1155;0;0;36;3;0;39
49_Z_on_SP;1160;0;0;34;3;0;37
49_Z_on_SP;1165;0;0;33;2;0;35
49_Z_on_SP;1170;0;0;30;2;0;32
49_Z_on_SP;1175;0;0;29;2;0;31
49_Z_on_SP;1180;0;0;29;2;0;31
49_Z_on_SP;1185;0;0;27;2;0;29
49_Z_on_SP;1190;0;0;26;2;0;28
49_Z_on_SP;1195;0;0;24;2;0;26
49_Z_on_SP;1200;0;0;23;2;0;25
49_Z_on_SP;1205;0;0;23;2;0;25
49_Z_on_SP;1210;0;0;24;2;0;26
49_Z_on_SP;1215;0;0;23;2;0;25
49_Z_on_SP;1220;0;0;22;2;0;24
49_Z_on_SP;1225;0;0;22;2;0;24
49_Z_on_SP;1230;0;0;21;2;0;23
49_Z_on_SP;1235;0;0;21;2;0;23
49_Z_on_SP;1240;0;0;20;2;0;22
49_Z_on_SP;1245;0;0;20;2;0;22
49_Z_on_SP;1250;0;0;19;2;0;21
49_Z_on_SP;1255;0;0;19;2;0;21
49_Z_on_SP;1260;0;0;18;2;0;20
49_Z_on_SP;1265;0;0;18;2;0;20
49_Z_on_SP;1270;0;0;19;2;0;21
49_Z_on_SP;1275;0;0;19;2;0;21
49_Z_on_SP;1280;0;0;19;2;0;21
49_Z_on_SP;1285;0;0;18;1;0;19
49_Z_on_SP;1290;0;0;18;2;0;20
49_Z_on_SP;1295;0;0;18;1;0;19
49_Z_on_SP;1300;0;0;18;1;0;19
49_Z_on_SP;1305;0;0;18;1;0;19
49_Z_on_SP;1310;0;0;17;1;0;18
49_Z_on_SP;1315;0;0;18;1;0;19
49_Z_on_SP;1320;0;0;17;1;0;18
49_Z_on_SP;1325;0;0;18;1;0;19
49_Z_on_SP;1330;0;0;18;1;0;19
49_Z_on_SP;1335;0;0;18;1;0;19
49_Z_on_SP;1340;0;0;18;1;0;19
49_Z_on_SP;1345;0;0;18;1;0;19
49_Z_on_SP;1350;0;0;17;1;0;18
49_Z_on_SP;1355;0;0;16;1;0;17
49_Z_on_SP;1360;0;0;15;1;0;16
49_Z_on_SP;1365;0;0;14;1;0;15
49_Z_on_SP;1370;0;0;14;1;0;15
49_Z_on_SP;1375;0;0;13;1;0;14
49_Z_on_SP;1380;0;0;13;1;0;14
49_Z_on_SP;1385;0;0;12;1;0;13
49_Z_on_SP;1390;0;0;11;2;0;13
49_Z_on_SP;1395;0;0;12;2;0;14
49_Z_on_SP;1400;0;0;11;2;0;13
49_Z_on_SP;1405;0;0;11;2;0;13
49_Z_on_SP;1410;0;0;10;2;0;12
49_Z_on_SP;1415;0;0;9;1;0;10
49_Z_on_SP;1420;0;0;9;1;0;10
49_Z_on_SP;1425;0;0;8;1;0;9
49_Z_on_SP;1430;0;0;8;1;0;9
49_Z_on_SP;1435;0;0;7;1;0;8
50_B_off_SP;0;0;0;10;0;0;10
50_B_off_SP;5;0;0;8;0;0;8
50_B_off_SP;10;0;0;8;1;0;9
50_B_off_SP;15;0;0;8;0;0;8
50_B_off_SP;20;0;0;7;0;0;7
50_B_off_SP;25;0;0;7;1;0;8
50_B_off_SP;30;0;0;6;1;0;7
50_B_off_SP;35;0;0;6;0;0;6
50_B_off_SP;40;0;0;5;0;0;5
50_B_off_SP;45;0;0;5;0;0;5
50_B_off_SP;50;0;0;6;0;0;6
50_B_off_SP;55;0;0;4;0;0;4
50_B_off_SP;60;0;0;3;0;0;3
50_B_off_SP;65;0;0;4;0;0;4
50_B_off_SP;70;0;0;4;0;0;4
50_B_off_SP;75;0;0;4;0;2;6
50_B_off_SP;80;0;0;3;0;0;3
50_B_off_SP;85;0;0;3;0;0;3
50_B_off_SP;90;0;0;4;0;0;4
50_B_off_SP;95;0;0;3;0;2;5
50_B_off_SP;100;0;0;3;0;0;3
50_B_off_SP;105;0;0;3;0;0;3
50_B_off_SP;110;0;0;2;0;2;4
50_B_off_SP;115;0;0;2;0;0;2
50_B_off_SP;120;0;0;3;0;0;3
50_B_off_SP;125;0;0;2;0;0;2
50_B_off_SP;130;0;0;2;0;0;2
50_B_off_SP;135;0;0;2;0;0;2
50_B_off_SP;140;0;0;2;0;0;2
50_B_off_SP;145;0;0;3;0;0;3
50_B_off_SP;150;0;0;2;0;0;2
50_B_off_SP;155;0;0;3;0;0;3
50_B_off_SP;160;0;0;3;0;0;3
50_B_off_SP;165;0;0;3;0;0;3
50_B_off_SP;170;0;0;3;0;0;3
50_B_off_SP;175;0;0;3;0;2;5
50_B_off_SP;180;0;0;2;1;0;3
50_B_off_SP;185;0;0;3;0;0;3
50_B_off_SP;190;0;0;3;0;0;3
50_B_off_SP;195;0;0;3;0;3;6
50_B_off_SP;200;0;0;3;1;2;6
50_B_off_SP;205;0;0;3;0;2;5
50_B_off_SP;210;0;0;4;0;2;6
50_B_off_SP;215;0;0;5;0;2;7
50_B_off_SP;220;0;0;5;0;0;5
50_B_off_SP;225;0;0;5;0;2;7
50_B_off_SP;230;0;0;6;1;2;9
50_B_off_SP;235;0;0;5;0;3;8
50_B_off_SP;240;0;0;5;1;4;10
50_B_off_SP;245;0;0;6;0;2;8
50_B_off_SP;250;0;0;6;0;3;9
50_B_off_SP;255;0;0;10;0;4;14
50_B_off_SP;260;0;0;8;1;3;12
50_B_off_SP;265;0;0;11;2;3;16
50_B_off_SP;270;0;0;13;1;2;16
50_B_off_SP;275;0;1;17;0;3;21
50_B_off_SP;280;0;0;16;2;4;22
50_B_off_SP;285;0;0;15;2;5;22
50_B_off_SP;290;0;0;15;2;3;20
50_B_off_SP;295;0;0;13;2;3;18
50_B_off_SP;300;0;0;18;1;7;26
50_B_off_SP;305;0;0;17;2;6;25
50_B_off_SP;310;0;0;21;2;7;30
50_B_off_SP;315;0;0;26;2;7;35
50_B_off_SP;320;0;1;28;3;6;38
50_B_off_SP;325;0;2;33;3;5;43
50_B_off_SP;330;0;2;39;5;7;53
50_B_off_SP;335;0;2;42;5;6;55
50_B_off_SP;340;0;2;46;3;7;58
50_B_off_SP;345;0;2;50;5;5;62
50_B_off_SP;350;0;2;51;6;7;66
50_B_off_SP;355;0;2;51;5;6;64
50_B_off_SP;360;0;2;58;8;6;74
50_B_off_SP;365;0;2;64;6;7;79
50_B_off_SP;370;0;2;69;8;7;86
50_B_off_SP;375;0;1;73;10;7;91
50_B_off_SP;380;0;3;84;10;9;106
50_B_off_SP;385;0;2;82;13;9;106
50_B_off_SP;390;0;3;93;13;8;117
50_B_off_SP;395;0;4;97;13;9;123
50_B_off_SP;400;0;3;101;14;10;128
50_B_off_SP;405;0;3;103;12;10;128
50_B_off_SP;410;0;5;102;13;10;130
50_B_off_SP;415;0;3;102;12;9;126
50_B_off_SP;420;0;2;98;12;10;122
50_B_off_SP;425;0;3;101;14;10;128
50_B_off_SP;430;0;2;104;13;10;129
50_B_off_SP;435;0;2;100;14;12;128
50_B_off_SP;440;0;3;103;14;12;132
50_B_off_SP;445;0;3;100;15;12;130
50_B_off_SP;450;0;2;99;13;12;126
50_B_off_SP;455;0;2;99;14;10;125
50_B_off_SP;460;0;2;97;14;10;123
50_B_off_SP;465;0;2;92;15;12;121
50_B_off_SP;470;0;2;86;13;10;111
50_B_off_SP;475;0;2;81;11;10;104
50_B_off_SP;480;0;3;76;12;9;100
50_B_off_SP;485;0;2;74;12;10;98
50_B_off_SP;490;0;2;72;10;10;94
50_B_off_SP;495;0;2;72;10;10;94
50_B_off_SP;500;0;2;74;10;10;96
50_B_off_SP;505;0;2;69;11;10;92
50_B_off_SP;510;0;2;66;10;12;90
50_B_off_SP;515;0;2;65;8;12;87
50_B_off_SP;520;0;2;66;8;12;88
50_B_off_SP;525;0;2;66;8;10;86
50_B_off_SP;530;0;2;68;8;10;88
50_B_off_SP;535;0;1;58;8;13;80
50_B_off_SP;540;0;2;57;8;13;80
50_B_off_SP;545;0;1;59;8;12;80
50_B_off_SP;550;0;2;57;8;13;80
50_B_off_SP;555;0;2;59;8;13;82
50_B_off_SP;560;0;2;61;8;12;83
50_B_off_SP;565;0;2;58;8;12;80
50_B_off_SP;570;0;2;56;8;13;79
50_B_off_SP;575;0;2;61;10;12;85
50_B_off_SP;580;0;1;61;8;14;84
50_B_off_SP;585;0;2;61;10;10;83
50_B_off_SP;590;0;2;63;8;13;86
50_B_off_SP;595;0;2;61;10;13;86
50_B_off_SP;600;0;2;59;10;15;86
50_B_off_SP;605;0;2;61;10;15;88
50_B_off_SP;610;0;2;58;8;15;83
50_B_off_SP;615;0;2;61;10;13;86
50_B_off_SP;620;0;2;63;8;14;87
50_B_off_SP;625;0;2;61;10;12;85
50_B_off_SP;630;0;2;59;10;15;86
50_B_off_SP;635;0;2;64;10;13;89
50_B_off_SP;640;0;2;63;8;12;85
50_B_off_SP;645;0;2;61;8;13;84
50_B_off_SP;650;0;2;61;10;12;85
50_B_off_SP;655;0;2;61;10;12;85
50_B_off_SP;660;0;2;61;10;10;83
50_B_off_SP;665;0;2;63;8;12;85
50_B_off_SP;670;0;2;64;10;13;89
50_B_off_SP;675;0;2;66;8;13;89
50_B_off_SP;680;0;2;69;10;13;94
50_B_off_SP;685;0;2;64;10;12;88
50_B_off_SP;690;0;2;66;10;10;88
50_B_off_SP;695;0;2;74;10;12;98
50_B_off_SP;700;0;3;73;10;9;95
50_B_off_SP;705;0;2;73;10;10;95
50_B_off_SP;710;0;2;77;10;10;99
50_B_off_SP;715;0;2;78;12;7;99
50_B_off_SP;720;0;3;84;10;9;106
50_B_off_SP;725;0;4;94;10;8;116
50_B_off_SP;730;0;3;83;8;8;102
50_B_off_SP;735;0;3;74;8;7;92
50_B_off_SP;740;0;2;69;8;7;86
50_B_off_SP;745;0;2;64;6;7;79
50_B_off_SP;750;0;2;61;7;10;80
50_B_off_SP;755;0;2;63;6;5;76
50_B_off_SP;760;0;2;67;7;8;84
50_B_off_SP;765;0;2;71;8;7;88
50_B_off_SP;770;0;3;73;10;12;98
50_B_off_SP;775;0;2;76;10;10;98
50_B_off_SP;780;0;3;76;8;10;97
50_B_off_SP;785;0;2;83;10;10;105
50_B_off_SP;790;0;2;81;12;10;105
50_B_off_SP;795;0;2;81;11;12;106
50_B_off_SP;800;0;3;83;10;13;109
50_B_off_SP;805;0;2;77;10;12;101
50_B_off_SP;810;0;2;71;10;12;95
50_B_off_SP;815;0;2;77;10;13;102
50_B_off_SP;820;0;2;76;10;12;100
50_B_off_SP;825;0;2;76;10;12;100
50_B_off_SP;830;0;2;72;10;12;96
50_B_off_SP;835;0;2;76;10;12;100
50_B_off_SP;840;0;2;74;10;10;96
50_B_off_SP;845;0;2;73;10;12;97
50_B_off_SP;850;0;2;78;10;13;103
50_B_off_SP;855;0;2;76;8;13;99
50_B_off_SP;860;0;2;79;10;12;103
50_B_off_SP;865;0;3;76;10;12;101
50_B_off_SP;870;0;2;73;10;13;98
50_B_off_SP;875;0;2;79;10;12;103
50_B_off_SP;880;0;4;79;8;12;103
50_B_off_SP;885;0;2;78;8;12;100
50_B_off_SP;890;0;3;79;10;10;102
50_B_off_SP;895;0;2;79;10;10;101
50_B_off_SP;900;0;3;78;10;10;101
50_B_off_SP;905;0;2;81;10;10;103
50_B_off_SP;910;0;3;83;8;10;104
50_B_off_SP;915;0;2;81;10;12;105
50_B_off_SP;920;0;2;84;10;10;106
50_B_off_SP;925;0;2;87;11;12;112
50_B_off_SP;930;0;3;86;12;10;111
50_B_off_SP;935;0;3;88;12;9;112
50_B_off_SP;940;0;3;88;12;10;113
50_B_off_SP;945;0;3;89;12;10;114
50_B_off_SP;950;0;3;92;12;8;115
50_B_off_SP;955;0;3;93;12;10;118
50_B_off_SP;960;0;3;96;12;10;121
50_B_off_SP;965;0;4;107;12;9;132
50_B_off_SP;970;0;5;110;13;9;137
50_B_off_SP;975;0;5;106;12;7;130
50_B_off_SP;980;0;5;114;12;8;139
50_B_off_SP;985;0;5;115;12;7;139
50_B_off_SP;990;0;5;114;13;7;139
50_B_off_SP;995;0;5;124;13;5;147
50_B_off_SP;1000;0;5;119;13;7;144
50_B_off_SP;1005;0;5;119;13;7;144
50_B_off_SP;1010;0;5;122;12;7;146
50_B_off_SP;1015;0;5;124;13;6;148
50_B_off_SP;1020;0;5;122;12;5;144
50_B_off_SP;1025;0;5;139;13;5;162
50_B_off_SP;1030;0;5;137;12;5;159
50_B_off_SP;1035;0;5;137;11;5;158
50_B_off_SP;1040;0;5;137;10;5;157
50_B_off_SP;1045;0;5;132;11;3;151
50_B_off_SP;1050;0;5;132;12;5;154
50_B_off_SP;1055;0;5;135;10;3;153
50_B_off_SP;1060;0;5;128;10;2;145
50_B_off_SP;1065;0;5;122;10;4;141
50_B_off_SP;1070;0;4;117;10;5;136
50_B_off_SP;1075;0;5;119;8;4;136
50_B_off_SP;1080;0;4;115;7;4;130
50_B_off_SP;1085;0;4;111;8;5;128
50_B_off_SP;1090;0;4;111;8;4;127
50_B_off_SP;1095;0;5;104;6;3;118
50_B_off_SP;1100;0;3;100;6;3;112
50_B_off_SP;1105;0;3;97;5;3;108
50_B_off_SP;1110;0;3;94;6;3;106
50_B_off_SP;1115;0;3;93;6;3;105
50_B_off_SP;1120;0;2;92;5;2;101
50_B_off_SP;1125;0;2;88;5;2;97
50_B_off_SP;1130;0;3;83;5;3;94
50_B_off_SP;1135;0;3;81;5;2;91
50_B_off_SP;1140;0;2;74;5;3;84
50_B_off_SP;1145;0;2;78;5;3;88
50_B_off_SP;1150;0;2;77;5;2;86
50_B_off_SP;1155;0;2;77;5;2;86
50_B_off_SP;1160;0;2;69;5;4;80
50_B_off_SP;1165;0;3;69;4;2;78
50_B_off_SP;1170;0;2;64;3;3;72
50_B_off_SP;1175;0;2;65;3;3;73
50_B_off_SP;1180;0;2;64;5;2;73
50_B_off_SP;1185;0;2;59;3;2;66
50_B_off_SP;1190;0;2;56;4;2;64
50_B_off_SP;1195;0;2;53;4;2;61
50_B_off_SP;1200;0;2;53;3;3;61
50_B_off_SP;1205;0;2;51;3;3;59
50_B_off_SP;1210;0;2;53;3;2;60
50_B_off_SP;1215;0;2;50;3;2;57
50_B_off_SP;1220;0;2;51;3;0;56
50_B_off_SP;1225;0;2;50;3;3;58
50_B_off_SP;1230;0;2;48;3;2;55
50_B_off_SP;1235;0;2;46;3;3;54
50_B_off_SP;1240;0;2;46;3;0;51
50_B_off_SP;1245;0;2;45;3;0;50
50_B_off_SP;1250;0;2;46;2;2;52
50_B_off_SP;1255;0;2;44;2;2;50
50_B_off_SP;1260;0;2;41;2;2;47
50_B_off_SP;1265;0;2;43;3;2;50
50_B_off_SP;1270;0;1;43;2;0;46
50_B_off_SP;1275;0;2;44;3;0;49
50_B_off_SP;1280;0;2;41;2;0;45
50_B_off_SP;1285;0;2;41;2;0;45
50_B_off_SP;1290;0;1;39;2;2;44
50_B_off_SP;1295;0;2;39;2;2;45
50_B_off_SP;1300;0;1;40;2;2;45
50_B_off_SP;1305;0;1;38;2;2;43
50_B_off_SP;1310;0;1;40;2;0;43
50_B_off_SP;1315;0;1;36;2;2;41
50_B_off_SP;1320;0;1;38;2;0;41
50_B_off_SP;1325;0;1;38;2;0;41
50_B_off_SP;1330;0;1;36;2;0;39
50_B_off_SP;1335;0;2;38;2;0;42
50_B_off_SP;1340;0;1;36;2;2;41
50_B_off_SP;1345;0;1;35;2;0;38
50_B_off_SP;1350;0;1;32;2;0;35
50_B_off_SP;1355;0;2;31;2;0;35
50_B_off_SP;1360;0;1;30;1;0;32
50_B_off_SP;1365;0;1;27;1;0;29
50_B_off_SP;1370;0;1;28;2;0;31
50_B_off_SP;1375;0;1;28;0;0;29
50_B_off_SP;1380;0;0;25;1;0;26
50_B_off_SP;1385;0;1;26;0;0;27
50_B_off_SP;1390;0;1;25;0;0;26
50_B_off_SP;1395;0;1;23;1;0;25
50_B_off_SP;1400;0;1;22;1;0;24
50_B_off_SP;1405;0;0;18;1;0;19
50_B_off_SP;1410;0;1;18;0;0;19
50_B_off_SP;1415;0;1;16;0;0;17
50_B_off_SP;1420;0;0;15;1;0;16
50_B_off_SP;1425;0;1;16;0;0;17
50_B_off_SP;1430;0;0;14;0;0;14
50_B_off_SP;1435;0;0;13;0;0;13
50_B_on_1_SP;0;0;0;0;0;0;0
50_B_on_1_SP;5;0;0;0;0;0;0
50_B_on_1_SP;10;0;0;0;0;0;0
50_B_on_1_SP;15;0;0;0;0;0;0
50_B_on_1_SP;20;0;0;0;0;0;0
50_B_on_1_SP;25;0;0;0;0;0;0
50_B_on_1_SP;30;0;0;0;0;0;0
50_B_on_1_SP;35;0;0;0;0;0;0
50_B_on_1_SP;40;0;0;0;0;0;0
50_B_on_1_SP;45;0;0;0;0;0;0
50_B_on_1_SP;50;0;0;0;0;0;0
50_B_on_1_SP;55;0;0;0;0;0;0
50_B_on_1_SP;60;0;0;0;0;0;0
50_B_on_1_SP;65;0;0;0;0;0;0
50_B_on_1_SP;70;0;0;0;0;0;0
50_B_on_1_SP;75;0;0;0;0;0;0
50_B_on_1_SP;80;0;0;0;0;0;0
50_B_on_1_SP;85;0;0;0;0;0;0
50_B_on_1_SP;90;0;0;0;0;0;0
50_B_on_1_SP;95;0;0;0;0;0;0
50_B_on_1_SP;100;0;0;0;0;0;0
50_B_on_1_SP;105;0;0;0;0;0;0
50_B_on_1_SP;110;0;0;0;0;0;0
50_B_on_1_SP;115;0;0;0;0;0;0
50_B_on_1_SP;120;0;0;0;0;0;0
50_B_on_1_SP;125;0;0;0;0;0;0
50_B_on_1_SP;130;0;0;0;0;0;0
50_B_on_1_SP;135;0;0;0;0;0;0
50_B_on_1_SP;140;0;0;0;0;0;0
50_B_on_1_SP;145;0;0;0;0;0;0
50_B_on_1_SP;150;0;0;0;0;0;0
50_B_on_1_SP;155;0;0;0;0;0;0
50_B_on_1_SP;160;0;0;0;0;0;0
50_B_on_1_SP;165;0;0;0;0;0;0
50_B_on_1_SP;170;0;0;0;0;0;0
50_B_on_1_SP;175;0;0;0;0;0;0
50_B_on_1_SP;180;0;0;0;0;0;0
50_B_on_1_SP;185;0;0;0;0;0;0
50_B_on_1_SP;190;0;0;0;0;0;0
50_B_on_1_SP;195;0;0;0;0;0;0
50_B_on_1_SP;200;0;0;0;0;0;0
50_B_on_1_SP;205;0;0;0;0;0;0
50_B_on_1_SP;210;0;0;0;0;0;0
50_B_on_1_SP;215;0;0;0;0;0;0
50_B_on_1_SP;220;0;0;0;0;0;0
50_B_on_1_SP;225;0;0;0;0;0;0
50_B_on_1_SP;230;0;0;0;0;0;0
50_B_on_1_SP;235;0;0;0;0;0;0
50_B_on_1_SP;240;0;0;0;0;0;0
50_B_on_1_SP;245;0;0;0;0;0;0
50_B_on_1_SP;250;0;0;0;0;0;0
50_B_on_1_SP;255;0;0;0;0;0;0
50_B_on_1_SP;260;0;0;0;0;0;0
50_B_on_1_SP;265;0;0;0;0;0;0
50_B_on_1_SP;270;0;0;0;0;0;0
50_B_on_1_SP;275;0;0;1;0;0;1
50_B_on_1_SP;280;0;0;1;0;0;1
50_B_on_1_SP;285;0;0;1;0;0;1
50_B_on_1_SP;290;0;0;1;0;0;1
50_B_on_1_SP;295;0;0;0;0;0;0
50_B_on_1_SP;300;0;0;1;0;0;1
50_B_on_1_SP;305;0;0;1;0;0;1
50_B_on_1_SP;310;0;0;1;0;0;1
50_B_on_1_SP;315;0;0;1;0;0;1
50_B_on_1_SP;320;0;0;1;0;0;1
50_B_on_1_SP;325;0;0;1;0;0;1
50_B_on_1_SP;330;0;0;1;0;0;1
50_B_on_1_SP;335;0;0;2;0;0;2
50_B_on_1_SP;340;0;0;2;0;0;2
50_B_on_1_SP;345;0;0;2;0;0;2
50_B_on_1_SP;350;0;0;2;0;0;2
50_B_on_1_SP;355;0;0;2;0;0;2
50_B_on_1_SP;360;0;0;2;0;0;2
50_B_on_1_SP;365;0;0;2;0;0;2
50_B_on_1_SP;370;0;0;3;0;0;3
50_B_on_1_SP;375;0;0;3;0;0;3
50_B_on_1_SP;380;0;0;3;0;0;3
50_B_on_1_SP;385;0;0;3;0;0;3
50_B_on_1_SP;390;0;0;3;0;0;3
50_B_on_1_SP;395;0;0;4;0;0;4
50_B_on_1_SP;400;0;0;4;1;0;5
50_B_on_1_SP;405;0;0;4;0;0;4
50_B_on_1_SP;410;0;0;4;0;0;4
50_B_on_1_SP;415;0;0;4;0;0;4
50_B_on_1_SP;420;0;0;4;0;0;4
50_B_on_1_SP;425;0;0;4;1;0;5
50_B_on_1_SP;430;0;0;4;0;0;4
50_B_on_1_SP;435;0;0;4;1;0;5
50_B_on_1_SP;440;0;0;4;1;0;5
50_B_on_1_SP;445;0;0;4;1;0;5
50_B_on_1_SP;450;0;0;4;0;0;4
50_B_on_1_SP;455;0;0;4;1;0;5
50_B_on_1_SP;460;0;0;4;1;0;5
50_B_on_1_SP;465;0;0;3;1;0;4
50_B_on_1_SP;470;0;0;3;0;0;3
50_B_on_1_SP;475;0;0;3;0;0;3
50_B_on_1_SP;480;0;0;3;0;0;3
50_B_on_1_SP;485;0;0;3;0;0;3
50_B_on_1_SP;490;0;0;3;0;0;3
50_B_on_1_SP;495;0;0;3;0;0;3
50_B_on_1_SP;500;0;0;3;0;0;3
50_B_on_1_SP;505;0;0;3;0;0;3
50_B_on_1_SP;510;0;0;2;0;0;2
50_B_on_1_SP;515;0;0;2;0;0;2
50_B_on_1_SP;520;0;0;2;0;0;2
50_B_on_1_SP;525;0;0;2;0;0;2
50_B_on_1_SP;530;0;0;2;0;0;2
50_B_on_1_SP;535;0;0;2;0;0;2
50_B_on_1_SP;540;0;0;2;0;0;2
50_B_on_1_SP;545;0;0;2;0;0;2
50_B_on_1_SP;550;0;0;2;0;0;2
50_B_on_1_SP;555;0;0;2;0;0;2
50_B_on_1_SP;560;0;0;2;0;0;2
50_B_on_1_SP;565;0;0;2;0;0;2
50_B_on_1_SP;570;0;0;2;0;0;2
50_B_on_1_SP;575;0;0;2;0;0;2
50_B_on_1_SP;580;0;0;2;0;0;2
50_B_on_1_SP;585;0;0;2;0;0;2
50_B_on_1_SP;590;0;0;2;0;0;2
50_B_on_1_SP;595;0;0;2;0;0;2
50_B_on_1_SP;600;0;0;2;0;0;2
50_B_on_1_SP;605;0;0;2;0;0;2
50_B_on_1_SP;610;0;0;2;0;0;2
50_B_on_1_SP;615;0;0;2;0;0;2
50_B_on_1_SP;620;0;0;2;0;0;2
50_B_on_1_SP;625;0;0;2;0;0;2
50_B_on_1_SP;630;0;0;2;0;0;2
50_B_on_1_SP;635;0;0;2;0;0;2
50_B_on_1_SP;640;0;0;2;0;0;2
50_B_on_1_SP;645;0;0;2;0;0;2
50_B_on_1_SP;650;0;0;2;0;0;2
50_B_on_1_SP;655;0;0;2;0;0;2
50_B_on_1_SP;660;0;0;2;0;0;2
50_B_on_1_SP;665;0;0;2;0;0;2
50_B_on_1_SP;670;0;0;2;0;0;2
50_B_on_1_SP;675;0;0;2;0;0;2
50_B_on_1_SP;680;0;0;3;0;0;3
50_B_on_1_SP;685;0;0;2;0;0;2
50_B_on_1_SP;690;0;0;2;0;0;2
50_B_on_1_SP;695;0;0;3;0;0;3
50_B_on_1_SP;700;0;0;3;0;0;3
50_B_on_1_SP;705;0;0;3;0;0;3
50_B_on_1_SP;710;0;0;3;0;0;3
50_B_on_1_SP;715;0;0;3;0;0;3
50_B_on_1_SP;720;0;0;3;0;0;3
50_B_on_1_SP;725;0;0;3;0;0;3
50_B_on_1_SP;730;0;0;3;0;0;3
50_B_on_1_SP;735;0;0;3;0;0;3
50_B_on_1_SP;740;0;0;3;0;0;3
50_B_on_1_SP;745;0;0;2;0;0;2
50_B_on_1_SP;750;0;0;2;0;0;2
50_B_on_1_SP;755;0;0;2;0;0;2
50_B_on_1_SP;760;0;0;2;0;0;2
50_B_on_1_SP;765;0;0;3;0;0;3
50_B_on_1_SP;770;0;0;3;0;0;3
50_B_on_1_SP;775;0;0;3;0;0;3
50_B_on_1_SP;780;0;0;3;0;0;3
50_B_on_1_SP;785;0;0;3;0;0;3
50_B_on_1_SP;790;0;0;3;0;0;3
50_B_on_1_SP;795;0;0;3;0;0;3
50_B_on_1_SP;800;0;0;3;0;0;3
50_B_on_1_SP;805;0;0;3;0;0;3
50_B_on_1_SP;810;0;0;3;0;0;3
50_B_on_1_SP;815;0;0;3;0;0;3
50_B_on_1_SP;820;0;0;3;0;0;3
50_B_on_1_SP;825;0;0;3;0;0;3
50_B_on_1_SP;830;0;0;3;0;0;3
50_B_on_1_SP;835;0;0;3;0;0;3
50_B_on_1_SP;840;0;0;3;0;0;3
50_B_on_1_SP;845;0;0;3;0;0;3
50_B_on_1_SP;850;0;0;3;0;0;3
50_B_on_1_SP;855;0;0;3;0;0;3
50_B_on_1_SP;860;0;0;3;0;0;3
50_B_on_1_SP;865;0;0;3;0;0;3
50_B_on_1_SP;870;0;0;3;0;0;3
50_B_on_1_SP;875;0;0;3;0;0;3
50_B_on_1_SP;880;0;0;3;0;0;3
50_B_on_1_SP;885;0;0;3;0;0;3
50_B_on_1_SP;890;0;0;3;0;0;3
50_B_on_1_SP;895;0;0;3;0;0;3
50_B_on_1_SP;900;0;0;3;0;0;3
50_B_on_1_SP;905;0;0;3;0;0;3
50_B_on_1_SP;910;0;0;3;0;0;3
50_B_on_1_SP;915;0;0;3;0;0;3
50_B_on_1_SP;920;0;0;3;0;0;3
50_B_on_1_SP;925;0;0;3;0;0;3
50_B_on_1_SP;930;0;0;3;0;0;3
50_B_on_1_SP;935;0;0;3;0;0;3
50_B_on_1_SP;940;0;0;3;0;0;3
50_B_on_1_SP;945;0;0;3;0;0;3
50_B_on_1_SP;950;0;0;3;0;0;3
50_B_on_1_SP;955;0;0;3;0;0;3
50_B_on_1_SP;960;0;0;4;0;0;4
50_B_on_1_SP;965;0;0;4;0;0;4
50_B_on_1_SP;970;0;0;4;0;0;4
50_B_on_1_SP;975;0;0;4;0;0;4
50_B_on_1_SP;980;0;0;4;0;0;4
50_B_on_1_SP;985;0;0;4;0;0;4
50_B_on_1_SP;990;0;0;4;0;0;4
50_B_on_1_SP;995;0;0;5;0;0;5
50_B_on_1_SP;1000;0;0;4;0;0;4
50_B_on_1_SP;1005;0;0;4;0;0;4
50_B_on_1_SP;1010;0;0;4;0;0;4
50_B_on_1_SP;1015;0;0;5;0;0;5
50_B_on_1_SP;1020;0;0;4;0;0;4
50_B_on_1_SP;1025;0;0;5;0;0;5
50_B_on_1_SP;1030;0;0;5;0;0;5
50_B_on_1_SP;1035;0;0;5;0;0;5
50_B_on_1_SP;1040;0;0;5;0;0;5
50_B_on_1_SP;1045;0;0;5;0;0;5
50_B_on_1_SP;1050;0;0;5;0;0;5
50_B_on_1_SP;1055;0;0;5;0;0;5
50_B_on_1_SP;1060;0;0;5;0;0;5
50_B_on_1_SP;1065;0;0;4;0;0;4
50_B_on_1_SP;1070;0;0;4;0;0;4
50_B_on_1_SP;1075;0;0;4;0;0;4
50_B_on_1_SP;1080;0;0;4;0;0;4
50_B_on_1_SP;1085;0;0;4;0;0;4
50_B_on_1_SP;1090;0;0;4;0;0;4
50_B_on_1_SP;1095;0;0;4;0;0;4
50_B_on_1_SP;1100;0;0;4;0;0;4
50_B_on_1_SP;1105;0;0;4;0;0;4
50_B_on_1_SP;1110;0;0;3;0;0;3
50_B_on_1_SP;1115;0;0;3;0;0;3
50_B_on_1_SP;1120;0;0;3;0;0;3
50_B_on_1_SP;1125;0;0;3;0;0;3
50_B_on_1_SP;1130;0;0;3;0;0;3
50_B_on_1_SP;1135;0;0;3;0;0;3
50_B_on_1_SP;1140;0;0;3;0;0;3
50_B_on_1_SP;1145;0;0;3;0;0;3
50_B_on_1_SP;1150;0;0;3;0;0;3
50_B_on_1_SP;1155;0;0;3;0;0;3
50_B_on_1_SP;1160;0;0;3;0;0;3
50_B_on_1_SP;1165;0;0;3;0;0;3
50_B_on_1_SP;1170;0;0;2;0;0;2
50_B_on_1_SP;1175;0;0;2;0;0;2
50_B_on_1_SP;1180;0;0;2;0;0;2
50_B_on_1_SP;1185;0;0;2;0;0;2
50_B_on_1_SP;1190;0;0;2;0;0;2
50_B_on_1_SP;1195;0;0;2;0;0;2
50_B_on_1_SP;1200;0;0;2;0;0;2
50_B_on_1_SP;1205;0;0;2;0;0;2
50_B_on_1_SP;1210;0;0;2;0;0;2
50_B_on_1_SP;1215;0;0;2;0;0;2
50_B_on_1_SP;1220;0;0;2;0;0;2
50_B_on_1_SP;1225;0;0;2;0;0;2
50_B_on_1_SP;1230;0;0;2;0;0;2
50_B_on_1_SP;1235;0;0;2;0;0;2
50_B_on_1_SP;1240;0;0;2;0;0;2
50_B_on_1_SP;1245;0;0;2;0;0;2
50_B_on_1_SP;1250;0;0;2;0;0;2
50_B_on_1_SP;1255;0;0;2;0;0;2
50_B_on_1_SP;1260;0;0;2;0;0;2
50_B_on_1_SP;1265;0;0;2;0;0;2
50_B_on_1_SP;1270;0;0;2;0;0;2
50_B_on_1_SP;1275;0;0;2;0;0;2
50_B_on_1_SP;1280;0;0;1;0;0;1
50_B_on_1_SP;1285;0;0;1;0;0;1
50_B_on_1_SP;1290;0;0;1;0;0;1
50_B_on_1_SP;1295;0;0;1;0;0;1
50_B_on_1_SP;1300;0;0;1;0;0;1
50_B_on_1_SP;1305;0;0;1;0;0;1
50_B_on_1_SP;1310;0;0;1;0;0;1
50_B_on_1_SP;1315;0;0;1;0;0;1
50_B_on_1_SP;1320;0;0;1;0;0;1
50_B_on_1_SP;1325;0;0;1;0;0;1
50_B_on_1_SP;1330;0;0;1;0;0;1
50_B_on_1_SP;1335;0;0;1;0;0;1
50_B_on_1_SP;1340;0;0;1;0;0;1
50_B_on_1_SP;1345;0;0;1;0;0;1
50_B_on_1_SP;1350;0;0;1;0;0;1
50_B_on_1_SP;1355;0;0;1;0;0;1
50_B_on_1_SP;1360;0;0;1;0;0;1
50_B_on_1_SP;1365;0;0;1;0;0;1
50_B_on_1_SP;1370;0;0;1;0;0;1
50_B_on_1_SP;1375;0;0;1;0;0;1
50_B_on_1_SP;1380;0;0;1;0;0;1
50_B_on_1_SP;1385;0;0;1;0;0;1
50_B_on_1_SP;1390;0;0;1;0;0;1
50_B_on_1_SP;1395;0;0;1;0;0;1
50_B_on_1_SP;1400;0;0;1;0;0;1
50_B_on_1_SP;1405;0;0;1;0;0;1
50_B_on_1_SP;1410;0;0;1;0;0;1
50_B_on_1_SP;1415;0;0;1;0;0;1
50_B_on_1_SP;1420;0;0;1;0;0;1
50_B_on_1_SP;1425;0;0;1;0;0;1
50_B_on_1_SP;1430;0;0;1;0;0;1
50_B_on_1_SP;1435;0;0;0;0;0;0
50_B_on_2_SP;0;0;0;3;0;0;3
50_B_on_2_SP;5;0;0;3;0;0;3
50_B_on_2_SP;10;0;0;3;0;0;3
50_B_on_2_SP;15;0;0;3;0;0;3
50_B_on_2_SP;20;0;0;3;0;0;3
50_B_on_2_SP;25;0;0;3;0;0;3
50_B_on_2_SP;30;0;0;2;0;0;2
50_B_on_2_SP;35;0;0;2;0;0;2
50_B_on_2_SP;40;0;0;2;0;0;2
50_B_on_2_SP;45;0;0;2;0;0;2
50_B_on_2_SP;50;0;0;2;0;0;2
50_B_on_2_SP;55;0;0;1;0;0;1
50_B_on_2_SP;60;0;0;1;0;0;1
50_B_on_2_SP;65;0;0;1;0;0;1
50_B_on_2_SP;70;0;0;1;0;0;1
50_B_on_2_SP;75;0;0;1;0;1;2
50_B_on_2_SP;80;0;0;1;0;0;1
50_B_on_2_SP;85;0;0;1;0;0;1
50_B_on_2_SP;90;0;0;1;0;0;1
50_B_on_2_SP;95;0;0;1;0;1;2
50_B_on_2_SP;100;0;0;1;0;0;1
50_B_on_2_SP;105;0;0;1;0;0;1
50_B_on_2_SP;110;0;0;1;0;1;2
50_B_on_2_SP;115;0;0;1;0;0;1
50_B_on_2_SP;120;0;0;1;0;0;1
50_B_on_2_SP;125;0;0;1;0;0;1
50_B_on_2_SP;130;0;0;1;0;0;1
50_B_on_2_SP;135;0;0;1;0;0;1
50_B_on_2_SP;140;0;0;1;0;0;1
50_B_on_2_SP;145;0;0;1;0;0;1
50_B_on_2_SP;150;0;0;1;0;0;1
50_B_on_2_SP;155;0;0;1;0;0;1
50_B_on_2_SP;160;0;0;1;0;0;1
50_B_on_2_SP;165;0;0;1;0;0;1
50_B_on_2_SP;170;0;0;1;0;0;1
50_B_on_2_SP;175;0;0;1;0;1;2
50_B_on_2_SP;180;0;0;1;0;0;1
50_B_on_2_SP;185;0;0;1;0;0;1
50_B_on_2_SP;190;0;0;1;0;0;1
50_B_on_2_SP;195;0;0;1;0;1;2
50_B_on_2_SP;200;0;0;1;0;1;2
50_B_on_2_SP;205;0;0;1;0;1;2
50_B_on_2_SP;210;0;0;1;0;1;2
50_B_on_2_SP;215;0;0;2;0;1;3
50_B_on_2_SP;220;0;0;2;0;0;2
50_B_on_2_SP;225;0;0;2;0;1;3
50_B_on_2_SP;230;0;0;2;0;1;3
50_B_on_2_SP;235;0;0;2;0;1;3
50_B_on_2_SP;240;0;0;2;0;2;4
50_B_on_2_SP;245;0;0;2;0;1;3
50_B_on_2_SP;250;0;0;2;0;2;4
50_B_on_2_SP;255;0;0;3;0;2;5
50_B_on_2_SP;260;0;0;3;0;1;4
50_B_on_2_SP;265;0;0;4;1;2;7
50_B_on_2_SP;270;0;0;5;0;1;6
50_B_on_2_SP;275;0;0;6;0;1;7
50_B_on_2_SP;280;0;0;6;1;2;9
50_B_on_2_SP;285;0;0;5;1;2;8
50_B_on_2_SP;290;0;0;5;1;2;8
50_B_on_2_SP;295;0;0;5;1;2;8
50_B_on_2_SP;300;0;0;6;0;4;10
50_B_on_2_SP;305;0;0;6;1;3;10
50_B_on_2_SP;310;0;0;8;1;3;12
50_B_on_2_SP;315;0;0;9;1;3;13
50_B_on_2_SP;320;0;0;10;1;3;14
50_B_on_2_SP;325;0;1;12;1;3;17
50_B_on_2_SP;330;0;1;14;2;4;21
50_B_on_2_SP;335;0;1;15;2;3;21
50_B_on_2_SP;340;0;1;17;1;4;23
50_B_on_2_SP;345;0;1;18;2;3;24
50_B_on_2_SP;350;0;1;19;2;3;25
50_B_on_2_SP;355;0;1;19;2;3;25
50_B_on_2_SP;360;0;1;21;3;3;28
50_B_on_2_SP;365;0;1;23;2;3;29
50_B_on_2_SP;370;0;1;25;3;3;32
50_B_on_2_SP;375;0;0;26;3;4;33
50_B_on_2_SP;380;0;1;30;3;4;38
50_B_on_2_SP;385;0;1;29;5;4;39
50_B_on_2_SP;390;0;1;33;5;4;43
50_B_on_2_SP;395;0;1;35;5;4;45
50_B_on_2_SP;400;0;1;36;5;5;47
50_B_on_2_SP;405;0;1;37;4;5;47
50_B_on_2_SP;410;0;2;37;5;4;48
50_B_on_2_SP;415;0;1;37;4;4;46
50_B_on_2_SP;420;0;1;35;4;4;44
50_B_on_2_SP;425;0;1;36;5;4;46
50_B_on_2_SP;430;0;1;37;5;5;48
50_B_on_2_SP;435;0;1;36;5;5;47
50_B_on_2_SP;440;0;1;37;5;5;48
50_B_on_2_SP;445;0;1;36;5;6;48
50_B_on_2_SP;450;0;1;36;5;6;48
50_B_on_2_SP;455;0;1;36;5;5;47
50_B_on_2_SP;460;0;1;35;5;5;46
50_B_on_2_SP;465;0;1;33;5;6;45
50_B_on_2_SP;470;0;1;31;5;5;42
50_B_on_2_SP;475;0;1;29;4;4;38
50_B_on_2_SP;480;0;1;27;4;4;36
50_B_on_2_SP;485;0;1;27;4;5;37
50_B_on_2_SP;490;0;1;26;3;5;35
50_B_on_2_SP;495;0;1;26;3;4;34
50_B_on_2_SP;500;0;1;27;3;5;36
50_B_on_2_SP;505;0;1;25;4;5;35
50_B_on_2_SP;510;0;1;24;3;5;33
50_B_on_2_SP;515;0;1;23;3;6;33
50_B_on_2_SP;520;0;1;24;3;5;33
50_B_on_2_SP;525;0;1;24;3;5;33
50_B_on_2_SP;530;0;1;24;3;5;33
50_B_on_2_SP;535;0;0;21;3;6;30
50_B_on_2_SP;540;0;1;20;3;6;30
50_B_on_2_SP;545;0;0;21;3;5;29
50_B_on_2_SP;550;0;1;20;3;6;30
50_B_on_2_SP;555;0;1;21;3;6;31
50_B_on_2_SP;560;0;1;22;3;6;32
50_B_on_2_SP;565;0;1;21;3;6;31
50_B_on_2_SP;570;0;1;20;3;6;30
50_B_on_2_SP;575;0;1;22;3;5;31
50_B_on_2_SP;580;0;0;22;3;7;32
50_B_on_2_SP;585;0;1;22;3;5;31
50_B_on_2_SP;590;0;1;22;3;6;32
50_B_on_2_SP;595;0;1;22;3;6;32
50_B_on_2_SP;600;0;1;21;3;7;32
50_B_on_2_SP;605;0;1;22;3;7;33
50_B_on_2_SP;610;0;1;21;3;7;32
50_B_on_2_SP;615;0;1;22;3;6;32
50_B_on_2_SP;620;0;1;22;3;7;33
50_B_on_2_SP;625;0;1;22;3;5;31
50_B_on_2_SP;630;0;1;21;4;7;33
50_B_on_2_SP;635;0;1;23;3;6;33
50_B_on_2_SP;640;0;1;23;3;6;33
50_B_on_2_SP;645;0;1;22;3;6;32
50_B_on_2_SP;650;0;1;22;3;6;32
50_B_on_2_SP;655;0;1;22;3;6;32
50_B_on_2_SP;660;0;1;22;3;5;31
50_B_on_2_SP;665;0;1;22;3;5;31
50_B_on_2_SP;670;0;1;23;3;6;33
50_B_on_2_SP;675;0;1;24;3;6;34
50_B_on_2_SP;680;0;1;25;4;6;36
50_B_on_2_SP;685;0;1;23;3;5;32
50_B_on_2_SP;690;0;1;24;4;5;34
50_B_on_2_SP;695;0;1;27;3;5;36
50_B_on_2_SP;700;0;1;26;4;4;35
50_B_on_2_SP;705;0;1;26;3;5;35
50_B_on_2_SP;710;0;1;28;4;4;37
50_B_on_2_SP;715;0;1;28;4;4;37
50_B_on_2_SP;720;0;1;30;4;4;39
50_B_on_2_SP;725;0;1;34;4;4;43
50_B_on_2_SP;730;0;1;30;3;4;38
50_B_on_2_SP;735;0;1;27;3;4;35
50_B_on_2_SP;740;0;1;25;3;3;32
50_B_on_2_SP;745;0;1;23;2;4;30
50_B_on_2_SP;750;0;1;22;2;4;29
50_B_on_2_SP;755;0;1;23;2;3;29
50_B_on_2_SP;760;0;1;24;2;4;31
50_B_on_2_SP;765;0;1;25;3;3;32
50_B_on_2_SP;770;0;1;26;3;5;35
50_B_on_2_SP;775;0;1;27;3;5;36
50_B_on_2_SP;780;0;1;27;3;5;36
50_B_on_2_SP;785;0;1;30;4;5;40
50_B_on_2_SP;790;0;1;29;4;5;39
50_B_on_2_SP;795;0;1;29;4;6;40
50_B_on_2_SP;800;0;1;30;4;6;41
50_B_on_2_SP;805;0;1;28;4;5;38
50_B_on_2_SP;810;0;1;26;4;6;37
50_B_on_2_SP;815;0;1;28;4;6;39
50_B_on_2_SP;820;0;1;27;4;5;37
50_B_on_2_SP;825;0;1;27;4;6;38
50_B_on_2_SP;830;0;1;26;4;5;36
50_B_on_2_SP;835;0;1;27;3;6;37
50_B_on_2_SP;840;0;1;27;3;4;35
50_B_on_2_SP;845;0;1;26;4;6;37
50_B_on_2_SP;850;0;1;28;3;6;38
50_B_on_2_SP;855;0;1;27;3;6;37
50_B_on_2_SP;860;0;1;29;3;6;39
50_B_on_2_SP;865;0;1;27;3;5;36
50_B_on_2_SP;870;0;1;26;3;6;36
50_B_on_2_SP;875;0;1;29;3;6;39
50_B_on_2_SP;880;0;1;28;3;6;38
50_B_on_2_SP;885;0;1;28;3;5;37
50_B_on_2_SP;890;0;1;28;3;5;37
50_B_on_2_SP;895;0;1;28;3;5;37
50_B_on_2_SP;900;0;1;28;3;5;37
50_B_on_2_SP;905;0;1;29;3;5;38
50_B_on_2_SP;910;0;1;30;3;5;39
50_B_on_2_SP;915;0;1;29;3;5;38
50_B_on_2_SP;920;0;1;31;3;5;40
50_B_on_2_SP;925;0;1;31;4;6;42
50_B_on_2_SP;930;0;1;31;4;5;41
50_B_on_2_SP;935;0;1;32;4;4;41
50_B_on_2_SP;940;0;1;32;4;5;42
50_B_on_2_SP;945;0;1;32;4;5;42
50_B_on_2_SP;950;0;1;33;4;4;42
50_B_on_2_SP;955;0;1;33;4;5;43
50_B_on_2_SP;960;0;1;35;4;4;44
50_B_on_2_SP;965;0;1;38;4;4;47
50_B_on_2_SP;970;0;2;40;5;4;51
50_B_on_2_SP;975;0;2;38;4;3;47
50_B_on_2_SP;980;0;2;41;4;4;51
50_B_on_2_SP;985;0;2;41;4;4;51
50_B_on_2_SP;990;0;2;41;5;4;52
50_B_on_2_SP;995;0;2;45;5;2;54
50_B_on_2_SP;1000;0;2;43;5;3;53
50_B_on_2_SP;1005;0;2;43;5;4;54
50_B_on_2_SP;1010;0;2;44;4;3;53
50_B_on_2_SP;1015;0;2;44;5;3;54
50_B_on_2_SP;1020;0;2;44;4;3;53
50_B_on_2_SP;1025;0;2;50;5;2;59
50_B_on_2_SP;1030;0;2;49;4;3;58
50_B_on_2_SP;1035;0;2;49;4;2;57
50_B_on_2_SP;1040;0;2;49;4;3;58
50_B_on_2_SP;1045;0;2;48;4;1;55
50_B_on_2_SP;1050;0;2;47;4;2;55
50_B_on_2_SP;1055;0;2;49;4;2;57
50_B_on_2_SP;1060;0;2;46;3;1;52
50_B_on_2_SP;1065;0;2;44;3;2;51
50_B_on_2_SP;1070;0;1;42;3;2;48
50_B_on_2_SP;1075;0;2;42;3;2;49
50_B_on_2_SP;1080;0;1;41;3;2;47
50_B_on_2_SP;1085;0;1;40;3;2;46
50_B_on_2_SP;1090;0;1;40;3;2;46
50_B_on_2_SP;1095;0;2;37;2;1;42
50_B_on_2_SP;1100;0;1;36;2;2;41
50_B_on_2_SP;1105;0;1;35;2;1;39
50_B_on_2_SP;1110;0;1;34;2;1;38
50_B_on_2_SP;1115;0;1;33;2;1;37
50_B_on_2_SP;1120;0;1;33;2;1;37
50_B_on_2_SP;1125;0;1;32;2;1;36
50_B_on_2_SP;1130;0;1;30;2;2;35
50_B_on_2_SP;1135;0;1;29;2;1;33
50_B_on_2_SP;1140;0;1;27;2;1;31
50_B_on_2_SP;1145;0;1;28;2;1;32
50_B_on_2_SP;1150;0;1;28;2;1;32
50_B_on_2_SP;1155;0;1;28;2;1;32
50_B_on_2_SP;1160;0;1;25;2;2;30
50_B_on_2_SP;1165;0;1;25;1;1;28
50_B_on_2_SP;1170;0;1;23;1;2;27
50_B_on_2_SP;1175;0;1;23;1;1;26
50_B_on_2_SP;1180;0;1;23;2;1;27
50_B_on_2_SP;1185;0;1;21;1;1;24
50_B_on_2_SP;1190;0;1;20;1;1;23
50_B_on_2_SP;1195;0;1;19;1;1;22
50_B_on_2_SP;1200;0;1;19;1;1;22
50_B_on_2_SP;1205;0;1;18;1;1;21
50_B_on_2_SP;1210;0;1;19;1;1;22
50_B_on_2_SP;1215;0;1;18;1;1;21
50_B_on_2_SP;1220;0;1;18;1;0;20
50_B_on_2_SP;1225;0;1;18;1;1;21
50_B_on_2_SP;1230;0;1;17;1;1;20
50_B_on_2_SP;1235;0;1;16;1;1;19
50_B_on_2_SP;1240;0;1;16;1;0;18
50_B_on_2_SP;1245;0;1;16;1;0;18
50_B_on_2_SP;1250;0;1;16;1;1;19
50_B_on_2_SP;1255;0;1;16;1;1;19
50_B_on_2_SP;1260;0;1;15;1;1;18
50_B_on_2_SP;1265;0;1;16;1;1;19
50_B_on_2_SP;1270;0;0;15;1;0;16
50_B_on_2_SP;1275;0;1;16;1;0;18
50_B_on_2_SP;1280;0;1;15;1;0;17
50_B_on_2_SP;1285;0;1;15;1;0;17
50_B_on_2_SP;1290;0;0;14;1;1;16
50_B_on_2_SP;1295;0;1;14;1;1;17
50_B_on_2_SP;1300;0;0;14;1;1;16
50_B_on_2_SP;1305;0;0;14;1;1;16
50_B_on_2_SP;1310;0;0;14;1;0;15
50_B_on_2_SP;1315;0;0;13;1;1;15
50_B_on_2_SP;1320;0;0;14;1;0;15
50_B_on_2_SP;1325;0;0;14;1;0;15
50_B_on_2_SP;1330;0;0;13;1;0;14
50_B_on_2_SP;1335;0;1;14;1;0;16
50_B_on_2_SP;1340;0;0;13;1;1;15
50_B_on_2_SP;1345;0;0;12;1;0;13
50_B_on_2_SP;1350;0;0;11;1;0;12
50_B_on_2_SP;1355;0;1;11;1;0;13
50_B_on_2_SP;1360;0;0;11;0;0;11
50_B_on_2_SP;1365;0;0;10;0;0;10
50_B_on_2_SP;1370;0;0;10;1;0;11
50_B_on_2_SP;1375;0;0;10;0;0;10
50_B_on_2_SP;1380;0;0;9;0;0;9
50_B_on_2_SP;1385;0;0;9;0;0;9
50_B_on_2_SP;1390;0;0;9;0;0;9
50_B_on_2_SP;1395;0;0;8;0;0;8
50_B_on_2_SP;1400;0;0;8;0;0;8
50_B_on_2_SP;1405;0;0;7;0;0;7
50_B_on_2_SP;1410;0;0;6;0;0;6
50_B_on_2_SP;1415;0;0;6;0;0;6
50_B_on_2_SP;1420;0;0;5;0;0;5
50_B_on_2_SP;1425;0;0;6;0;0;6
50_B_on_2_SP;1430;0;0;5;0;0;5
50_B_on_2_SP;1435;0;0;5;0;0;5
50_Z_off_SP;0;0;0;4;0;0;4
50_Z_off_SP;5;0;0;3;0;0;3
50_Z_off_SP;10;0;0;3;0;0;3
50_Z_off_SP;15;0;0;3;0;0;3
50_Z_off_SP;20;0;0;3;0;0;3
50_Z_off_SP;25;0;0;3;0;0;3
50_Z_off_SP;30;0;0;2;0;0;2
50_Z_off_SP;35;0;0;2;0;0;2
50_Z_off_SP;40;0;0;2;0;0;2
50_Z_off_SP;45;0;0;2;0;0;2
50_Z_off_SP;50;0;0;2;0;0;2
50_Z_off_SP;55;0;0;2;0;0;2
50_Z_off_SP;60;0;0;1;0;0;1
50_Z_off_SP;65;0;0;2;0;0;2
50_Z_off_SP;70;0;0;2;0;0;2
50_Z_off_SP;75;0;0;2;0;1;3
50_Z_off_SP;80;0;0;1;0;0;1
50_Z_off_SP;85;0;0;1;0;0;1
50_Z_off_SP;90;0;0;2;0;0;2
50_Z_off_SP;95;0;0;1;0;1;2
50_Z_off_SP;100;0;0;1;0;0;1
50_Z_off_SP;105;0;0;1;0;0;1
50_Z_off_SP;110;0;0;1;0;1;2
50_Z_off_SP;115;0;0;1;0;0;1
50_Z_off_SP;120;0;0;1;0;0;1
50_Z_off_SP;125;0;0;1;0;0;1
50_Z_off_SP;130;0;0;1;0;0;1
50_Z_off_SP;135;0;0;1;0;0;1
50_Z_off_SP;140;0;0;1;0;0;1
50_Z_off_SP;145;0;0;1;0;0;1
50_Z_off_SP;150;0;0;1;0;0;1
50_Z_off_SP;155;0;0;1;0;0;1
50_Z_off_SP;160;0;0;1;0;0;1
50_Z_off_SP;165;0;0;1;0;0;1
50_Z_off_SP;170;0;0;1;0;0;1
50_Z_off_SP;175;0;0;1;0;1;2
50_Z_off_SP;180;0;0;1;0;0;1
50_Z_off_SP;185;0;0;1;0;0;1
50_Z_off_SP;190;0;0;1;0;0;1
50_Z_off_SP;195;0;0;1;0;2;3
50_Z_off_SP;200;0;0;1;0;1;2
50_Z_off_SP;205;0;0;1;0;1;2
50_Z_off_SP;210;0;0;2;0;1;3
50_Z_off_SP;215;0;0;2;0;1;3
50_Z_off_SP;220;0;0;2;0;0;2
50_Z_off_SP;225;0;0;2;0;1;3
50_Z_off_SP;230;0;0;2;0;1;3
50_Z_off_SP;235;0;0;2;0;2;4
50_Z_off_SP;240;0;0;2;0;2;4
50_Z_off_SP;245;0;0;2;0;1;3
50_Z_off_SP;250;0;0;2;0;2;4
50_Z_off_SP;255;0;0;4;0;2;6
50_Z_off_SP;260;0;0;3;0;2;5
50_Z_off_SP;265;0;0;4;1;2;7
50_Z_off_SP;270;0;0;5;0;1;6
50_Z_off_SP;275;0;0;7;0;2;9
50_Z_off_SP;280;0;0;6;1;2;9
50_Z_off_SP;285;0;0;6;1;3;10
50_Z_off_SP;290;0;0;6;1;2;9
50_Z_off_SP;295;0;0;5;1;2;8
50_Z_off_SP;300;0;0;7;0;4;11
50_Z_off_SP;305;0;0;7;1;4;12
50_Z_off_SP;310;0;0;8;1;4;13
50_Z_off_SP;315;0;0;10;1;4;15
50_Z_off_SP;320;0;0;11;1;4;16
50_Z_off_SP;325;0;1;13;1;3;18
50_Z_off_SP;330;0;1;15;2;4;22
50_Z_off_SP;335;0;1;17;2;4;24
50_Z_off_SP;340;0;1;18;1;4;24
50_Z_off_SP;345;0;1;20;2;3;26
50_Z_off_SP;350;0;1;20;2;4;27
50_Z_off_SP;355;0;1;20;2;4;27
50_Z_off_SP;360;0;1;23;3;4;31
50_Z_off_SP;365;0;1;25;2;4;32
50_Z_off_SP;370;0;1;27;3;4;35
50_Z_off_SP;375;0;0;29;4;4;37
50_Z_off_SP;380;0;1;33;4;5;43
50_Z_off_SP;385;0;1;32;5;5;43
50_Z_off_SP;390;0;1;36;5;5;47
50_Z_off_SP;395;0;2;38;5;5;50
50_Z_off_SP;400;0;1;40;6;6;53
50_Z_off_SP;405;0;1;40;5;6;52
50_Z_off_SP;410;0;2;40;5;5;52
50_Z_off_SP;415;0;1;40;5;5;51
50_Z_off_SP;420;0;1;39;5;5;50
50_Z_off_SP;425;0;1;40;6;5;52
50_Z_off_SP;430;0;1;41;5;6;53
50_Z_off_SP;435;0;1;39;6;7;53
50_Z_off_SP;440;0;1;40;6;7;54
50_Z_off_SP;445;0;1;39;6;7;53
50_Z_off_SP;450;0;1;39;5;7;52
50_Z_off_SP;455;0;1;39;6;6;52
50_Z_off_SP;460;0;1;38;6;6;51
50_Z_off_SP;465;0;1;36;6;7;50
50_Z_off_SP;470;0;1;34;5;6;46
50_Z_off_SP;475;0;1;32;4;5;42
50_Z_off_SP;480;0;1;30;5;5;41
50_Z_off_SP;485;0;1;29;5;6;41
50_Z_off_SP;490;0;1;28;4;6;39
50_Z_off_SP;495;0;1;28;4;5;38
50_Z_off_SP;500;0;1;29;4;6;40
50_Z_off_SP;505;0;1;27;4;6;38
50_Z_off_SP;510;0;1;26;4;7;38
50_Z_off_SP;515;0;1;26;3;7;37
50_Z_off_SP;520;0;1;26;3;7;37
50_Z_off_SP;525;0;1;26;3;6;36
50_Z_off_SP;530;0;1;27;3;6;37
50_Z_off_SP;535;0;0;23;3;7;33
50_Z_off_SP;540;0;1;22;3;7;33
50_Z_off_SP;545;0;0;23;3;7;33
50_Z_off_SP;550;0;1;22;3;8;34
50_Z_off_SP;555;0;1;23;3;7;34
50_Z_off_SP;560;0;1;24;3;7;35
50_Z_off_SP;565;0;1;23;3;7;34
50_Z_off_SP;570;0;1;22;3;7;33
50_Z_off_SP;575;0;1;24;4;7;36
50_Z_off_SP;580;0;0;24;3;8;35
50_Z_off_SP;585;0;1;24;4;6;35
50_Z_off_SP;590;0;1;25;3;7;36
50_Z_off_SP;595;0;1;24;4;7;36
50_Z_off_SP;600;0;1;23;4;9;37
50_Z_off_SP;605;0;1;24;4;9;38
50_Z_off_SP;610;0;1;23;3;9;36
50_Z_off_SP;615;0;1;24;4;8;37
50_Z_off_SP;620;0;1;25;3;8;37
50_Z_off_SP;625;0;1;24;4;7;36
50_Z_off_SP;630;0;1;23;4;9;37
50_Z_off_SP;635;0;1;25;4;8;38
50_Z_off_SP;640;0;1;25;3;7;36
50_Z_off_SP;645;0;1;24;3;7;35
50_Z_off_SP;650;0;1;24;4;7;36
50_Z_off_SP;655;0;1;24;4;7;36
50_Z_off_SP;660;0;1;24;4;6;35
50_Z_off_SP;665;0;1;25;3;7;36
50_Z_off_SP;670;0;1;25;4;7;37
50_Z_off_SP;675;0;1;26;3;8;38
50_Z_off_SP;680;0;1;27;4;7;39
50_Z_off_SP;685;0;1;25;4;7;37
50_Z_off_SP;690;0;1;26;4;6;37
50_Z_off_SP;695;0;1;29;4;7;41
50_Z_off_SP;700;0;1;29;4;5;39
50_Z_off_SP;705;0;1;29;4;6;40
50_Z_off_SP;710;0;1;30;4;5;40
50_Z_off_SP;715;0;1;31;5;4;41
50_Z_off_SP;720;0;1;33;4;5;43
50_Z_off_SP;725;0;2;37;4;5;48
50_Z_off_SP;730;0;1;32;3;5;41
50_Z_off_SP;735;0;1;29;3;4;37
50_Z_off_SP;740;0;1;27;3;4;35
50_Z_off_SP;745;0;1;25;2;4;32
50_Z_off_SP;750;0;1;24;3;5;33
50_Z_off_SP;755;0;1;25;2;3;31
50_Z_off_SP;760;0;1;26;3;5;35
50_Z_off_SP;765;0;1;28;3;4;36
50_Z_off_SP;770;0;1;29;4;7;41
50_Z_off_SP;775;0;1;30;4;6;41
50_Z_off_SP;780;0;1;30;3;6;40
50_Z_off_SP;785;0;1;33;4;6;44
50_Z_off_SP;790;0;1;32;5;6;44
50_Z_off_SP;795;0;1;32;4;7;44
50_Z_off_SP;800;0;1;33;4;7;45
50_Z_off_SP;805;0;1;30;4;7;42
50_Z_off_SP;810;0;1;28;4;7;40
50_Z_off_SP;815;0;1;30;4;8;43
50_Z_off_SP;820;0;1;30;4;7;42
50_Z_off_SP;825;0;1;30;4;7;42
50_Z_off_SP;830;0;1;28;4;7;40
50_Z_off_SP;835;0;1;30;4;7;42
50_Z_off_SP;840;0;1;29;4;5;39
50_Z_off_SP;845;0;1;29;4;7;41
50_Z_off_SP;850;0;1;31;4;7;43
50_Z_off_SP;855;0;1;30;3;8;42
50_Z_off_SP;860;0;1;31;4;7;43
50_Z_off_SP;865;0;1;30;4;7;42
50_Z_off_SP;870;0;1;28;4;7;40
50_Z_off_SP;875;0;1;31;4;7;43
50_Z_off_SP;880;0;2;31;3;7;43
50_Z_off_SP;885;0;1;31;3;7;42
50_Z_off_SP;890;0;1;31;4;6;42
50_Z_off_SP;895;0;1;31;4;6;42
50_Z_off_SP;900;0;1;31;4;6;42
50_Z_off_SP;905;0;1;32;4;6;43
50_Z_off_SP;910;0;1;33;3;6;43
50_Z_off_SP;915;0;1;32;4;7;44
50_Z_off_SP;920;0;1;33;4;6;44
50_Z_off_SP;925;0;1;34;4;7;46
50_Z_off_SP;930;0;1;34;5;6;46
50_Z_off_SP;935;0;1;35;5;5;46
50_Z_off_SP;940;0;1;35;5;6;47
50_Z_off_SP;945;0;1;35;5;6;47
50_Z_off_SP;950;0;1;36;5;5;47
50_Z_off_SP;955;0;1;37;5;6;49
50_Z_off_SP;960;0;1;38;5;5;49
50_Z_off_SP;965;0;2;42;5;5;54
50_Z_off_SP;970;0;2;43;5;5;55
50_Z_off_SP;975;0;2;42;5;4;53
50_Z_off_SP;980;0;2;45;5;5;57
50_Z_off_SP;985;0;2;45;5;4;56
50_Z_off_SP;990;0;2;45;5;4;56
50_Z_off_SP;995;0;2;49;5;3;59
50_Z_off_SP;1000;0;2;47;5;4;58
50_Z_off_SP;1005;0;2;47;5;4;58
50_Z_off_SP;1010;0;2;48;5;4;59
50_Z_off_SP;1015;0;2;49;5;4;60
50_Z_off_SP;1020;0;2;48;5;3;58
50_Z_off_SP;1025;0;2;55;5;3;65
50_Z_off_SP;1030;0;2;54;5;3;64
50_Z_off_SP;1035;0;2;54;4;3;63
50_Z_off_SP;1040;0;2;54;4;3;63
50_Z_off_SP;1045;0;2;52;4;2;60
50_Z_off_SP;1050;0;2;52;5;3;62
50_Z_off_SP;1055;0;2;53;4;2;61
50_Z_off_SP;1060;0;2;50;4;1;57
50_Z_off_SP;1065;0;2;48;4;2;56
50_Z_off_SP;1070;0;2;46;4;3;55
50_Z_off_SP;1075;0;2;47;3;2;54
50_Z_off_SP;1080;0;2;45;3;2;52
50_Z_off_SP;1085;0;2;44;3;3;52
50_Z_off_SP;1090;0;2;43;3;2;50
50_Z_off_SP;1095;0;2;41;2;2;47
50_Z_off_SP;1100;0;1;39;2;2;44
50_Z_off_SP;1105;0;1;38;2;2;43
50_Z_off_SP;1110;0;1;37;2;2;42
50_Z_off_SP;1115;0;1;36;2;2;41
50_Z_off_SP;1120;0;1;36;2;1;40
50_Z_off_SP;1125;0;1;35;2;1;39
50_Z_off_SP;1130;0;1;33;2;2;38
50_Z_off_SP;1135;0;1;32;2;1;36
50_Z_off_SP;1140;0;1;29;2;2;34
50_Z_off_SP;1145;0;1;31;2;2;36
50_Z_off_SP;1150;0;1;30;2;1;34
50_Z_off_SP;1155;0;1;30;2;1;34
50_Z_off_SP;1160;0;1;27;2;2;32
50_Z_off_SP;1165;0;1;27;2;1;31
50_Z_off_SP;1170;0;1;25;1;2;29
50_Z_off_SP;1175;0;1;26;1;2;30
50_Z_off_SP;1180;0;1;25;2;1;29
50_Z_off_SP;1185;0;1;23;1;1;26
50_Z_off_SP;1190;0;1;22;2;1;26
50_Z_off_SP;1195;0;1;21;2;1;25
50_Z_off_SP;1200;0;1;21;1;2;25
50_Z_off_SP;1205;0;1;20;1;2;24
50_Z_off_SP;1210;0;1;21;1;1;24
50_Z_off_SP;1215;0;1;20;1;1;23
50_Z_off_SP;1220;0;1;20;1;0;22
50_Z_off_SP;1225;0;1;20;1;2;24
50_Z_off_SP;1230;0;1;19;1;1;22
50_Z_off_SP;1235;0;1;18;1;2;22
50_Z_off_SP;1240;0;1;18;1;0;20
50_Z_off_SP;1245;0;1;17;1;0;19
50_Z_off_SP;1250;0;1;18;1;1;21
50_Z_off_SP;1255;0;1;17;1;1;20
50_Z_off_SP;1260;0;1;16;1;1;19
50_Z_off_SP;1265;0;1;17;1;1;20
50_Z_off_SP;1270;0;0;17;1;0;18
50_Z_off_SP;1275;0;1;17;1;0;19
50_Z_off_SP;1280;0;1;16;1;0;18
50_Z_off_SP;1285;0;1;16;1;0;18
50_Z_off_SP;1290;0;0;15;1;1;17
50_Z_off_SP;1295;0;1;15;1;1;18
50_Z_off_SP;1300;0;0;16;1;1;18
50_Z_off_SP;1305;0;0;15;1;1;17
50_Z_off_SP;1310;0;0;16;1;0;17
50_Z_off_SP;1315;0;0;14;1;1;16
50_Z_off_SP;1320;0;0;15;1;0;16
50_Z_off_SP;1325;0;0;15;1;0;16
50_Z_off_SP;1330;0;0;14;1;0;15
50_Z_off_SP;1335;0;1;15;1;0;17
50_Z_off_SP;1340;0;0;14;1;1;16
50_Z_off_SP;1345;0;0;13;1;0;14
50_Z_off_SP;1350;0;0;13;1;0;14
50_Z_off_SP;1355;0;1;12;1;0;14
50_Z_off_SP;1360;0;0;12;0;0;12
50_Z_off_SP;1365;0;0;11;0;0;11
50_Z_off_SP;1370;0;0;11;1;0;12
50_Z_off_SP;1375;0;0;11;0;0;11
50_Z_off_SP;1380;0;0;10;0;0;10
50_Z_off_SP;1385;0;0;10;0;0;10
50_Z_off_SP;1390;0;0;9;0;0;9
50_Z_off_SP;1395;0;0;9;0;0;9
50_Z_off_SP;1400;0;0;9;0;0;9
50_Z_off_SP;1405;0;0;7;0;0;7
50_Z_off_SP;1410;0;0;7;0;0;7
50_Z_off_SP;1415;0;0;6;0;0;6
50_Z_off_SP;1420;0;0;6;0;0;6
50_Z_off_SP;1425;0;0;6;0;0;6
50_Z_off_SP;1430;0;0;6;0;0;6
50_Z_off_SP;1435;0;0;5;0;0;5
50_Z_on_1_SP;0;0;0;4;0;0;4
50_Z_on_1_SP;5;0;0;3;0;0;3
50_Z_on_1_SP;10;0;0;3;0;0;3
50_Z_on_1_SP;15;0;0;3;0;0;3
50_Z_on_1_SP;20;0;0;3;0;0;3
50_Z_on_1_SP;25;0;0;3;0;0;3
50_Z_on_1_SP;30;0;0;2;0;0;2
50_Z_on_1_SP;35;0;0;2;0;0;2
50_Z_on_1_SP;40;0;0;2;0;0;2
50_Z_on_1_SP;45;0;0;2;0;0;2
50_Z_on_1_SP;50;0;0;2;0;0;2
50_Z_on_1_SP;55;0;0;1;0;0;1
50_Z_on_1_SP;60;0;0;1;0;0;1
50_Z_on_1_SP;65;0;0;1;0;0;1
50_Z_on_1_SP;70;0;0;1;0;0;1
50_Z_on_1_SP;75;0;0;1;0;1;2
50_Z_on_1_SP;80;0;0;1;0;0;1
50_Z_on_1_SP;85;0;0;1;0;0;1
50_Z_on_1_SP;90;0;0;1;0;0;1
50_Z_on_1_SP;95;0;0;1;0;1;2
50_Z_on_1_SP;100;0;0;1;0;0;1
50_Z_on_1_SP;105;0;0;1;0;0;1
50_Z_on_1_SP;110;0;0;1;0;1;2
50_Z_on_1_SP;115;0;0;1;0;0;1
50_Z_on_1_SP;120;0;0;1;0;0;1
50_Z_on_1_SP;125;0;0;1;0;0;1
50_Z_on_1_SP;130;0;0;1;0;0;1
50_Z_on_1_SP;135;0;0;1;0;0;1
50_Z_on_1_SP;140;0;0;1;0;0;1
50_Z_on_1_SP;145;0;0;1;0;0;1
50_Z_on_1_SP;150;0;0;1;0;0;1
50_Z_on_1_SP;155;0;0;1;0;0;1
50_Z_on_1_SP;160;0;0;1;0;0;1
50_Z_on_1_SP;165;0;0;1;0;0;1
50_Z_on_1_SP;170;0;0;1;0;0;1
50_Z_on_1_SP;175;0;0;1;0;1;2
50_Z_on_1_SP;180;0;0;1;0;0;1
50_Z_on_1_SP;185;0;0;1;0;0;1
50_Z_on_1_SP;190;0;0;1;0;0;1
50_Z_on_1_SP;195;0;0;1;0;2;3
50_Z_on_1_SP;200;0;0;1;0;1;2
50_Z_on_1_SP;205;0;0;1;0;1;2
50_Z_on_1_SP;210;0;0;1;0;1;2
50_Z_on_1_SP;215;0;0;2;0;1;3
50_Z_on_1_SP;220;0;0;2;0;0;2
50_Z_on_1_SP;225;0;0;2;0;1;3
50_Z_on_1_SP;230;0;0;2;0;1;3
50_Z_on_1_SP;235;0;0;2;0;2;4
50_Z_on_1_SP;240;0;0;2;0;3;5
50_Z_on_1_SP;245;0;0;2;0;1;3
50_Z_on_1_SP;250;0;0;2;0;2;4
50_Z_on_1_SP;255;0;0;4;0;3;7
50_Z_on_1_SP;260;0;0;3;0;2;5
50_Z_on_1_SP;265;0;0;4;1;2;7
50_Z_on_1_SP;270;0;0;5;0;1;6
50_Z_on_1_SP;275;0;0;6;0;2;8
50_Z_on_1_SP;280;0;0;6;1;3;10
50_Z_on_1_SP;285;0;0;6;1;3;10
50_Z_on_1_SP;290;0;0;5;1;2;8
50_Z_on_1_SP;295;0;0;5;1;2;8
50_Z_on_1_SP;300;0;0;7;0;5;12
50_Z_on_1_SP;305;0;0;6;1;4;11
50_Z_on_1_SP;310;0;0;8;1;4;13
50_Z_on_1_SP;315;0;0;10;1;4;15
50_Z_on_1_SP;320;0;0;11;1;4;16
50_Z_on_1_SP;325;0;1;13;1;4;19
50_Z_on_1_SP;330;0;1;15;2;5;23
50_Z_on_1_SP;335;0;1;16;2;4;23
50_Z_on_1_SP;340;0;1;18;1;5;25
50_Z_on_1_SP;345;0;1;19;2;4;26
50_Z_on_1_SP;350;0;1;20;2;4;27
50_Z_on_1_SP;355;0;1;20;2;4;27
50_Z_on_1_SP;360;0;1;22;3;4;30
50_Z_on_1_SP;365;0;1;24;2;4;31
50_Z_on_1_SP;370;0;1;26;3;4;34
50_Z_on_1_SP;375;0;0;28;3;5;36
50_Z_on_1_SP;380;0;1;32;4;6;43
50_Z_on_1_SP;385;0;1;31;5;6;43
50_Z_on_1_SP;390;0;1;35;5;5;46
50_Z_on_1_SP;395;0;1;37;5;6;49
50_Z_on_1_SP;400;0;1;38;5;7;51
50_Z_on_1_SP;405;0;1;39;5;7;52
50_Z_on_1_SP;410;0;2;39;5;6;52
50_Z_on_1_SP;415;0;1;39;4;6;50
50_Z_on_1_SP;420;0;1;37;4;6;48
50_Z_on_1_SP;425;0;1;38;5;6;50
50_Z_on_1_SP;430;0;1;39;5;7;52
50_Z_on_1_SP;435;0;1;38;5;7;51
50_Z_on_1_SP;440;0;1;39;5;7;52
50_Z_on_1_SP;445;0;1;38;5;8;52
50_Z_on_1_SP;450;0;1;37;5;8;51
50_Z_on_1_SP;455;0;1;37;5;7;50
50_Z_on_1_SP;460;0;1;37;5;7;50
50_Z_on_1_SP;465;0;1;35;6;8;50
50_Z_on_1_SP;470;0;1;33;5;7;46
50_Z_on_1_SP;475;0;1;31;4;6;42
50_Z_on_1_SP;480;0;1;29;4;6;40
50_Z_on_1_SP;485;0;1;28;5;7;41
50_Z_on_1_SP;490;0;1;27;4;7;39
50_Z_on_1_SP;495;0;1;27;3;6;37
50_Z_on_1_SP;500;0;1;28;3;7;39
50_Z_on_1_SP;505;0;1;26;4;7;38
50_Z_on_1_SP;510;0;1;25;3;7;36
50_Z_on_1_SP;515;0;1;25;3;8;37
50_Z_on_1_SP;520;0;1;25;3;7;36
50_Z_on_1_SP;525;0;1;25;3;7;36
50_Z_on_1_SP;530;0;1;26;3;7;37
50_Z_on_1_SP;535;0;0;22;3;8;33
50_Z_on_1_SP;540;0;1;22;3;8;34
50_Z_on_1_SP;545;0;0;22;3;7;32
50_Z_on_1_SP;550;0;1;22;3;9;35
50_Z_on_1_SP;555;0;1;22;3;8;34
50_Z_on_1_SP;560;0;1;23;3;8;35
50_Z_on_1_SP;565;0;1;22;3;8;34
50_Z_on_1_SP;570;0;1;21;3;8;33
50_Z_on_1_SP;575;0;1;23;3;7;34
50_Z_on_1_SP;580;0;0;23;3;9;35
50_Z_on_1_SP;585;0;1;23;4;7;35
50_Z_on_1_SP;590;0;1;24;3;8;36
50_Z_on_1_SP;595;0;1;23;3;8;35
50_Z_on_1_SP;600;0;1;22;4;10;37
50_Z_on_1_SP;605;0;1;23;4;10;38
50_Z_on_1_SP;610;0;1;22;3;10;36
50_Z_on_1_SP;615;0;1;23;3;9;36
50_Z_on_1_SP;620;0;1;24;3;9;37
50_Z_on_1_SP;625;0;1;23;4;7;35
50_Z_on_1_SP;630;0;1;22;4;10;37
50_Z_on_1_SP;635;0;1;24;4;9;38
50_Z_on_1_SP;640;0;1;24;3;8;36
50_Z_on_1_SP;645;0;1;23;3;8;35
50_Z_on_1_SP;650;0;1;23;3;8;35
50_Z_on_1_SP;655;0;1;23;4;8;36
50_Z_on_1_SP;660;0;1;23;3;7;34
50_Z_on_1_SP;665;0;1;24;3;7;35
50_Z_on_1_SP;670;0;1;24;4;8;37
50_Z_on_1_SP;675;0;1;25;3;9;38
50_Z_on_1_SP;680;0;1;26;4;8;39
50_Z_on_1_SP;685;0;1;24;4;7;36
50_Z_on_1_SP;690;0;1;25;4;7;37
50_Z_on_1_SP;695;0;1;28;3;7;39
50_Z_on_1_SP;700;0;1;28;4;6;39
50_Z_on_1_SP;705;0;1;28;3;7;39
50_Z_on_1_SP;710;0;1;29;4;6;40
50_Z_on_1_SP;715;0;1;30;4;5;40
50_Z_on_1_SP;720;0;1;32;4;6;43
50_Z_on_1_SP;725;0;1;36;4;5;46
50_Z_on_1_SP;730;0;1;31;3;5;40
50_Z_on_1_SP;735;0;1;28;3;5;37
50_Z_on_1_SP;740;0;1;26;3;4;34
50_Z_on_1_SP;745;0;1;24;2;5;32
50_Z_on_1_SP;750;0;1;23;3;6;33
50_Z_on_1_SP;755;0;1;24;2;4;31
50_Z_on_1_SP;760;0;1;25;3;5;34
50_Z_on_1_SP;765;0;1;27;3;4;35
50_Z_on_1_SP;770;0;1;28;4;7;40
50_Z_on_1_SP;775;0;1;29;3;7;40
50_Z_on_1_SP;780;0;1;29;3;7;40
50_Z_on_1_SP;785;0;1;31;4;7;43
50_Z_on_1_SP;790;0;1;31;4;7;43
50_Z_on_1_SP;795;0;1;31;4;8;44
50_Z_on_1_SP;800;0;1;31;4;8;44
50_Z_on_1_SP;805;0;1;29;4;7;41
50_Z_on_1_SP;810;0;1;27;4;8;40
50_Z_on_1_SP;815;0;1;29;4;9;43
50_Z_on_1_SP;820;0;1;28;4;7;40
50_Z_on_1_SP;825;0;1;29;4;8;42
50_Z_on_1_SP;830;0;1;27;4;7;39
50_Z_on_1_SP;835;0;1;29;4;8;42
50_Z_on_1_SP;840;0;1;28;3;6;38
50_Z_on_1_SP;845;0;1;28;4;8;41
50_Z_on_1_SP;850;0;1;29;4;8;42
50_Z_on_1_SP;855;0;1;29;3;9;42
50_Z_on_1_SP;860;0;1;30;3;8;42
50_Z_on_1_SP;865;0;1;29;4;7;41
50_Z_on_1_SP;870;0;1;27;3;8;39
50_Z_on_1_SP;875;0;1;30;4;8;43
50_Z_on_1_SP;880;0;1;30;3;8;42
50_Z_on_1_SP;885;0;1;30;3;7;41
50_Z_on_1_SP;890;0;1;30;4;7;42
50_Z_on_1_SP;895;0;1;30;4;7;42
50_Z_on_1_SP;900;0;1;30;4;7;42
50_Z_on_1_SP;905;0;1;30;4;7;42
50_Z_on_1_SP;910;0;1;31;3;7;42
50_Z_on_1_SP;915;0;1;31;4;7;43
50_Z_on_1_SP;920;0;1;32;4;7;44
50_Z_on_1_SP;925;0;1;33;4;8;46
50_Z_on_1_SP;930;0;1;33;4;7;45
50_Z_on_1_SP;935;0;1;33;4;6;44
50_Z_on_1_SP;940;0;1;33;4;7;45
50_Z_on_1_SP;945;0;1;33;4;7;45
50_Z_on_1_SP;950;0;1;35;4;5;45
50_Z_on_1_SP;955;0;1;35;5;7;48
50_Z_on_1_SP;960;0;1;36;5;6;48
50_Z_on_1_SP;965;0;1;40;4;6;51
50_Z_on_1_SP;970;0;2;42;5;6;55
50_Z_on_1_SP;975;0;2;40;5;4;51
50_Z_on_1_SP;980;0;2;43;5;5;55
50_Z_on_1_SP;985;0;2;43;5;5;55
50_Z_on_1_SP;990;0;2;43;5;5;55
50_Z_on_1_SP;995;0;2;47;5;3;57
50_Z_on_1_SP;1000;0;2;45;5;4;56
50_Z_on_1_SP;1005;0;2;45;5;5;57
50_Z_on_1_SP;1010;0;2;46;5;4;57
50_Z_on_1_SP;1015;0;2;47;5;4;58
50_Z_on_1_SP;1020;0;2;46;4;4;56
50_Z_on_1_SP;1025;0;2;52;5;3;62
50_Z_on_1_SP;1030;0;2;52;5;4;63
50_Z_on_1_SP;1035;0;2;52;4;3;61
50_Z_on_1_SP;1040;0;2;52;4;4;62
50_Z_on_1_SP;1045;0;2;50;4;2;58
50_Z_on_1_SP;1050;0;2;50;4;3;59
50_Z_on_1_SP;1055;0;2;51;4;2;59
50_Z_on_1_SP;1060;0;2;48;4;1;55
50_Z_on_1_SP;1065;0;2;46;4;3;55
50_Z_on_1_SP;1070;0;1;45;3;3;52
50_Z_on_1_SP;1075;0;2;45;3;3;53
50_Z_on_1_SP;1080;0;1;44;3;3;51
50_Z_on_1_SP;1085;0;1;42;3;3;49
50_Z_on_1_SP;1090;0;1;42;3;3;49
50_Z_on_1_SP;1095;0;2;39;2;2;45
50_Z_on_1_SP;1100;0;1;38;2;2;43
50_Z_on_1_SP;1105;0;1;37;2;2;42
50_Z_on_1_SP;1110;0;1;36;2;2;41
50_Z_on_1_SP;1115;0;1;35;2;2;40
50_Z_on_1_SP;1120;0;1;35;2;1;39
50_Z_on_1_SP;1125;0;1;33;2;1;37
50_Z_on_1_SP;1130;0;1;31;2;2;36
50_Z_on_1_SP;1135;0;1;31;2;1;35
50_Z_on_1_SP;1140;0;1;28;2;2;33
50_Z_on_1_SP;1145;0;1;29;2;2;34
50_Z_on_1_SP;1150;0;1;29;2;1;33
50_Z_on_1_SP;1155;0;1;29;2;1;33
50_Z_on_1_SP;1160;0;1;26;2;3;32
50_Z_on_1_SP;1165;0;1;26;1;1;29
50_Z_on_1_SP;1170;0;1;24;1;2;28
50_Z_on_1_SP;1175;0;1;25;1;2;29
50_Z_on_1_SP;1180;0;1;24;2;1;28
50_Z_on_1_SP;1185;0;1;22;1;1;25
50_Z_on_1_SP;1190;0;1;21;1;1;24
50_Z_on_1_SP;1195;0;1;20;1;1;23
50_Z_on_1_SP;1200;0;1;20;1;2;24
50_Z_on_1_SP;1205;0;1;19;1;2;23
50_Z_on_1_SP;1210;0;1;20;1;1;23
50_Z_on_1_SP;1215;0;1;19;1;1;22
50_Z_on_1_SP;1220;0;1;19;1;0;21
50_Z_on_1_SP;1225;0;1;19;1;2;23
50_Z_on_1_SP;1230;0;1;18;1;1;21
50_Z_on_1_SP;1235;0;1;17;1;2;21
50_Z_on_1_SP;1240;0;1;17;1;0;19
50_Z_on_1_SP;1245;0;1;17;1;0;19
50_Z_on_1_SP;1250;0;1;17;1;1;20
50_Z_on_1_SP;1255;0;1;17;1;1;20
50_Z_on_1_SP;1260;0;1;16;1;1;19
50_Z_on_1_SP;1265;0;1;16;1;1;19
50_Z_on_1_SP;1270;0;0;16;1;0;17
50_Z_on_1_SP;1275;0;1;17;1;0;19
50_Z_on_1_SP;1280;0;1;16;1;0;18
50_Z_on_1_SP;1285;0;1;16;1;0;18
50_Z_on_1_SP;1290;0;0;15;1;1;17
50_Z_on_1_SP;1295;0;1;15;1;1;18
50_Z_on_1_SP;1300;0;0;15;1;1;17
50_Z_on_1_SP;1305;0;0;14;1;1;16
50_Z_on_1_SP;1310;0;0;15;1;0;16
50_Z_on_1_SP;1315;0;0;14;1;1;16
50_Z_on_1_SP;1320;0;0;14;1;0;15
50_Z_on_1_SP;1325;0;0;14;1;0;15
50_Z_on_1_SP;1330;0;0;14;1;0;15
50_Z_on_1_SP;1335;0;1;14;1;0;16
50_Z_on_1_SP;1340;0;0;14;1;1;16
50_Z_on_1_SP;1345;0;0;13;1;0;14
50_Z_on_1_SP;1350;0;0;12;1;0;13
50_Z_on_1_SP;1355;0;1;12;1;0;14
50_Z_on_1_SP;1360;0;0;11;0;0;11
50_Z_on_1_SP;1365;0;0;10;0;0;10
50_Z_on_1_SP;1370;0;0;11;1;0;12
50_Z_on_1_SP;1375;0;0;10;0;0;10
50_Z_on_1_SP;1380;0;0;9;0;0;9
50_Z_on_1_SP;1385;0;0;10;0;0;10
50_Z_on_1_SP;1390;0;0;9;0;0;9
50_Z_on_1_SP;1395;0;0;9;0;0;9
50_Z_on_1_SP;1400;0;0;8;0;0;8
50_Z_on_1_SP;1405;0;0;7;0;0;7
50_Z_on_1_SP;1410;0;0;7;0;0;7
50_Z_on_1_SP;1415;0;0;6;0;0;6
50_Z_on_1_SP;1420;0;0;6;0;0;6
50_Z_on_1_SP;1425;0;0;6;0;0;6
50_Z_on_1_SP;1430;0;0;5;0;0;5
50_Z_on_1_SP;1435;0;0;5;0;0;5
50_Z_on_2_SP;0;0;0;6;0;0;6
50_Z_on_2_SP;5;0;0;6;0;0;6
50_Z_on_2_SP;10;0;0;5;1;0;6
50_Z_on_2_SP;15;0;0;5;0;0;5
50_Z_on_2_SP;20;0;0;5;0;0;5
50_Z_on_2_SP;25;0;0;5;1;0;6
50_Z_on_2_SP;30;0;0;4;1;0;5
50_Z_on_2_SP;35;0;0;4;0;0;4
50_Z_on_2_SP;40;0;0;3;0;0;3
50_Z_on_2_SP;45;0;0;3;0;0;3
50_Z_on_2_SP;50;0;0;4;0;0;4
50_Z_on_2_SP;55;0;0;3;0;0;3
50_Z_on_2_SP;60;0;0;2;0;0;2
50_Z_on_2_SP;65;0;0;3;0;0;3
50_Z_on_2_SP;70;0;0;3;0;0;3
50_Z_on_2_SP;75;0;0;3;0;1;4
50_Z_on_2_SP;80;0;0;2;0;0;2
50_Z_on_2_SP;85;0;0;2;0;0;2
50_Z_on_2_SP;90;0;0;3;0;0;3
50_Z_on_2_SP;95;0;0;2;0;1;3
50_Z_on_2_SP;100;0;0;2;0;0;2
50_Z_on_2_SP;105;0;0;2;0;0;2
50_Z_on_2_SP;110;0;0;1;0;1;2
50_Z_on_2_SP;115;0;0;1;0;0;1
50_Z_on_2_SP;120;0;0;2;0;0;2
50_Z_on_2_SP;125;0;0;2;0;0;2
50_Z_on_2_SP;130;0;0;2;0;0;2
50_Z_on_2_SP;135;0;0;2;0;0;2
50_Z_on_2_SP;140;0;0;1;0;0;1
50_Z_on_2_SP;145;0;0;2;0;0;2
50_Z_on_2_SP;150;0;0;2;0;0;2
50_Z_on_2_SP;155;0;0;2;0;0;2
50_Z_on_2_SP;160;0;0;2;0;0;2
50_Z_on_2_SP;165;0;0;2;0;0;2
50_Z_on_2_SP;170;0;0;2;0;0;2
50_Z_on_2_SP;175;0;0;2;0;1;3
50_Z_on_2_SP;180;0;0;2;1;0;3
50_Z_on_2_SP;185;0;0;2;0;0;2
50_Z_on_2_SP;190;0;0;2;0;0;2
50_Z_on_2_SP;195;0;0;2;0;1;3
50_Z_on_2_SP;200;0;0;2;1;1;4
50_Z_on_2_SP;205;0;0;2;0;1;3
50_Z_on_2_SP;210;0;0;3;0;1;4
50_Z_on_2_SP;215;0;0;3;0;1;4
50_Z_on_2_SP;220;0;0;3;0;0;3
50_Z_on_2_SP;225;0;0;3;0;1;4
50_Z_on_2_SP;230;0;0;4;1;1;6
50_Z_on_2_SP;235;0;0;3;0;1;4
50_Z_on_2_SP;240;0;0;3;1;2;6
50_Z_on_2_SP;245;0;0;4;0;1;5
50_Z_on_2_SP;250;0;0;4;0;2;6
50_Z_on_2_SP;255;0;0;6;0;2;8
50_Z_on_2_SP;260;0;0;6;1;1;8
50_Z_on_2_SP;265;0;0;7;1;2;10
50_Z_on_2_SP;270;0;0;9;1;1;11
50_Z_on_2_SP;275;0;1;11;0;1;13
50_Z_on_2_SP;280;0;0;11;1;2;14
50_Z_on_2_SP;285;0;0;10;1;2;13
50_Z_on_2_SP;290;0;0;9;1;2;12
50_Z_on_2_SP;295;0;0;9;1;2;12
50_Z_on_2_SP;300;0;0;11;1;4;16
50_Z_on_2_SP;305;0;0;11;1;3;15
50_Z_on_2_SP;310;0;0;14;1;3;18
50_Z_on_2_SP;315;0;0;17;1;3;21
50_Z_on_2_SP;320;0;1;19;2;3;25
50_Z_on_2_SP;325;0;1;22;2;3;28
50_Z_on_2_SP;330;0;1;26;3;4;34
50_Z_on_2_SP;335;0;1;27;3;3;34
50_Z_on_2_SP;340;0;1;31;2;4;38
50_Z_on_2_SP;345;0;1;32;3;3;39
50_Z_on_2_SP;350;0;1;34;4;3;42
50_Z_on_2_SP;355;0;1;34;3;3;41
50_Z_on_2_SP;360;0;1;38;5;3;47
50_Z_on_2_SP;365;0;2;42;4;3;51
50_Z_on_2_SP;370;0;2;45;5;3;55
50_Z_on_2_SP;375;0;1;48;6;4;59
50_Z_on_2_SP;380;0;2;55;6;4;67
50_Z_on_2_SP;385;0;1;54;8;4;67
50_Z_on_2_SP;390;0;2;61;8;4;75
50_Z_on_2_SP;395;0;3;63;9;4;79
50_Z_on_2_SP;400;0;2;66;9;5;82
50_Z_on_2_SP;405;0;2;67;8;5;82
50_Z_on_2_SP;410;0;3;67;9;5;84
50_Z_on_2_SP;415;0;2;67;8;4;81
50_Z_on_2_SP;420;0;1;64;8;5;78
50_Z_on_2_SP;425;0;2;66;9;5;82
50_Z_on_2_SP;430;0;2;67;9;5;83
50_Z_on_2_SP;435;0;1;65;9;6;81
50_Z_on_2_SP;440;0;2;67;9;6;84
50_Z_on_2_SP;445;0;2;65;9;6;82
50_Z_on_2_SP;450;0;2;65;9;6;82
50_Z_on_2_SP;455;0;1;65;9;5;80
50_Z_on_2_SP;460;0;1;63;9;5;78
50_Z_on_2_SP;465;0;1;60;10;6;77
50_Z_on_2_SP;470;0;1;56;9;5;71
50_Z_on_2_SP;475;0;2;53;7;5;67
50_Z_on_2_SP;480;0;2;50;8;4;64
50_Z_on_2_SP;485;0;1;49;8;5;63
50_Z_on_2_SP;490;0;1;47;6;5;59
50_Z_on_2_SP;495;0;1;47;6;5;59
50_Z_on_2_SP;500;0;1;49;6;5;61
50_Z_on_2_SP;505;0;1;45;7;5;58
50_Z_on_2_SP;510;0;1;43;6;6;56
50_Z_on_2_SP;515;0;1;43;6;6;56
50_Z_on_2_SP;520;0;1;43;6;6;56
50_Z_on_2_SP;525;0;1;43;6;5;55
50_Z_on_2_SP;530;0;1;44;5;5;55
50_Z_on_2_SP;535;0;1;38;5;6;50
50_Z_on_2_SP;540;0;1;37;5;6;49
50_Z_on_2_SP;545;0;1;39;5;6;51
50_Z_on_2_SP;550;0;1;37;5;7;50
50_Z_on_2_SP;555;0;1;39;6;6;52
50_Z_on_2_SP;560;0;1;40;5;6;52
50_Z_on_2_SP;565;0;1;38;5;6;50
50_Z_on_2_SP;570;0;1;37;6;6;50
50_Z_on_2_SP;575;0;1;40;6;6;53
50_Z_on_2_SP;580;0;1;40;6;7;54
50_Z_on_2_SP;585;0;2;40;6;5;53
50_Z_on_2_SP;590;0;1;41;6;6;54
50_Z_on_2_SP;595;0;2;40;6;6;54
50_Z_on_2_SP;600;0;1;39;6;7;53
50_Z_on_2_SP;605;0;1;40;6;7;54
50_Z_on_2_SP;610;0;1;38;5;7;51
50_Z_on_2_SP;615;0;1;40;6;7;54
50_Z_on_2_SP;620;0;1;41;6;7;55
50_Z_on_2_SP;625;0;1;40;6;6;53
50_Z_on_2_SP;630;0;1;38;7;7;53
50_Z_on_2_SP;635;0;1;42;6;7;56
50_Z_on_2_SP;640;0;1;41;6;6;54
50_Z_on_2_SP;645;0;1;40;5;6;52
50_Z_on_2_SP;650;0;2;39;6;6;53
50_Z_on_2_SP;655;0;1;40;6;6;53
50_Z_on_2_SP;660;0;2;40;6;5;53
50_Z_on_2_SP;665;0;1;41;6;6;54
50_Z_on_2_SP;670;0;1;42;6;6;55
50_Z_on_2_SP;675;0;2;43;6;7;58
50_Z_on_2_SP;680;0;1;45;7;6;59
50_Z_on_2_SP;685;0;1;42;6;6;55
50_Z_on_2_SP;690;0;2;43;7;5;57
50_Z_on_2_SP;695;0;2;49;6;6;63
50_Z_on_2_SP;700;0;2;48;7;4;61
50_Z_on_2_SP;705;0;1;48;6;5;60
50_Z_on_2_SP;710;0;1;50;7;5;63
50_Z_on_2_SP;715;0;2;51;8;4;65
50_Z_on_2_SP;720;0;2;55;7;4;68
50_Z_on_2_SP;725;0;3;61;7;4;75
50_Z_on_2_SP;730;0;2;54;6;4;66
50_Z_on_2_SP;735;0;2;49;5;4;60
50_Z_on_2_SP;740;0;2;45;5;3;55
50_Z_on_2_SP;745;0;2;42;4;4;52
50_Z_on_2_SP;750;0;1;40;4;5;50
50_Z_on_2_SP;755;0;2;41;4;3;50
50_Z_on_2_SP;760;0;1;44;4;4;53
50_Z_on_2_SP;765;0;2;46;6;3;57
50_Z_on_2_SP;770;0;2;48;6;6;62
50_Z_on_2_SP;775;0;2;50;6;5;63
50_Z_on_2_SP;780;0;2;50;5;5;62
50_Z_on_2_SP;785;0;2;54;7;5;68
50_Z_on_2_SP;790;0;2;53;8;5;68
50_Z_on_2_SP;795;0;1;53;7;6;67
50_Z_on_2_SP;800;0;2;54;7;6;69
50_Z_on_2_SP;805;0;1;50;7;6;64
50_Z_on_2_SP;810;0;1;47;7;6;61
50_Z_on_2_SP;815;0;2;50;7;7;66
50_Z_on_2_SP;820;0;1;49;7;6;63
50_Z_on_2_SP;825;0;1;49;7;6;63
50_Z_on_2_SP;830;0;2;47;7;6;62
50_Z_on_2_SP;835;0;1;49;6;6;62
50_Z_on_2_SP;840;0;1;48;6;5;60
50_Z_on_2_SP;845;0;2;48;7;6;63
50_Z_on_2_SP;850;0;2;51;6;6;65
50_Z_on_2_SP;855;0;1;50;6;7;64
50_Z_on_2_SP;860;0;2;52;6;6;66
50_Z_on_2_SP;865;0;2;50;6;6;64
50_Z_on_2_SP;870;0;1;47;6;6;60
50_Z_on_2_SP;875;0;1;52;6;6;65
50_Z_on_2_SP;880;0;3;51;5;6;65
50_Z_on_2_SP;885;0;2;51;5;6;64
50_Z_on_2_SP;890;0;2;52;6;5;65
50_Z_on_2_SP;895;0;1;51;6;5;63
50_Z_on_2_SP;900;0;2;51;6;5;64
50_Z_on_2_SP;905;0;1;52;6;5;64
50_Z_on_2_SP;910;0;2;54;6;5;67
50_Z_on_2_SP;915;0;2;53;6;6;67
50_Z_on_2_SP;920;0;2;55;6;5;68
50_Z_on_2_SP;925;0;2;57;7;6;72
50_Z_on_2_SP;930;0;2;56;8;5;71
50_Z_on_2_SP;935;0;2;57;8;4;71
50_Z_on_2_SP;940;0;2;57;8;5;72
50_Z_on_2_SP;945;0;2;58;8;5;73
50_Z_on_2_SP;950;0;2;60;8;4;74
50_Z_on_2_SP;955;0;2;61;8;5;76
50_Z_on_2_SP;960;0;2;63;8;5;78
50_Z_on_2_SP;965;0;3;70;8;4;85
50_Z_on_2_SP;970;0;3;72;8;4;87
50_Z_on_2_SP;975;0;3;69;8;3;83
50_Z_on_2_SP;980;0;3;75;8;4;90
50_Z_on_2_SP;985;0;3;75;8;4;90
50_Z_on_2_SP;990;0;3;74;8;4;89
50_Z_on_2_SP;995;0;3;81;9;2;95
50_Z_on_2_SP;1000;0;3;78;9;3;93
50_Z_on_2_SP;1005;0;3;78;9;4;94
50_Z_on_2_SP;1010;0;3;80;8;3;94
50_Z_on_2_SP;1015;0;3;81;9;3;96
50_Z_on_2_SP;1020;0;3;80;8;3;94
50_Z_on_2_SP;1025;0;3;90;9;2;104
50_Z_on_2_SP;1030;0;3;89;8;3;103
50_Z_on_2_SP;1035;0;3;89;7;2;101
50_Z_on_2_SP;1040;0;3;89;7;3;102
50_Z_on_2_SP;1045;0;3;87;7;1;98
50_Z_on_2_SP;1050;0;3;86;8;2;99
50_Z_on_2_SP;1055;0;3;89;7;2;101
50_Z_on_2_SP;1060;0;3;84;6;1;94
50_Z_on_2_SP;1065;0;3;80;6;2;91
50_Z_on_2_SP;1070;0;3;77;6;2;88
50_Z_on_2_SP;1075;0;3;77;5;2;87
50_Z_on_2_SP;1080;0;3;75;5;2;85
50_Z_on_2_SP;1085;0;3;73;5;2;83
50_Z_on_2_SP;1090;0;3;72;5;2;82
50_Z_on_2_SP;1095;0;3;68;4;1;76
50_Z_on_2_SP;1100;0;2;65;4;2;73
50_Z_on_2_SP;1105;0;2;63;3;1;69
50_Z_on_2_SP;1110;0;2;61;4;1;68
50_Z_on_2_SP;1115;0;2;61;4;1;68
50_Z_on_2_SP;1120;0;2;60;3;1;66
50_Z_on_2_SP;1125;0;2;57;3;1;63
50_Z_on_2_SP;1130;0;2;54;3;2;61
50_Z_on_2_SP;1135;0;2;53;3;1;59
50_Z_on_2_SP;1140;0;1;49;3;1;54
50_Z_on_2_SP;1145;0;2;51;3;1;57
50_Z_on_2_SP;1150;0;1;50;3;1;55
50_Z_on_2_SP;1155;0;2;50;3;1;56
50_Z_on_2_SP;1160;0;2;45;3;2;52
50_Z_on_2_SP;1165;0;2;45;3;1;51
50_Z_on_2_SP;1170;0;2;42;2;2;48
50_Z_on_2_SP;1175;0;1;43;2;1;47
50_Z_on_2_SP;1180;0;2;42;3;1;48
50_Z_on_2_SP;1185;0;2;38;2;1;43
50_Z_on_2_SP;1190;0;1;37;3;1;42
50_Z_on_2_SP;1195;0;1;35;3;1;40
50_Z_on_2_SP;1200;0;1;34;2;1;38
50_Z_on_2_SP;1205;0;1;33;2;1;37
50_Z_on_2_SP;1210;0;2;35;2;1;40
50_Z_on_2_SP;1215;0;1;32;2;1;36
50_Z_on_2_SP;1220;0;2;33;2;0;37
50_Z_on_2_SP;1225;0;2;32;2;1;37
50_Z_on_2_SP;1230;0;1;31;2;1;35
50_Z_on_2_SP;1235;0;1;30;2;1;34
50_Z_on_2_SP;1240;0;1;30;2;0;33
50_Z_on_2_SP;1245;0;1;29;2;0;32
50_Z_on_2_SP;1250;0;1;30;1;1;33
50_Z_on_2_SP;1255;0;1;29;2;1;33
50_Z_on_2_SP;1260;0;1;27;2;1;31
50_Z_on_2_SP;1265;0;1;28;2;1;32
50_Z_on_2_SP;1270;0;1;28;1;0;30
50_Z_on_2_SP;1275;0;1;29;2;0;32
50_Z_on_2_SP;1280;0;1;27;1;0;29
50_Z_on_2_SP;1285;0;1;27;1;0;29
50_Z_on_2_SP;1290;0;1;26;1;1;29
50_Z_on_2_SP;1295;0;1;26;2;1;30
50_Z_on_2_SP;1300;0;1;26;1;1;29
50_Z_on_2_SP;1305;0;1;25;1;1;28
50_Z_on_2_SP;1310;0;1;26;1;0;28
50_Z_on_2_SP;1315;0;1;24;2;1;28
50_Z_on_2_SP;1320;0;1;25;2;0;28
50_Z_on_2_SP;1325;0;1;25;2;0;28
50_Z_on_2_SP;1330;0;1;24;2;0;27
50_Z_on_2_SP;1335;0;1;25;1;0;27
50_Z_on_2_SP;1340;0;1;24;1;1;27
50_Z_on_2_SP;1345;0;1;22;1;0;24
50_Z_on_2_SP;1350;0;1;21;1;0;23
50_Z_on_2_SP;1355;0;1;20;1;0;22
50_Z_on_2_SP;1360;0;1;19;1;0;21
50_Z_on_2_SP;1365;0;1;18;1;0;20
50_Z_on_2_SP;1370;0;1;18;1;0;20
50_Z_on_2_SP;1375;0;1;18;0;0;19
50_Z_on_2_SP;1380;0;0;16;1;0;17
50_Z_on_2_SP;1385;0;1;17;0;0;18
50_Z_on_2_SP;1390;0;1;16;0;0;17
50_Z_on_2_SP;1395;0;1;15;1;0;17
50_Z_on_2_SP;1400;0;1;15;1;0;17
50_Z_on_2_SP;1405;0;0;12;1;0;13
50_Z_on_2_SP;1410;0;1;12;0;0;13
50_Z_on_2_SP;1415;0;1;11;0;0;12
50_Z_on_2_SP;1420;0;0;10;1;0;11
50_Z_on_2_SP;1425;0;1;10;0;0;11
50_Z_on_2_SP;1430;0;0;9;0;0;9
50_Z_on_2_SP;1435;0;0;8;0;0;8
51_B_off_SP;0;0;0;6;1;0;7
51_B_off_SP;5;0;0;6;1;0;7
51_B_off_SP;10;0;0;5;1;0;6
51_B_off_SP;15;0;0;5;1;0;6
51_B_off_SP;20;0;0;5;1;0;6
51_B_off_SP;25;0;0;5;1;0;6
51_B_off_SP;30;0;0;4;1;0;5
51_B_off_SP;35;0;0;4;0;0;4
51_B_off_SP;40;0;0;4;1;0;5
51_B_off_SP;45;0;0;3;0;0;3
51_B_off_SP;50;0;0;3;0;0;3
51_B_off_SP;55;0;0;3;0;0;3
51_B_off_SP;60;0;0;3;0;0;3
51_B_off_SP;65;0;0;3;1;0;4
51_B_off_SP;70;0;0;2;1;0;3
51_B_off_SP;75;0;0;2;1;0;3
51_B_off_SP;80;0;0;2;1;0;3
51_B_off_SP;85;0;0;2;0;0;2
51_B_off_SP;90;0;0;2;0;0;2
51_B_off_SP;95;0;0;2;1;0;3
51_B_off_SP;100;0;0;2;1;0;3
51_B_off_SP;105;0;0;2;1;0;3
51_B_off_SP;110;0;0;2;1;0;3
51_B_off_SP;115;0;0;2;0;0;2
51_B_off_SP;120;0;0;1;0;0;1
51_B_off_SP;125;0;0;1;0;0;1
51_B_off_SP;130;0;0;2;0;0;2
51_B_off_SP;135;0;0;1;0;0;1
51_B_off_SP;140;0;0;2;0;0;2
51_B_off_SP;145;0;0;2;0;0;2
51_B_off_SP;150;0;0;1;0;0;1
51_B_off_SP;155;0;0;2;0;0;2
51_B_off_SP;160;0;0;2;0;0;2
51_B_off_SP;165;0;0;1;0;0;1
51_B_off_SP;170;0;0;2;0;0;2
51_B_off_SP;175;0;0;2;0;0;2
51_B_off_SP;180;0;0;2;0;0;2
51_B_off_SP;185;0;0;2;0;0;2
51_B_off_SP;190;0;0;2;0;0;2
51_B_off_SP;195;0;0;3;1;0;4
51_B_off_SP;200;0;0;2;1;0;3
51_B_off_SP;205;0;0;3;1;0;4
51_B_off_SP;210;0;0;3;1;0;4
51_B_off_SP;215;0;0;3;1;0;4
51_B_off_SP;220;0;0;3;1;0;4
51_B_off_SP;225;0;0;4;1;0;5
51_B_off_SP;230;0;0;4;1;0;5
51_B_off_SP;235;0;0;4;1;0;5
51_B_off_SP;240;0;0;4;1;0;5
51_B_off_SP;245;0;0;5;1;0;6
51_B_off_SP;250;0;0;7;1;0;8
51_B_off_SP;255;0;0;9;1;0;10
51_B_off_SP;260;0;0;11;1;0;12
51_B_off_SP;265;0;0;12;1;0;13
51_B_off_SP;270;0;0;13;1;0;14
51_B_off_SP;275;0;0;14;1;0;15
51_B_off_SP;280;0;0;12;1;0;13
51_B_off_SP;285;0;0;12;1;1;14
51_B_off_SP;290;0;0;11;1;1;13
51_B_off_SP;295;0;0;11;2;1;14
51_B_off_SP;300;0;0;11;2;2;15
51_B_off_SP;305;0;0;11;2;5;18
51_B_off_SP;310;0;0;14;2;3;19
51_B_off_SP;315;0;0;17;3;4;24
51_B_off_SP;320;0;0;21;2;3;26
51_B_off_SP;325;0;0;25;3;3;31
51_B_off_SP;330;0;0;29;3;3;35
51_B_off_SP;335;0;0;33;4;3;40
51_B_off_SP;340;0;0;35;5;3;43
51_B_off_SP;345;0;0;37;6;3;46
51_B_off_SP;350;0;0;38;6;3;47
51_B_off_SP;355;0;0;40;7;3;50
51_B_off_SP;360;0;0;43;7;3;53
51_B_off_SP;365;0;0;46;7;3;56
51_B_off_SP;370;0;0;49;8;3;60
51_B_off_SP;375;0;0;51;8;3;62
51_B_off_SP;380;0;1;53;9;3;66
51_B_off_SP;385;0;1;56;9;3;69
51_B_off_SP;390;0;1;56;9;3;69
51_B_off_SP;395;0;1;55;9;3;68
51_B_off_SP;400;0;0;55;9;4;68
51_B_off_SP;405;0;1;53;9;4;67
51_B_off_SP;410;0;1;53;9;3;66
51_B_off_SP;415;0;1;52;9;3;65
51_B_off_SP;420;0;1;53;9;3;66
51_B_off_SP;425;0;1;54;9;3;67
51_B_off_SP;430;0;1;53;9;4;67
51_B_off_SP;435;0;1;54;9;4;68
51_B_off_SP;440;0;1;55;9;4;69
51_B_off_SP;445;0;1;57;9;4;71
51_B_off_SP;450;0;1;56;9;4;70
51_B_off_SP;455;0;1;56;9;4;70
51_B_off_SP;460;0;1;53;9;4;67
51_B_off_SP;465;0;1;51;9;4;65
51_B_off_SP;470;0;1;49;8;4;62
51_B_off_SP;475;0;1;45;8;4;58
51_B_off_SP;480;0;0;43;8;4;55
51_B_off_SP;485;0;0;43;8;4;55
51_B_off_SP;490;0;0;43;7;4;54
51_B_off_SP;495;0;0;44;7;4;55
51_B_off_SP;500;0;0;42;7;4;53
51_B_off_SP;505;0;0;43;7;4;54
51_B_off_SP;510;0;0;42;6;5;53
51_B_off_SP;515;0;0;42;6;4;52
51_B_off_SP;520;0;0;40;6;4;50
51_B_off_SP;525;0;0;38;6;4;48
51_B_off_SP;530;0;0;35;6;4;45
51_B_off_SP;535;0;0;33;6;4;43
51_B_off_SP;540;0;0;32;6;4;42
51_B_off_SP;545;0;0;32;6;4;42
51_B_off_SP;550;0;0;33;6;4;43
51_B_off_SP;555;0;0;33;5;5;43
51_B_off_SP;560;0;0;33;6;4;43
51_B_off_SP;565;0;0;34;6;4;44
51_B_off_SP;570;0;0;33;6;4;43
51_B_off_SP;575;0;0;34;6;4;44
51_B_off_SP;580;0;0;34;6;4;44
51_B_off_SP;585;0;0;34;6;4;44
51_B_off_SP;590;0;0;33;6;4;43
51_B_off_SP;595;0;0;32;6;4;42
51_B_off_SP;600;0;0;31;6;5;42
51_B_off_SP;605;0;0;32;6;5;43
51_B_off_SP;610;0;0;32;6;5;43
51_B_off_SP;615;0;0;33;6;4;43
51_B_off_SP;620;0;0;33;6;5;44
51_B_off_SP;625;0;0;34;6;5;45
51_B_off_SP;630;0;0;33;6;5;44
51_B_off_SP;635;0;0;34;6;5;45
51_B_off_SP;640;0;0;33;6;5;44
51_B_off_SP;645;0;0;34;6;5;45
51_B_off_SP;650;0;0;32;6;5;43
51_B_off_SP;655;0;0;33;6;4;43
51_B_off_SP;660;0;0;33;6;5;44
51_B_off_SP;665;0;0;34;6;5;45
51_B_off_SP;670;0;0;34;6;4;44
51_B_off_SP;675;0;0;35;6;4;45
51_B_off_SP;680;0;0;35;6;5;46
51_B_off_SP;685;0;0;35;6;5;46
51_B_off_SP;690;0;0;35;6;5;46
51_B_off_SP;695;0;0;36;6;4;46
51_B_off_SP;700;0;0;36;6;4;46
51_B_off_SP;705;0;0;35;6;4;45
51_B_off_SP;710;0;0;35;6;4;45
51_B_off_SP;715;0;0;34;6;4;44
51_B_off_SP;720;0;0;35;6;4;45
51_B_off_SP;725;0;0;37;6;4;47
51_B_off_SP;730;0;0;40;6;4;50
51_B_off_SP;735;0;0;41;6;4;51
51_B_off_SP;740;0;1;40;6;4;51
51_B_off_SP;745;0;0;39;6;4;49
51_B_off_SP;750;0;0;38;6;4;48
51_B_off_SP;755;0;0;39;5;3;47
51_B_off_SP;760;0;0;39;5;4;48
51_B_off_SP;765;0;0;39;5;4;48
51_B_off_SP;770;0;0;39;5;4;48
51_B_off_SP;775;0;0;40;6;3;49
51_B_off_SP;780;0;0;41;6;4;51
51_B_off_SP;785;0;0;43;6;4;53
51_B_off_SP;790;0;0;43;6;4;53
51_B_off_SP;795;0;0;44;6;4;54
51_B_off_SP;800;0;0;43;6;4;53
51_B_off_SP;805;0;0;44;6;4;54
51_B_off_SP;810;0;0;43;6;5;54
51_B_off_SP;815;0;0;43;6;4;53
51_B_off_SP;820;0;0;42;7;5;54
51_B_off_SP;825;0;0;41;6;5;52
51_B_off_SP;830;0;0;41;7;4;52
51_B_off_SP;835;0;0;40;7;5;52
51_B_off_SP;840;0;0;39;6;5;50
51_B_off_SP;845;0;0;40;7;5;52
51_B_off_SP;850;0;0;41;6;5;52
51_B_off_SP;855;0;0;42;7;5;54
51_B_off_SP;860;0;1;42;6;5;54
51_B_off_SP;865;0;0;45;7;4;56
51_B_off_SP;870;0;1;44;6;4;55
51_B_off_SP;875;0;1;44;7;4;56
51_B_off_SP;880;0;1;45;7;4;57
51_B_off_SP;885;0;0;45;7;4;56
51_B_off_SP;890;0;1;44;7;4;56
51_B_off_SP;895;0;1;43;7;4;55
51_B_off_SP;900;0;1;43;7;4;55
51_B_off_SP;905;0;1;43;7;4;55
51_B_off_SP;910;0;1;45;7;4;57
51_B_off_SP;915;0;1;46;7;4;58
51_B_off_SP;920;0;1;47;7;4;59
51_B_off_SP;925;0;1;49;7;4;61
51_B_off_SP;930;0;1;49;7;4;61
51_B_off_SP;935;0;1;49;7;4;61
51_B_off_SP;940;0;1;50;7;4;62
51_B_off_SP;945;0;1;50;7;3;61
51_B_off_SP;950;0;1;50;7;3;61
51_B_off_SP;955;0;1;51;8;3;63
51_B_off_SP;960;0;1;52;8;3;64
51_B_off_SP;965;0;1;56;8;3;68
51_B_off_SP;970;0;1;59;8;3;71
51_B_off_SP;975;0;1;60;8;3;72
51_B_off_SP;980;0;1;61;8;3;73
51_B_off_SP;985;0;1;61;8;3;73
51_B_off_SP;990;0;1;61;8;3;73
51_B_off_SP;995;0;1;62;8;3;74
51_B_off_SP;1000;0;1;62;8;3;74
51_B_off_SP;1005;0;1;62;8;3;74
51_B_off_SP;1010;0;1;63;8;3;75
51_B_off_SP;1015;0;1;61;7;3;72
51_B_off_SP;1020;0;1;63;7;2;73
51_B_off_SP;1025;0;1;65;7;2;75
51_B_off_SP;1030;0;1;66;7;2;76
51_B_off_SP;1035;0;1;67;6;2;76
51_B_off_SP;1040;0;1;68;7;2;78
51_B_off_SP;1045;0;1;67;6;2;76
51_B_off_SP;1050;0;1;66;6;2;75
51_B_off_SP;1055;0;1;65;6;2;74
51_B_off_SP;1060;0;1;64;5;2;72
51_B_off_SP;1065;0;1;63;6;2;72
51_B_off_SP;1070;0;1;62;5;2;70
51_B_off_SP;1075;0;1;59;5;2;67
51_B_off_SP;1080;0;1;58;5;2;66
51_B_off_SP;1085;0;1;56;5;2;64
51_B_off_SP;1090;0;1;56;5;2;64
51_B_off_SP;1095;0;1;56;5;2;64
51_B_off_SP;1100;0;1;54;4;2;61
51_B_off_SP;1105;0;1;53;4;2;60
51_B_off_SP;1110;0;1;52;4;2;59
51_B_off_SP;1115;0;1;51;4;2;58
51_B_off_SP;1120;0;1;50;4;2;57
51_B_off_SP;1125;0;1;49;4;1;55
51_B_off_SP;1130;0;1;46;4;1;52
51_B_off_SP;1135;0;1;44;3;2;50
51_B_off_SP;1140;0;1;42;3;2;48
51_B_off_SP;1145;0;1;41;3;2;47
51_B_off_SP;1150;0;0;41;3;1;45
51_B_off_SP;1155;0;0;40;3;1;44
51_B_off_SP;1160;0;0;37;3;1;41
51_B_off_SP;1165;0;0;38;3;1;42
51_B_off_SP;1170;0;0;36;3;1;40
51_B_off_SP;1175;0;0;34;3;1;38
51_B_off_SP;1180;0;0;32;3;1;36
51_B_off_SP;1185;0;0;31;3;1;35
51_B_off_SP;1190;0;0;30;2;1;33
51_B_off_SP;1195;0;0;28;2;0;30
51_B_off_SP;1200;0;0;28;2;1;31
51_B_off_SP;1205;0;0;27;2;1;30
51_B_off_SP;1210;0;0;27;2;1;30
51_B_off_SP;1215;0;0;28;2;1;31
51_B_off_SP;1220;0;0;27;2;1;30
51_B_off_SP;1225;0;0;27;2;0;29
51_B_off_SP;1230;0;0;25;2;0;27
51_B_off_SP;1235;0;0;25;2;0;27
51_B_off_SP;1240;0;0;25;2;0;27
51_B_off_SP;1245;0;0;24;2;0;26
51_B_off_SP;1250;0;0;24;2;0;26
51_B_off_SP;1255;0;0;23;2;0;25
51_B_off_SP;1260;0;0;23;2;0;25
51_B_off_SP;1265;0;0;23;2;0;25
51_B_off_SP;1270;0;0;23;2;0;25
51_B_off_SP;1275;0;0;23;2;0;25
51_B_off_SP;1280;0;0;23;2;0;25
51_B_off_SP;1285;0;0;23;2;0;25
51_B_off_SP;1290;0;0;23;1;0;24
51_B_off_SP;1295;0;0;22;1;0;23
51_B_off_SP;1300;0;0;21;1;0;22
51_B_off_SP;1305;0;0;21;1;0;22
51_B_off_SP;1310;0;0;20;1;0;21
51_B_off_SP;1315;0;0;21;1;0;22
51_B_off_SP;1320;0;0;21;1;0;22
51_B_off_SP;1325;0;0;22;1;0;23
51_B_off_SP;1330;0;0;22;1;0;23
51_B_off_SP;1335;0;0;23;1;0;24
51_B_off_SP;1340;0;0;23;1;0;24
51_B_off_SP;1345;0;0;22;1;0;23
51_B_off_SP;1350;0;0;21;1;0;22
51_B_off_SP;1355;0;0;20;1;0;21
51_B_off_SP;1360;0;0;19;1;0;20
51_B_off_SP;1365;0;0;18;1;0;19
51_B_off_SP;1370;0;0;17;1;0;18
51_B_off_SP;1375;0;0;16;1;0;17
51_B_off_SP;1380;0;0;16;1;0;17
51_B_off_SP;1385;0;0;16;1;0;17
51_B_off_SP;1390;0;0;18;1;0;19
51_B_off_SP;1395;0;0;19;1;0;20
51_B_off_SP;1400;0;0;19;1;0;20
51_B_off_SP;1405;0;0;17;1;0;18
51_B_off_SP;1410;0;0;14;1;0;15
51_B_off_SP;1415;0;0;12;1;0;13
51_B_off_SP;1420;0;0;11;1;0;12
51_B_off_SP;1425;0;0;10;1;0;11
51_B_off_SP;1430;0;0;9;1;0;10
51_B_off_SP;1435;0;0;9;1;0;10
51_B_on_SP;0;0;0;5;1;0;6
51_B_on_SP;5;0;0;5;1;0;6
51_B_on_SP;10;0;0;4;1;0;5
51_B_on_SP;15;0;0;4;1;0;5
51_B_on_SP;20;0;0;4;1;0;5
51_B_on_SP;25;0;0;4;1;0;5
51_B_on_SP;30;0;0;4;1;0;5
51_B_on_SP;35;0;0;3;0;0;3
51_B_on_SP;40;0;0;3;1;0;4
51_B_on_SP;45;0;0;3;0;0;3
51_B_on_SP;50;0;0;2;0;0;2
51_B_on_SP;55;0;0;2;0;0;2
51_B_on_SP;60;0;0;2;0;0;2
51_B_on_SP;65;0;0;2;1;0;3
51_B_on_SP;70;0;0;2;1;0;3
51_B_on_SP;75;0;0;2;1;0;3
51_B_on_SP;80;0;0;2;1;0;3
51_B_on_SP;85;0;0;2;0;0;2
51_B_on_SP;90;0;0;1;0;0;1
51_B_on_SP;95;0;0;1;1;0;2
51_B_on_SP;100;0;0;1;1;0;2
51_B_on_SP;105;0;0;2;1;0;3
51_B_on_SP;110;0;0;1;1;0;2
51_B_on_SP;115;0;0;1;0;0;1
51_B_on_SP;120;0;0;1;0;0;1
51_B_on_SP;125;0;0;1;0;0;1
51_B_on_SP;130;0;0;1;0;0;1
51_B_on_SP;135;0;0;1;0;0;1
51_B_on_SP;140;0;0;2;0;0;2
51_B_on_SP;145;0;0;1;0;0;1
51_B_on_SP;150;0;0;1;0;0;1
51_B_on_SP;155;0;0;1;0;0;1
51_B_on_SP;160;0;0;1;0;0;1
51_B_on_SP;165;0;0;1;0;0;1
51_B_on_SP;170;0;0;1;0;0;1
51_B_on_SP;175;0;0;1;0;0;1
51_B_on_SP;180;0;0;1;0;0;1
51_B_on_SP;185;0;0;1;0;0;1
51_B_on_SP;190;0;0;2;0;0;2
51_B_on_SP;195;0;0;2;1;0;3
51_B_on_SP;200;0;0;2;1;0;3
51_B_on_SP;205;0;0;2;1;0;3
51_B_on_SP;210;0;0;2;1;0;3
51_B_on_SP;215;0;0;2;1;0;3
51_B_on_SP;220;0;0;2;1;0;3
51_B_on_SP;225;0;0;3;1;0;4
51_B_on_SP;230;0;0;3;1;0;4
51_B_on_SP;235;0;0;3;1;0;4
51_B_on_SP;240;0;0;3;1;0;4
51_B_on_SP;245;0;0;4;1;0;5
51_B_on_SP;250;0;0;5;1;0;6
51_B_on_SP;255;0;0;7;1;0;8
51_B_on_SP;260;0;0;9;1;0;10
51_B_on_SP;265;0;0;9;1;0;10
51_B_on_SP;270;0;0;11;1;0;12
51_B_on_SP;275;0;0;12;1;0;13
51_B_on_SP;280;0;0;10;1;1;12
51_B_on_SP;285;0;0;9;1;1;11
51_B_on_SP;290;0;0;9;1;2;12
51_B_on_SP;295;0;0;9;1;2;12
51_B_on_SP;300;0;0;9;1;3;13
51_B_on_SP;305;0;0;9;1;7;17
51_B_on_SP;310;0;0;11;2;5;18
51_B_on_SP;315;0;0;14;2;6;22
51_B_on_SP;320;0;0;17;2;5;24
51_B_on_SP;325;0;0;21;2;4;27
51_B_on_SP;330;0;0;24;3;4;31
51_B_on_SP;335;0;0;27;3;4;34
51_B_on_SP;340;0;0;28;4;5;37
51_B_on_SP;345;0;0;30;5;5;40
51_B_on_SP;350;0;0;31;5;5;41
51_B_on_SP;355;0;0;32;6;5;43
51_B_on_SP;360;0;0;35;6;5;46
51_B_on_SP;365;0;0;38;6;5;49
51_B_on_SP;370;0;0;40;6;5;51
51_B_on_SP;375;0;0;42;7;5;54
51_B_on_SP;380;0;1;44;7;5;57
51_B_on_SP;385;0;1;46;7;5;59
51_B_on_SP;390;0;1;46;7;5;59
51_B_on_SP;395;0;1;45;7;5;58
51_B_on_SP;400;0;0;45;7;5;57
51_B_on_SP;405;0;1;44;7;5;57
51_B_on_SP;410;0;1;43;7;5;56
51_B_on_SP;415;0;1;42;7;5;55
51_B_on_SP;420;0;1;43;7;5;56
51_B_on_SP;425;0;1;44;7;5;57
51_B_on_SP;430;0;1;44;7;5;57
51_B_on_SP;435;0;1;44;7;5;57
51_B_on_SP;440;0;1;45;7;6;59
51_B_on_SP;445;0;1;46;7;5;59
51_B_on_SP;450;0;1;46;8;5;60
51_B_on_SP;455;0;1;46;7;5;59
51_B_on_SP;460;0;1;44;7;5;57
51_B_on_SP;465;0;1;42;7;6;56
51_B_on_SP;470;0;1;40;7;6;54
51_B_on_SP;475;0;1;37;6;6;50
51_B_on_SP;480;0;0;35;6;6;47
51_B_on_SP;485;0;0;35;6;6;47
51_B_on_SP;490;0;0;35;6;6;47
51_B_on_SP;495;0;0;36;5;6;47
51_B_on_SP;500;0;0;35;5;6;46
51_B_on_SP;505;0;0;35;5;6;46
51_B_on_SP;510;0;0;34;5;7;46
51_B_on_SP;515;0;0;34;5;6;45
51_B_on_SP;520;0;0;33;5;6;44
51_B_on_SP;525;0;0;31;5;6;42
51_B_on_SP;530;0;0;29;5;6;40
51_B_on_SP;535;0;0;27;5;6;38
51_B_on_SP;540;0;0;26;5;6;37
51_B_on_SP;545;0;0;26;5;6;37
51_B_on_SP;550;0;0;27;5;6;38
51_B_on_SP;555;0;0;27;4;7;38
51_B_on_SP;560;0;0;27;5;6;38
51_B_on_SP;565;0;0;28;5;6;39
51_B_on_SP;570;0;0;27;5;6;38
51_B_on_SP;575;0;0;28;5;6;39
51_B_on_SP;580;0;0;28;5;6;39
51_B_on_SP;585;0;0;28;5;6;39
51_B_on_SP;590;0;0;27;5;6;38
51_B_on_SP;595;0;0;26;5;6;37
51_B_on_SP;600;0;0;25;5;7;37
51_B_on_SP;605;0;0;26;5;7;38
51_B_on_SP;610;0;0;26;5;7;38
51_B_on_SP;615;0;0;27;5;6;38
51_B_on_SP;620;0;0;27;5;7;39
51_B_on_SP;625;0;0;28;5;7;40
51_B_on_SP;630;0;0;27;5;7;39
51_B_on_SP;635;0;0;28;5;7;40
51_B_on_SP;640;0;0;27;5;7;39
51_B_on_SP;645;0;0;28;5;7;40
51_B_on_SP;650;0;0;26;5;7;38
51_B_on_SP;655;0;0;27;5;6;38
51_B_on_SP;660;0;0;27;5;7;39
51_B_on_SP;665;0;0;28;5;7;40
51_B_on_SP;670;0;0;28;5;6;39
51_B_on_SP;675;0;0;29;5;6;40
51_B_on_SP;680;0;0;28;5;7;40
51_B_on_SP;685;0;0;29;5;7;41
51_B_on_SP;690;0;0;29;5;7;41
51_B_on_SP;695;0;0;29;5;6;40
51_B_on_SP;700;0;0;30;5;6;41
51_B_on_SP;705;0;0;29;5;6;40
51_B_on_SP;710;0;0;28;5;6;39
51_B_on_SP;715;0;0;28;5;5;38
51_B_on_SP;720;0;0;28;5;5;38
51_B_on_SP;725;0;0;31;5;5;41
51_B_on_SP;730;0;0;33;5;5;43
51_B_on_SP;735;0;0;34;5;6;45
51_B_on_SP;740;0;1;33;5;6;45
51_B_on_SP;745;0;0;32;5;6;43
51_B_on_SP;750;0;0;31;5;5;41
51_B_on_SP;755;0;0;32;4;5;41
51_B_on_SP;760;0;0;32;4;5;41
51_B_on_SP;765;0;0;32;4;6;42
51_B_on_SP;770;0;0;32;4;5;41
51_B_on_SP;775;0;0;32;5;5;42
51_B_on_SP;780;0;0;33;5;6;44
51_B_on_SP;785;0;0;35;5;5;45
51_B_on_SP;790;0;0;35;5;5;45
51_B_on_SP;795;0;0;36;5;6;47
51_B_on_SP;800;0;0;35;5;6;46
51_B_on_SP;805;0;0;36;5;6;47
51_B_on_SP;810;0;0;35;5;7;47
51_B_on_SP;815;0;0;35;5;6;46
51_B_on_SP;820;0;0;34;5;7;46
51_B_on_SP;825;0;0;34;5;7;46
51_B_on_SP;830;0;0;33;5;6;44
51_B_on_SP;835;0;0;33;5;7;45
51_B_on_SP;840;0;0;32;5;7;44
51_B_on_SP;845;0;0;32;5;7;44
51_B_on_SP;850;0;0;34;5;7;46
51_B_on_SP;855;0;0;34;5;7;46
51_B_on_SP;860;0;1;34;5;7;47
51_B_on_SP;865;0;0;36;5;6;47
51_B_on_SP;870;0;1;36;5;6;48
51_B_on_SP;875;0;1;36;6;6;49
51_B_on_SP;880;0;1;37;5;6;49
51_B_on_SP;885;0;0;37;5;6;48
51_B_on_SP;890;0;1;36;5;6;48
51_B_on_SP;895;0;1;35;5;6;47
51_B_on_SP;900;0;1;35;5;6;47
51_B_on_SP;905;0;1;35;5;6;47
51_B_on_SP;910;0;1;36;5;6;48
51_B_on_SP;915;0;1;38;5;6;50
51_B_on_SP;920;0;1;38;5;6;50
51_B_on_SP;925;0;1;40;6;6;53
51_B_on_SP;930;0;1;40;6;6;53
51_B_on_SP;935;0;1;40;6;6;53
51_B_on_SP;940;0;1;41;6;5;53
51_B_on_SP;945;0;1;41;6;5;53
51_B_on_SP;950;0;1;41;6;5;53
51_B_on_SP;955;0;1;42;6;5;54
51_B_on_SP;960;0;1;43;6;5;55
51_B_on_SP;965;0;1;45;6;5;57
51_B_on_SP;970;0;1;48;6;4;59
51_B_on_SP;975;0;1;49;6;4;60
51_B_on_SP;980;0;1;50;6;4;61
51_B_on_SP;985;0;1;50;6;4;61
51_B_on_SP;990;0;1;50;7;4;62
51_B_on_SP;995;0;1;50;6;4;61
51_B_on_SP;1000;0;1;50;6;4;61
51_B_on_SP;1005;0;1;51;6;4;62
51_B_on_SP;1010;0;1;51;6;4;62
51_B_on_SP;1015;0;1;50;6;4;61
51_B_on_SP;1020;0;1;51;6;3;61
51_B_on_SP;1025;0;1;53;6;3;63
51_B_on_SP;1030;0;1;54;5;3;63
51_B_on_SP;1035;0;1;55;5;3;64
51_B_on_SP;1040;0;1;55;5;3;64
51_B_on_SP;1045;0;1;54;5;3;63
51_B_on_SP;1050;0;1;54;5;3;63
51_B_on_SP;1055;0;1;53;5;3;62
51_B_on_SP;1060;0;1;52;4;3;60
51_B_on_SP;1065;0;1;52;5;3;61
51_B_on_SP;1070;0;1;50;4;3;58
51_B_on_SP;1075;0;1;48;4;3;56
51_B_on_SP;1080;0;1;47;4;3;55
51_B_on_SP;1085;0;1;46;4;3;54
51_B_on_SP;1090;0;1;46;4;3;54
51_B_on_SP;1095;0;1;45;4;3;53
51_B_on_SP;1100;0;1;44;4;3;52
51_B_on_SP;1105;0;1;44;4;3;52
51_B_on_SP;1110;0;1;42;4;3;50
51_B_on_SP;1115;0;1;41;3;3;48
51_B_on_SP;1120;0;1;41;3;2;47
51_B_on_SP;1125;0;1;40;3;2;46
51_B_on_SP;1130;0;1;38;3;2;44
51_B_on_SP;1135;0;1;36;3;2;42
51_B_on_SP;1140;0;1;34;3;2;40
51_B_on_SP;1145;0;1;34;3;2;40
51_B_on_SP;1150;0;0;34;3;2;39
51_B_on_SP;1155;0;0;32;2;1;35
51_B_on_SP;1160;0;0;31;2;1;34
51_B_on_SP;1165;0;0;31;2;1;34
51_B_on_SP;1170;0;0;29;2;1;32
51_B_on_SP;1175;0;0;28;2;1;31
51_B_on_SP;1180;0;0;26;2;1;29
51_B_on_SP;1185;0;0;26;2;1;29
51_B_on_SP;1190;0;0;24;2;1;27
51_B_on_SP;1195;0;0;23;2;1;26
51_B_on_SP;1200;0;0;23;2;1;26
51_B_on_SP;1205;0;0;22;2;1;25
51_B_on_SP;1210;0;0;22;2;1;25
51_B_on_SP;1215;0;0;23;2;1;26
51_B_on_SP;1220;0;0;22;2;1;25
51_B_on_SP;1225;0;0;22;2;1;25
51_B_on_SP;1230;0;0;21;2;1;24
51_B_on_SP;1235;0;0;20;2;1;23
51_B_on_SP;1240;0;0;20;2;0;22
51_B_on_SP;1245;0;0;20;2;1;23
51_B_on_SP;1250;0;0;19;2;1;22
51_B_on_SP;1255;0;0;19;1;0;20
51_B_on_SP;1260;0;0;19;1;0;20
51_B_on_SP;1265;0;0;19;1;0;20
51_B_on_SP;1270;0;0;19;1;0;20
51_B_on_SP;1275;0;0;19;1;0;20
51_B_on_SP;1280;0;0;19;1;0;20
51_B_on_SP;1285;0;0;19;1;0;20
51_B_on_SP;1290;0;0;19;1;0;20
51_B_on_SP;1295;0;0;18;1;0;19
51_B_on_SP;1300;0;0;17;1;1;19
51_B_on_SP;1305;0;0;17;1;0;18
51_B_on_SP;1310;0;0;16;1;0;17
51_B_on_SP;1315;0;0;17;1;0;18
51_B_on_SP;1320;0;0;17;1;0;18
51_B_on_SP;1325;0;0;18;1;0;19
51_B_on_SP;1330;0;0;18;1;0;19
51_B_on_SP;1335;0;0;18;1;0;19
51_B_on_SP;1340;0;0;19;1;0;20
51_B_on_SP;1345;0;0;18;1;0;19
51_B_on_SP;1350;0;0;17;1;0;18
51_B_on_SP;1355;0;0;16;1;0;17
51_B_on_SP;1360;0;0;15;1;0;16
51_B_on_SP;1365;0;0;15;1;0;16
51_B_on_SP;1370;0;0;14;1;0;15
51_B_on_SP;1375;0;0;13;1;0;14
51_B_on_SP;1380;0;0;13;1;0;14
51_B_on_SP;1385;0;0;13;1;0;14
51_B_on_SP;1390;0;0;15;1;0;16
51_B_on_SP;1395;0;0;15;1;0;16
51_B_on_SP;1400;0;0;15;1;0;16
51_B_on_SP;1405;0;0;14;1;0;15
51_B_on_SP;1410;0;0;12;1;0;13
51_B_on_SP;1415;0;0;10;1;0;11
51_B_on_SP;1420;0;0;9;1;0;10
51_B_on_SP;1425;0;0;8;1;0;9
51_B_on_SP;1430;0;0;8;1;0;9
51_B_on_SP;1435;0;0;7;1;0;8
51_Z_off_SP;0;0;0;5;1;0;6
51_Z_off_SP;5;0;0;5;1;0;6
51_Z_off_SP;10;0;0;4;1;0;5
51_Z_off_SP;15;0;0;4;1;0;5
51_Z_off_SP;20;0;0;4;1;0;5
51_Z_off_SP;25;0;0;4;1;0;5
51_Z_off_SP;30;0;0;3;1;0;4
51_Z_off_SP;35;0;0;3;0;0;3
51_Z_off_SP;40;0;0;3;1;0;4
51_Z_off_SP;45;0;0;3;0;0;3
51_Z_off_SP;50;0;0;2;0;0;2
51_Z_off_SP;55;0;0;2;0;0;2
51_Z_off_SP;60;0;0;2;0;0;2
51_Z_off_SP;65;0;0;2;1;0;3
51_Z_off_SP;70;0;0;2;1;0;3
51_Z_off_SP;75;0;0;2;1;0;3
51_Z_off_SP;80;0;0;2;1;0;3
51_Z_off_SP;85;0;0;2;0;0;2
51_Z_off_SP;90;0;0;1;0;0;1
51_Z_off_SP;95;0;0;1;1;0;2
51_Z_off_SP;100;0;0;1;1;0;2
51_Z_off_SP;105;0;0;2;1;0;3
51_Z_off_SP;110;0;0;1;1;0;2
51_Z_off_SP;115;0;0;1;0;0;1
51_Z_off_SP;120;0;0;1;0;0;1
51_Z_off_SP;125;0;0;1;0;0;1
51_Z_off_SP;130;0;0;1;0;0;1
51_Z_off_SP;135;0;0;1;0;0;1
51_Z_off_SP;140;0;0;2;0;0;2
51_Z_off_SP;145;0;0;1;0;0;1
51_Z_off_SP;150;0;0;1;0;0;1
51_Z_off_SP;155;0;0;1;0;0;1
51_Z_off_SP;160;0;0;1;0;0;1
51_Z_off_SP;165;0;0;1;0;0;1
51_Z_off_SP;170;0;0;1;0;0;1
51_Z_off_SP;175;0;0;1;0;0;1
51_Z_off_SP;180;0;0;1;0;0;1
51_Z_off_SP;185;0;0;1;0;0;1
51_Z_off_SP;190;0;0;2;0;0;2
51_Z_off_SP;195;0;0;2;1;0;3
51_Z_off_SP;200;0;0;2;1;0;3
51_Z_off_SP;205;0;0;2;1;0;3
51_Z_off_SP;210;0;0;2;1;0;3
51_Z_off_SP;215;0;0;2;1;0;3
51_Z_off_SP;220;0;0;2;1;0;3
51_Z_off_SP;225;0;0;3;1;0;4
51_Z_off_SP;230;0;0;3;1;0;4
51_Z_off_SP;235;0;0;3;1;0;4
51_Z_off_SP;240;0;0;3;1;0;4
51_Z_off_SP;245;0;0;4;1;0;5
51_Z_off_SP;250;0;0;5;1;0;6
51_Z_off_SP;255;0;0;7;1;0;8
51_Z_off_SP;260;0;0;9;1;0;10
51_Z_off_SP;265;0;0;9;1;0;10
51_Z_off_SP;270;0;0;11;1;0;12
51_Z_off_SP;275;0;0;11;1;0;12
51_Z_off_SP;280;0;0;10;1;1;12
51_Z_off_SP;285;0;0;9;1;1;11
51_Z_off_SP;290;0;0;9;1;2;12
51_Z_off_SP;295;0;0;9;1;2;12
51_Z_off_SP;300;0;0;9;1;3;13
51_Z_off_SP;305;0;0;9;1;8;18
51_Z_off_SP;310;0;0;11;2;6;19
51_Z_off_SP;315;0;0;14;2;7;23
51_Z_off_SP;320;0;0;17;2;6;25
51_Z_off_SP;325;0;0;20;2;5;27
51_Z_off_SP;330;0;0;23;3;5;31
51_Z_off_SP;335;0;0;27;3;5;35
51_Z_off_SP;340;0;0;28;4;6;38
51_Z_off_SP;345;0;0;30;5;6;41
51_Z_off_SP;350;0;0;30;5;6;41
51_Z_off_SP;355;0;0;32;6;6;44
51_Z_off_SP;360;0;0;34;6;6;46
51_Z_off_SP;365;0;0;37;6;6;49
51_Z_off_SP;370;0;0;39;6;6;51
51_Z_off_SP;375;0;0;41;7;6;54
51_Z_off_SP;380;0;1;43;7;6;57
51_Z_off_SP;385;0;1;45;7;6;59
51_Z_off_SP;390;0;1;45;7;6;59
51_Z_off_SP;395;0;1;44;7;6;58
51_Z_off_SP;400;0;0;44;7;6;57
51_Z_off_SP;405;0;1;43;7;6;57
51_Z_off_SP;410;0;1;43;7;6;57
51_Z_off_SP;415;0;1;42;7;6;56
51_Z_off_SP;420;0;1;43;7;6;57
51_Z_off_SP;425;0;1;43;7;6;57
51_Z_off_SP;430;0;1;43;7;6;57
51_Z_off_SP;435;0;1;43;7;6;57
51_Z_off_SP;440;0;1;44;7;7;59
51_Z_off_SP;445;0;1;45;7;6;59
51_Z_off_SP;450;0;1;45;7;6;59
51_Z_off_SP;455;0;1;45;7;6;59
51_Z_off_SP;460;0;1;43;7;6;57
51_Z_off_SP;465;0;1;41;7;7;56
51_Z_off_SP;470;0;1;39;7;7;54
51_Z_off_SP;475;0;1;36;6;7;50
51_Z_off_SP;480;0;0;35;6;7;48
51_Z_off_SP;485;0;0;34;6;7;47
51_Z_off_SP;490;0;0;34;6;7;47
51_Z_off_SP;495;0;0;35;5;7;47
51_Z_off_SP;500;0;0;34;5;7;46
51_Z_off_SP;505;0;0;35;5;7;47
51_Z_off_SP;510;0;0;34;5;8;47
51_Z_off_SP;515;0;0;34;5;7;46
51_Z_off_SP;520;0;0;32;5;7;44
51_Z_off_SP;525;0;0;31;5;7;43
51_Z_off_SP;530;0;0;28;5;7;40
51_Z_off_SP;535;0;0;27;5;7;39
51_Z_off_SP;540;0;0;26;5;7;38
51_Z_off_SP;545;0;0;26;5;7;38
51_Z_off_SP;550;0;0;26;5;7;38
51_Z_off_SP;555;0;0;27;4;8;39
51_Z_off_SP;560;0;0;26;5;7;38
51_Z_off_SP;565;0;0;27;5;7;39
51_Z_off_SP;570;0;0;27;5;7;39
51_Z_off_SP;575;0;0;27;5;7;39
51_Z_off_SP;580;0;0;28;5;7;40
51_Z_off_SP;585;0;0;27;5;7;39
51_Z_off_SP;590;0;0;26;5;7;38
51_Z_off_SP;595;0;0;26;5;7;38
51_Z_off_SP;600;0;0;25;5;8;38
51_Z_off_SP;605;0;0;26;5;8;39
51_Z_off_SP;610;0;0;26;5;8;39
51_Z_off_SP;615;0;0;27;5;7;39
51_Z_off_SP;620;0;0;27;5;8;40
51_Z_off_SP;625;0;0;27;5;8;40
51_Z_off_SP;630;0;0;27;5;8;40
51_Z_off_SP;635;0;0;27;5;8;40
51_Z_off_SP;640;0;0;27;5;8;40
51_Z_off_SP;645;0;0;27;5;8;40
51_Z_off_SP;650;0;0;26;5;8;39
51_Z_off_SP;655;0;0;26;5;7;38
51_Z_off_SP;660;0;0;26;5;8;39
51_Z_off_SP;665;0;0;27;5;8;40
51_Z_off_SP;670;0;0;27;5;7;39
51_Z_off_SP;675;0;0;28;5;7;40
51_Z_off_SP;680;0;0;28;5;8;41
51_Z_off_SP;685;0;0;28;5;8;41
51_Z_off_SP;690;0;0;28;5;8;41
51_Z_off_SP;695;0;0;29;5;7;41
51_Z_off_SP;700;0;0;29;5;7;41
51_Z_off_SP;705;0;0;28;5;7;40
51_Z_off_SP;710;0;0;28;5;7;40
51_Z_off_SP;715;0;0;27;5;6;38
51_Z_off_SP;720;0;0;28;5;6;39
51_Z_off_SP;725;0;0;30;5;6;41
51_Z_off_SP;730;0;0;32;5;6;43
51_Z_off_SP;735;0;0;33;5;7;45
51_Z_off_SP;740;0;1;32;5;7;45
51_Z_off_SP;745;0;0;31;5;7;43
51_Z_off_SP;750;0;0;31;5;6;42
51_Z_off_SP;755;0;0;31;4;6;41
51_Z_off_SP;760;0;0;31;4;6;41
51_Z_off_SP;765;0;0;31;4;7;42
51_Z_off_SP;770;0;0;31;4;6;41
51_Z_off_SP;775;0;0;32;5;6;43
51_Z_off_SP;780;0;0;33;5;7;45
51_Z_off_SP;785;0;0;34;5;6;45
51_Z_off_SP;790;0;0;35;5;6;46
51_Z_off_SP;795;0;0;35;5;7;47
51_Z_off_SP;800;0;0;35;5;7;47
51_Z_off_SP;805;0;0;35;5;7;47
51_Z_off_SP;810;0;0;35;5;8;48
51_Z_off_SP;815;0;0;34;5;7;46
51_Z_off_SP;820;0;0;34;5;8;47
51_Z_off_SP;825;0;0;33;5;8;46
51_Z_off_SP;830;0;0;33;5;7;45
51_Z_off_SP;835;0;0;32;5;8;45
51_Z_off_SP;840;0;0;31;5;8;44
51_Z_off_SP;845;0;0;32;5;8;45
51_Z_off_SP;850;0;0;33;5;8;46
51_Z_off_SP;855;0;0;34;5;8;47
51_Z_off_SP;860;0;1;34;5;8;48
51_Z_off_SP;865;0;0;36;5;7;48
51_Z_off_SP;870;0;1;36;5;7;49
51_Z_off_SP;875;0;1;36;6;7;50
51_Z_off_SP;880;0;1;36;5;7;49
51_Z_off_SP;885;0;0;36;5;7;48
51_Z_off_SP;890;0;1;36;5;7;49
51_Z_off_SP;895;0;1;35;5;7;48
51_Z_off_SP;900;0;1;34;5;7;47
51_Z_off_SP;905;0;1;35;5;7;48
51_Z_off_SP;910;0;1;36;5;7;49
51_Z_off_SP;915;0;1;37;5;7;50
51_Z_off_SP;920;0;1;38;5;7;51
51_Z_off_SP;925;0;1;39;6;7;53
51_Z_off_SP;930;0;1;39;6;7;53
51_Z_off_SP;935;0;1;39;6;7;53
51_Z_off_SP;940;0;1;40;6;6;53
51_Z_off_SP;945;0;1;40;6;6;53
51_Z_off_SP;950;0;1;40;6;6;53
51_Z_off_SP;955;0;1;41;6;6;54
51_Z_off_SP;960;0;1;42;6;6;55
51_Z_off_SP;965;0;1;45;6;6;58
51_Z_off_SP;970;0;1;47;6;5;59
51_Z_off_SP;975;0;1;48;6;5;60
51_Z_off_SP;980;0;1;49;6;5;61
51_Z_off_SP;985;0;1;49;6;5;61
51_Z_off_SP;990;0;1;49;7;5;62
51_Z_off_SP;995;0;1;49;6;5;61
51_Z_off_SP;1000;0;1;49;6;5;61
51_Z_off_SP;1005;0;1;50;6;4;61
51_Z_off_SP;1010;0;1;50;6;4;61
51_Z_off_SP;1015;0;1;49;6;4;60
51_Z_off_SP;1020;0;1;50;6;4;61
51_Z_off_SP;1025;0;1;52;6;4;63
51_Z_off_SP;1030;0;1;53;5;4;63
51_Z_off_SP;1035;0;1;54;5;4;64
51_Z_off_SP;1040;0;1;54;5;4;64
51_Z_off_SP;1045;0;1;53;5;3;62
51_Z_off_SP;1050;0;1;53;5;3;62
51_Z_off_SP;1055;0;1;52;5;3;61
51_Z_off_SP;1060;0;1;52;4;3;60
51_Z_off_SP;1065;0;1;51;5;3;60
51_Z_off_SP;1070;0;1;49;4;3;57
51_Z_off_SP;1075;0;1;48;4;3;56
51_Z_off_SP;1080;0;1;47;4;4;56
51_Z_off_SP;1085;0;1;45;4;3;53
51_Z_off_SP;1090;0;1;45;4;3;53
51_Z_off_SP;1095;0;1;45;4;3;53
51_Z_off_SP;1100;0;1;44;3;3;51
51_Z_off_SP;1105;0;1;43;3;3;50
51_Z_off_SP;1110;0;1;42;3;3;49
51_Z_off_SP;1115;0;1;41;3;3;48
51_Z_off_SP;1120;0;1;40;3;3;47
51_Z_off_SP;1125;0;1;39;3;2;45
51_Z_off_SP;1130;0;1;37;3;2;43
51_Z_off_SP;1135;0;1;35;3;3;42
51_Z_off_SP;1140;0;1;34;3;3;41
51_Z_off_SP;1145;0;1;33;3;3;40
51_Z_off_SP;1150;0;0;33;3;2;38
51_Z_off_SP;1155;0;0;32;2;1;35
51_Z_off_SP;1160;0;0;30;2;1;33
51_Z_off_SP;1165;0;0;30;2;1;33
51_Z_off_SP;1170;0;0;29;2;1;32
51_Z_off_SP;1175;0;0;28;2;1;31
51_Z_off_SP;1180;0;0;26;2;1;29
51_Z_off_SP;1185;0;0;25;2;1;28
51_Z_off_SP;1190;0;0;24;2;1;27
51_Z_off_SP;1195;0;0;23;2;1;26
51_Z_off_SP;1200;0;0;23;2;1;26
51_Z_off_SP;1205;0;0;22;2;1;25
51_Z_off_SP;1210;0;0;22;2;1;25
51_Z_off_SP;1215;0;0;22;2;1;25
51_Z_off_SP;1220;0;0;22;2;1;25
51_Z_off_SP;1225;0;0;22;2;1;25
51_Z_off_SP;1230;0;0;20;2;1;23
51_Z_off_SP;1235;0;0;20;2;1;23
51_Z_off_SP;1240;0;0;20;2;0;22
51_Z_off_SP;1245;0;0;19;2;1;22
51_Z_off_SP;1250;0;0;19;2;1;22
51_Z_off_SP;1255;0;0;19;1;0;20
51_Z_off_SP;1260;0;0;19;1;0;20
51_Z_off_SP;1265;0;0;18;1;0;19
51_Z_off_SP;1270;0;0;19;1;0;20
51_Z_off_SP;1275;0;0;18;1;0;19
51_Z_off_SP;1280;0;0;19;1;0;20
51_Z_off_SP;1285;0;0;18;1;0;19
51_Z_off_SP;1290;0;0;18;1;0;19
51_Z_off_SP;1295;0;0;18;1;0;19
51_Z_off_SP;1300;0;0;17;1;1;19
51_Z_off_SP;1305;0;0;17;1;0;18
51_Z_off_SP;1310;0;0;16;1;0;17
51_Z_off_SP;1315;0;0;17;1;0;18
51_Z_off_SP;1320;0;0;17;1;0;18
51_Z_off_SP;1325;0;0;17;1;0;18
51_Z_off_SP;1330;0;0;17;1;0;18
51_Z_off_SP;1335;0;0;18;1;0;19
51_Z_off_SP;1340;0;0;18;1;0;19
51_Z_off_SP;1345;0;0;18;1;0;19
51_Z_off_SP;1350;0;0;17;1;0;18
51_Z_off_SP;1355;0;0;16;1;0;17
51_Z_off_SP;1360;0;0;15;1;0;16
51_Z_off_SP;1365;0;0;15;1;0;16
51_Z_off_SP;1370;0;0;14;1;0;15
51_Z_off_SP;1375;0;0;13;1;0;14
51_Z_off_SP;1380;0;0;13;1;0;14
51_Z_off_SP;1385;0;0;13;1;0;14
51_Z_off_SP;1390;0;0;14;1;0;15
51_Z_off_SP;1395;0;0;15;1;0;16
51_Z_off_SP;1400;0;0;15;1;0;16
51_Z_off_SP;1405;0;0;14;1;0;15
51_Z_off_SP;1410;0;0;11;1;0;12
51_Z_off_SP;1415;0;0;10;1;0;11
51_Z_off_SP;1420;0;0;9;1;0;10
51_Z_off_SP;1425;0;0;8;1;0;9
51_Z_off_SP;1430;0;0;7;1;0;8
51_Z_off_SP;1435;0;0;7;1;0;8
51_Z_on_SP;0;0;0;7;1;0;8
51_Z_on_SP;5;0;0;6;1;0;7
51_Z_on_SP;10;0;0;6;1;0;7
51_Z_on_SP;15;0;0;6;1;0;7
51_Z_on_SP;20;0;0;5;1;0;6
51_Z_on_SP;25;0;0;5;1;0;6
51_Z_on_SP;30;0;0;5;1;0;6
51_Z_on_SP;35;0;0;4;0;0;4
51_Z_on_SP;40;0;0;4;1;0;5
51_Z_on_SP;45;0;0;4;0;0;4
51_Z_on_SP;50;0;0;3;0;0;3
51_Z_on_SP;55;0;0;3;0;0;3
51_Z_on_SP;60;0;0;3;0;0;3
51_Z_on_SP;65;0;0;3;1;0;4
51_Z_on_SP;70;0;0;3;1;0;4
51_Z_on_SP;75;0;0;3;1;0;4
51_Z_on_SP;80;0;0;3;1;0;4
51_Z_on_SP;85;0;0;3;0;0;3
51_Z_on_SP;90;0;0;2;0;0;2
51_Z_on_SP;95;0;0;2;1;0;3
51_Z_on_SP;100;0;0;2;1;0;3
51_Z_on_SP;105;0;0;2;1;0;3
51_Z_on_SP;110;0;0;2;1;0;3
51_Z_on_SP;115;0;0;2;0;0;2
51_Z_on_SP;120;0;0;1;0;0;1
51_Z_on_SP;125;0;0;1;0;0;1
51_Z_on_SP;130;0;0;2;0;0;2
51_Z_on_SP;135;0;0;1;0;0;1
51_Z_on_SP;140;0;0;2;0;0;2
51_Z_on_SP;145;0;0;2;0;0;2
51_Z_on_SP;150;0;0;1;0;0;1
51_Z_on_SP;155;0;0;2;0;0;2
51_Z_on_SP;160;0;0;2;0;0;2
51_Z_on_SP;165;0;0;1;0;0;1
51_Z_on_SP;170;0;0;2;0;0;2
51_Z_on_SP;175;0;0;2;0;0;2
51_Z_on_SP;180;0;0;2;0;0;2
51_Z_on_SP;185;0;0;2;0;0;2
51_Z_on_SP;190;0;0;2;0;0;2
51_Z_on_SP;195;0;0;3;1;0;4
51_Z_on_SP;200;0;0;3;1;0;4
51_Z_on_SP;205;0;0;3;1;0;4
51_Z_on_SP;210;0;0;3;1;0;4
51_Z_on_SP;215;0;0;3;1;0;4
51_Z_on_SP;220;0;0;3;1;0;4
51_Z_on_SP;225;0;0;4;1;0;5
51_Z_on_SP;230;0;0;4;1;0;5
51_Z_on_SP;235;0;0;4;1;0;5
51_Z_on_SP;240;0;0;4;1;0;5
51_Z_on_SP;245;0;0;5;1;0;6
51_Z_on_SP;250;0;0;7;1;0;8
51_Z_on_SP;255;0;0;10;1;0;11
51_Z_on_SP;260;0;0;12;1;0;13
51_Z_on_SP;265;0;0;13;1;0;14
51_Z_on_SP;270;0;0;15;1;0;16
51_Z_on_SP;275;0;0;16;1;0;17
51_Z_on_SP;280;0;0;14;1;1;16
51_Z_on_SP;285;0;0;13;1;1;15
51_Z_on_SP;290;0;0;12;1;1;14
51_Z_on_SP;295;0;0;12;2;2;16
51_Z_on_SP;300;0;0;12;2;2;16
51_Z_on_SP;305;0;0;13;2;5;20
51_Z_on_SP;310;0;0;16;2;4;22
51_Z_on_SP;315;0;0;19;3;5;27
51_Z_on_SP;320;0;0;24;3;4;31
51_Z_on_SP;325;0;0;29;3;4;36
51_Z_on_SP;330;0;0;33;4;3;40
51_Z_on_SP;335;0;0;38;4;3;45
51_Z_on_SP;340;0;0;39;5;4;48
51_Z_on_SP;345;0;0;42;6;4;52
51_Z_on_SP;350;0;0;43;7;4;54
51_Z_on_SP;355;0;0;45;8;4;57
51_Z_on_SP;360;0;0;48;8;4;60
51_Z_on_SP;365;0;0;52;8;4;64
51_Z_on_SP;370;0;0;55;9;4;68
51_Z_on_SP;375;0;0;58;9;4;71
51_Z_on_SP;380;0;1;60;10;4;75
51_Z_on_SP;385;0;1;63;10;4;78
51_Z_on_SP;390;0;1;63;10;4;78
51_Z_on_SP;395;0;1;62;10;4;77
51_Z_on_SP;400;0;0;62;10;4;76
51_Z_on_SP;405;0;1;60;10;4;75
51_Z_on_SP;410;0;1;60;10;4;75
51_Z_on_SP;415;0;1;59;10;4;74
51_Z_on_SP;420;0;1;60;10;4;75
51_Z_on_SP;425;0;1;61;10;4;76
51_Z_on_SP;430;0;1;60;10;4;75
51_Z_on_SP;435;0;1;61;10;4;76
51_Z_on_SP;440;0;1;62;10;5;78
51_Z_on_SP;445;0;1;64;10;4;79
51_Z_on_SP;450;0;1;63;10;4;78
51_Z_on_SP;455;0;1;63;10;4;78
51_Z_on_SP;460;0;1;60;10;4;75
51_Z_on_SP;465;0;1;58;10;5;74
51_Z_on_SP;470;0;1;55;9;5;70
51_Z_on_SP;475;0;1;51;9;5;66
51_Z_on_SP;480;0;0;49;9;5;63
51_Z_on_SP;485;0;0;48;9;5;62
51_Z_on_SP;490;0;0;48;8;5;61
51_Z_on_SP;495;0;0;50;7;5;62
51_Z_on_SP;500;0;0;48;7;5;60
51_Z_on_SP;505;0;0;49;7;5;61
51_Z_on_SP;510;0;0;47;7;5;59
51_Z_on_SP;515;0;0;47;7;5;59
51_Z_on_SP;520;0;0;45;7;5;57
51_Z_on_SP;525;0;0;43;7;5;55
51_Z_on_SP;530;0;0;40;7;5;52
51_Z_on_SP;535;0;0;37;7;5;49
51_Z_on_SP;540;0;0;37;7;5;49
51_Z_on_SP;545;0;0;36;6;5;47
51_Z_on_SP;550;0;0;37;6;5;48
51_Z_on_SP;555;0;0;38;6;5;49
51_Z_on_SP;560;0;0;37;6;5;48
51_Z_on_SP;565;0;0;38;6;5;49
51_Z_on_SP;570;0;0;38;6;5;49
51_Z_on_SP;575;0;0;38;7;5;50
51_Z_on_SP;580;0;0;39;7;5;51
51_Z_on_SP;585;0;0;39;7;5;51
51_Z_on_SP;590;0;0;37;6;5;48
51_Z_on_SP;595;0;0;36;6;5;47
51_Z_on_SP;600;0;0;35;7;6;48
51_Z_on_SP;605;0;0;36;7;6;49
51_Z_on_SP;610;0;0;36;7;6;49
51_Z_on_SP;615;0;0;38;7;5;50
51_Z_on_SP;620;0;0;38;7;5;50
51_Z_on_SP;625;0;0;38;7;5;50
51_Z_on_SP;630;0;0;38;7;5;50
51_Z_on_SP;635;0;0;39;7;5;51
51_Z_on_SP;640;0;0;38;7;5;50
51_Z_on_SP;645;0;0;38;7;6;51
51_Z_on_SP;650;0;0;37;6;5;48
51_Z_on_SP;655;0;0;37;7;5;49
51_Z_on_SP;660;0;0;37;7;5;49
51_Z_on_SP;665;0;0;38;7;5;50
51_Z_on_SP;670;0;0;38;7;5;50
51_Z_on_SP;675;0;0;40;7;5;52
51_Z_on_SP;680;0;0;39;7;5;51
51_Z_on_SP;685;0;0;40;7;5;52
51_Z_on_SP;690;0;0;40;7;5;52
51_Z_on_SP;695;0;0;40;7;5;52
51_Z_on_SP;700;0;0;41;7;5;53
51_Z_on_SP;705;0;0;40;7;5;52
51_Z_on_SP;710;0;0;39;7;5;51
51_Z_on_SP;715;0;0;39;6;4;49
51_Z_on_SP;720;0;0;39;6;4;49
51_Z_on_SP;725;0;0;42;6;4;52
51_Z_on_SP;730;0;0;46;6;4;56
51_Z_on_SP;735;0;0;46;6;5;57
51_Z_on_SP;740;0;1;45;6;5;57
51_Z_on_SP;745;0;0;44;6;5;55
51_Z_on_SP;750;0;0;43;6;4;53
51_Z_on_SP;755;0;0;44;6;4;54
51_Z_on_SP;760;0;0;44;6;4;54
51_Z_on_SP;765;0;0;44;6;5;55
51_Z_on_SP;770;0;0;44;6;4;54
51_Z_on_SP;775;0;0;45;6;4;55
51_Z_on_SP;780;0;0;46;6;5;57
51_Z_on_SP;785;0;0;48;6;4;58
51_Z_on_SP;790;0;0;49;7;4;60
51_Z_on_SP;795;0;0;50;7;5;62
51_Z_on_SP;800;0;0;49;7;5;61
51_Z_on_SP;805;0;0;49;7;5;61
51_Z_on_SP;810;0;0;49;7;5;61
51_Z_on_SP;815;0;0;48;7;5;60
51_Z_on_SP;820;0;0;47;7;6;60
51_Z_on_SP;825;0;0;47;7;5;59
51_Z_on_SP;830;0;0;46;7;5;58
51_Z_on_SP;835;0;0;46;7;5;58
51_Z_on_SP;840;0;0;44;7;6;57
51_Z_on_SP;845;0;0;45;7;5;57
51_Z_on_SP;850;0;0;46;7;5;58
51_Z_on_SP;855;0;0;47;7;5;59
51_Z_on_SP;860;0;1;47;7;5;60
51_Z_on_SP;865;0;0;50;7;5;62
51_Z_on_SP;870;0;1;50;7;5;63
51_Z_on_SP;875;0;1;50;8;5;64
51_Z_on_SP;880;0;1;51;7;5;64
51_Z_on_SP;885;0;0;51;7;5;63
51_Z_on_SP;890;0;1;50;7;5;63
51_Z_on_SP;895;0;1;49;7;5;62
51_Z_on_SP;900;0;1;48;7;5;61
51_Z_on_SP;905;0;1;49;7;5;62
51_Z_on_SP;910;0;1;50;7;5;63
51_Z_on_SP;915;0;1;52;7;5;65
51_Z_on_SP;920;0;1;53;7;5;66
51_Z_on_SP;925;0;1;55;8;5;69
51_Z_on_SP;930;0;1;55;8;5;69
51_Z_on_SP;935;0;1;55;8;5;69
51_Z_on_SP;940;0;1;56;8;4;69
51_Z_on_SP;945;0;1;57;8;4;70
51_Z_on_SP;950;0;1;57;8;4;70
51_Z_on_SP;955;0;1;58;9;4;72
51_Z_on_SP;960;0;1;59;9;4;73
51_Z_on_SP;965;0;1;63;9;4;77
51_Z_on_SP;970;0;1;66;9;4;80
51_Z_on_SP;975;0;1;68;9;4;82
51_Z_on_SP;980;0;1;69;9;4;83
51_Z_on_SP;985;0;1;69;9;4;83
51_Z_on_SP;990;0;1;69;9;3;82
51_Z_on_SP;995;0;1;70;9;3;83
51_Z_on_SP;1000;0;1;70;9;3;83
51_Z_on_SP;1005;0;1;70;9;3;83
51_Z_on_SP;1010;0;1;71;9;3;84
51_Z_on_SP;1015;0;1;69;8;3;81
51_Z_on_SP;1020;0;1;71;8;3;83
51_Z_on_SP;1025;0;1;73;8;3;85
51_Z_on_SP;1030;0;1;74;7;3;85
51_Z_on_SP;1035;0;1;76;7;3;87
51_Z_on_SP;1040;0;1;76;7;3;87
51_Z_on_SP;1045;0;1;75;7;2;85
51_Z_on_SP;1050;0;1;74;7;2;84
51_Z_on_SP;1055;0;1;73;6;2;82
51_Z_on_SP;1060;0;1;73;6;2;82
51_Z_on_SP;1065;0;1;71;6;2;80
51_Z_on_SP;1070;0;1;70;6;2;79
51_Z_on_SP;1075;0;1;67;6;2;76
51_Z_on_SP;1080;0;1;65;6;3;75
51_Z_on_SP;1085;0;1;63;6;2;72
51_Z_on_SP;1090;0;1;64;5;2;72
51_Z_on_SP;1095;0;1;63;5;2;71
51_Z_on_SP;1100;0;1;61;5;2;69
51_Z_on_SP;1105;0;1;60;5;2;68
51_Z_on_SP;1110;0;1;59;5;2;67
51_Z_on_SP;1115;0;1;57;4;2;64
51_Z_on_SP;1120;0;1;56;4;2;63
51_Z_on_SP;1125;0;1;55;4;1;61
51_Z_on_SP;1130;0;1;52;4;1;58
51_Z_on_SP;1135;0;1;50;4;2;57
51_Z_on_SP;1140;0;1;47;4;2;54
51_Z_on_SP;1145;0;1;46;4;2;53
51_Z_on_SP;1150;0;0;46;4;1;51
51_Z_on_SP;1155;0;0;45;3;1;49
51_Z_on_SP;1160;0;0;42;3;1;46
51_Z_on_SP;1165;0;0;43;3;1;47
51_Z_on_SP;1170;0;0;40;3;1;44
51_Z_on_SP;1175;0;0;39;3;1;43
51_Z_on_SP;1180;0;0;37;3;1;41
51_Z_on_SP;1185;0;0;36;3;1;40
51_Z_on_SP;1190;0;0;34;3;1;38
51_Z_on_SP;1195;0;0;32;3;1;36
51_Z_on_SP;1200;0;0;32;3;1;36
51_Z_on_SP;1205;0;0;31;3;1;35
51_Z_on_SP;1210;0;0;31;3;1;35
51_Z_on_SP;1215;0;0;31;2;1;34
51_Z_on_SP;1220;0;0;31;3;1;35
51_Z_on_SP;1225;0;0;30;2;1;33
51_Z_on_SP;1230;0;0;28;3;1;32
51_Z_on_SP;1235;0;0;28;3;1;32
51_Z_on_SP;1240;0;0;28;2;0;30
51_Z_on_SP;1245;0;0;27;3;1;31
51_Z_on_SP;1250;0;0;27;2;1;30
51_Z_on_SP;1255;0;0;26;2;0;28
51_Z_on_SP;1260;0;0;26;2;0;28
51_Z_on_SP;1265;0;0;26;2;0;28
51_Z_on_SP;1270;0;0;26;2;0;28
51_Z_on_SP;1275;0;0;26;2;0;28
51_Z_on_SP;1280;0;0;26;2;0;28
51_Z_on_SP;1285;0;0;26;2;0;28
51_Z_on_SP;1290;0;0;26;1;0;27
51_Z_on_SP;1295;0;0;25;1;0;26
51_Z_on_SP;1300;0;0;24;1;1;26
51_Z_on_SP;1305;0;0;24;1;0;25
51_Z_on_SP;1310;0;0;23;1;0;24
51_Z_on_SP;1315;0;0;24;1;0;25
51_Z_on_SP;1320;0;0;24;1;0;25
51_Z_on_SP;1325;0;0;24;1;0;25
51_Z_on_SP;1330;0;0;24;1;0;25
51_Z_on_SP;1335;0;0;25;1;0;26
51_Z_on_SP;1340;0;0;26;1;0;27
51_Z_on_SP;1345;0;0;25;1;0;26
51_Z_on_SP;1350;0;0;24;1;0;25
51_Z_on_SP;1355;0;0;22;1;0;23
51_Z_on_SP;1360;0;0;21;1;0;22
51_Z_on_SP;1365;0;0;21;1;0;22
51_Z_on_SP;1370;0;0;19;1;0;20
51_Z_on_SP;1375;0;0;18;1;0;19
51_Z_on_SP;1380;0;0;18;1;0;19
51_Z_on_SP;1385;0;0;18;1;0;19
51_Z_on_SP;1390;0;0;20;1;0;21
51_Z_on_SP;1395;0;0;21;1;0;22
51_Z_on_SP;1400;0;0;21;1;0;22
51_Z_on_SP;1405;0;0;19;1;0;20
51_Z_on_SP;1410;0;0;16;1;0;17
51_Z_on_SP;1415;0;0;14;1;0;15
51_Z_on_SP;1420;0;0;12;1;0;13
51_Z_on_SP;1425;0;0;11;1;0;12
51_Z_on_SP;1430;0;0;10;1;0;11
51_Z_on_SP;1435;0;0;10;1;0;11
52_B_off_SP;0;0;0;4;1;0;5
52_B_off_SP;5;0;0;3;1;0;4
52_B_off_SP;10;0;0;3;1;0;4
52_B_off_SP;15;0;0;2;1;0;3
52_B_off_SP;20;0;0;3;0;0;3
52_B_off_SP;25;0;0;2;1;0;3
52_B_off_SP;30;0;0;3;0;0;3
52_B_off_SP;35;0;0;3;0;0;3
52_B_off_SP;40;0;0;2;0;0;2
52_B_off_SP;45;0;0;2;0;0;2
52_B_off_SP;50;0;0;2;0;0;2
52_B_off_SP;55;0;0;2;0;0;2
52_B_off_SP;60;0;0;2;0;0;2
52_B_off_SP;65;0;0;2;0;0;2
52_B_off_SP;70;0;0;2;0;0;2
52_B_off_SP;75;0;0;2;0;0;2
52_B_off_SP;80;0;0;2;0;0;2
52_B_off_SP;85;0;0;2;0;0;2
52_B_off_SP;90;0;0;2;0;0;2
52_B_off_SP;95;0;0;1;0;0;1
52_B_off_SP;100;0;0;1;0;0;1
52_B_off_SP;105;0;0;1;0;0;1
52_B_off_SP;110;0;0;1;0;0;1
52_B_off_SP;115;0;0;1;0;0;1
52_B_off_SP;120;0;0;1;0;0;1
52_B_off_SP;125;0;0;1;0;0;1
52_B_off_SP;130;0;0;1;0;0;1
52_B_off_SP;135;0;0;1;0;0;1
52_B_off_SP;140;0;0;1;0;0;1
52_B_off_SP;145;0;0;1;0;0;1
52_B_off_SP;150;0;0;1;0;0;1
52_B_off_SP;155;0;0;1;0;0;1
52_B_off_SP;160;0;0;1;0;0;1
52_B_off_SP;165;0;0;2;0;0;2
52_B_off_SP;170;0;0;1;0;0;1
52_B_off_SP;175;0;0;1;0;0;1
52_B_off_SP;180;0;0;1;0;0;1
52_B_off_SP;185;0;0;1;0;0;1
52_B_off_SP;190;0;0;1;0;0;1
52_B_off_SP;195;0;0;1;0;0;1
52_B_off_SP;200;0;0;2;0;0;2
52_B_off_SP;205;0;0;2;0;0;2
52_B_off_SP;210;0;0;2;0;0;2
52_B_off_SP;215;0;0;2;0;0;2
52_B_off_SP;220;0;0;2;0;0;2
52_B_off_SP;225;0;0;2;1;0;3
52_B_off_SP;230;0;0;2;0;0;2
52_B_off_SP;235;0;0;2;0;0;2
52_B_off_SP;240;0;0;2;1;0;3
52_B_off_SP;245;0;0;3;0;0;3
52_B_off_SP;250;0;0;3;0;0;3
52_B_off_SP;255;0;0;4;0;0;4
52_B_off_SP;260;0;0;6;1;0;7
52_B_off_SP;265;0;0;6;1;0;7
52_B_off_SP;270;0;0;7;0;0;7
52_B_off_SP;275;0;0;7;1;0;8
52_B_off_SP;280;0;0;8;1;1;10
52_B_off_SP;285;0;0;8;1;0;9
52_B_off_SP;290;0;0;7;1;0;8
52_B_off_SP;295;0;0;8;1;1;10
52_B_off_SP;300;0;0;8;2;1;11
52_B_off_SP;305;0;0;9;2;4;15
52_B_off_SP;310;0;0;12;2;3;17
52_B_off_SP;315;0;0;14;3;4;21
52_B_off_SP;320;0;1;18;4;4;27
52_B_off_SP;325;0;1;19;3;3;26
52_B_off_SP;330;0;1;21;2;2;26
52_B_off_SP;335;0;1;25;2;3;31
52_B_off_SP;340;0;1;26;3;3;33
52_B_off_SP;345;0;1;30;4;3;38
52_B_off_SP;350;0;1;28;4;3;36
52_B_off_SP;355;0;1;31;5;4;41
52_B_off_SP;360;0;1;33;6;3;43
52_B_off_SP;365;0;1;37;5;3;46
52_B_off_SP;370;0;1;40;6;3;50
52_B_off_SP;375;0;2;43;6;4;55
52_B_off_SP;380;0;1;48;6;3;58
52_B_off_SP;385;0;1;49;7;4;61
52_B_off_SP;390;0;1;50;8;5;64
52_B_off_SP;395;0;1;51;8;4;64
52_B_off_SP;400;0;2;54;8;5;69
52_B_off_SP;405;0;2;51;9;4;66
52_B_off_SP;410;0;2;49;8;4;63
52_B_off_SP;415;0;2;49;8;4;63
52_B_off_SP;420;0;2;47;7;4;60
52_B_off_SP;425;0;2;49;7;5;63
52_B_off_SP;430;0;1;50;7;4;62
52_B_off_SP;435;0;1;46;7;4;58
52_B_off_SP;440;0;1;47;7;4;59
52_B_off_SP;445;0;1;47;8;4;60
52_B_off_SP;450;0;1;49;6;5;61
52_B_off_SP;455;0;1;49;7;5;62
52_B_off_SP;460;0;1;47;7;5;60
52_B_off_SP;465;0;1;44;6;5;56
52_B_off_SP;470;0;1;39;5;4;49
52_B_off_SP;475;0;1;40;6;5;52
52_B_off_SP;480;0;1;36;6;5;48
52_B_off_SP;485;0;1;36;6;5;48
52_B_off_SP;490;0;1;34;5;4;44
52_B_off_SP;495;0;1;36;5;4;46
52_B_off_SP;500;0;1;33;6;4;44
52_B_off_SP;505;0;1;32;5;5;43
52_B_off_SP;510;0;1;31;5;5;42
52_B_off_SP;515;0;1;29;5;4;39
52_B_off_SP;520;0;1;27;4;4;36
52_B_off_SP;525;0;1;25;5;4;35
52_B_off_SP;530;0;0;23;3;4;30
52_B_off_SP;535;0;1;22;4;4;31
52_B_off_SP;540;0;0;21;4;4;29
52_B_off_SP;545;0;0;21;3;4;28
52_B_off_SP;550;0;0;22;4;4;30
52_B_off_SP;555;0;0;21;4;4;29
52_B_off_SP;560;0;0;21;3;4;28
52_B_off_SP;565;0;0;23;3;5;31
52_B_off_SP;570;0;1;21;3;4;29
52_B_off_SP;575;0;1;22;4;5;32
52_B_off_SP;580;0;1;23;4;4;32
52_B_off_SP;585;0;0;21;4;4;29
52_B_off_SP;590;0;0;20;3;4;27
52_B_off_SP;595;0;0;19;4;4;27
52_B_off_SP;600;0;0;21;4;3;28
52_B_off_SP;605;0;0;20;4;4;28
52_B_off_SP;610;0;0;19;3;4;26
52_B_off_SP;615;0;0;22;4;4;30
52_B_off_SP;620;0;1;21;4;5;31
52_B_off_SP;625;0;0;20;4;5;29
52_B_off_SP;630;0;0;21;4;5;30
52_B_off_SP;635;0;0;21;3;5;29
52_B_off_SP;640;0;0;21;5;4;30
52_B_off_SP;645;0;1;22;4;5;32
52_B_off_SP;650;0;0;23;3;5;31
52_B_off_SP;655;0;0;22;3;5;30
52_B_off_SP;660;0;1;23;3;5;32
52_B_off_SP;665;0;1;22;4;6;33
52_B_off_SP;670;0;1;21;4;5;31
52_B_off_SP;675;0;0;21;4;5;30
52_B_off_SP;680;0;1;22;4;4;31
52_B_off_SP;685;0;1;23;4;5;33
52_B_off_SP;690;0;1;25;3;4;33
52_B_off_SP;695;0;0;23;4;4;31
52_B_off_SP;700;0;1;23;3;4;31
52_B_off_SP;705;0;1;24;4;4;33
52_B_off_SP;710;0;0;23;4;3;30
52_B_off_SP;715;0;1;24;4;4;33
52_B_off_SP;720;0;1;25;4;3;33
52_B_off_SP;725;0;0;25;4;4;33
52_B_off_SP;730;0;1;26;4;3;34
52_B_off_SP;735;0;1;25;4;4;34
52_B_off_SP;740;0;1;25;4;3;33
52_B_off_SP;745;0;1;23;3;4;31
52_B_off_SP;750;0;0;23;4;4;31
52_B_off_SP;755;0;0;22;4;3;29
52_B_off_SP;760;0;1;24;3;4;32
52_B_off_SP;765;0;1;23;3;4;31
52_B_off_SP;770;0;1;23;3;4;31
52_B_off_SP;775;0;1;23;3;4;31
52_B_off_SP;780;0;1;24;4;4;33
52_B_off_SP;785;0;1;25;4;4;34
52_B_off_SP;790;0;1;27;5;4;37
52_B_off_SP;795;0;1;26;4;4;35
52_B_off_SP;800;0;1;25;5;4;35
52_B_off_SP;805;0;1;27;4;6;38
52_B_off_SP;810;0;1;29;4;4;38
52_B_off_SP;815;0;0;29;5;4;38
52_B_off_SP;820;0;0;27;4;5;36
52_B_off_SP;825;0;1;28;4;6;39
52_B_off_SP;830;0;1;24;4;5;34
52_B_off_SP;835;0;1;24;3;4;32
52_B_off_SP;840;0;0;23;4;5;32
52_B_off_SP;845;0;1;25;4;5;35
52_B_off_SP;850;0;1;28;4;4;37
52_B_off_SP;855;0;1;28;4;5;38
52_B_off_SP;860;0;1;31;5;5;42
52_B_off_SP;865;0;1;27;5;5;38
52_B_off_SP;870;0;1;29;4;4;38
52_B_off_SP;875;0;1;28;4;5;38
52_B_off_SP;880;0;1;29;4;5;39
52_B_off_SP;885;0;1;28;5;4;38
52_B_off_SP;890;0;1;27;4;4;36
52_B_off_SP;895;0;1;25;4;4;34
52_B_off_SP;900;0;1;28;4;5;38
52_B_off_SP;905;0;0;27;4;4;35
52_B_off_SP;910;0;1;30;4;5;40
52_B_off_SP;915;0;1;30;5;4;40
52_B_off_SP;920;0;1;30;5;4;40
52_B_off_SP;925;0;1;32;4;4;41
52_B_off_SP;930;0;1;34;5;4;44
52_B_off_SP;935;0;1;35;6;4;46
52_B_off_SP;940;0;1;35;5;4;45
52_B_off_SP;945;0;1;34;6;4;45
52_B_off_SP;950;0;1;36;5;3;45
52_B_off_SP;955;0;2;35;6;4;47
52_B_off_SP;960;0;1;35;5;4;45
52_B_off_SP;965;0;1;40;5;4;50
52_B_off_SP;970;0;1;41;7;4;53
52_B_off_SP;975;0;2;44;6;4;56
52_B_off_SP;980;0;2;42;5;4;53
52_B_off_SP;985;0;2;43;6;3;54
52_B_off_SP;990;0;1;43;6;4;54
52_B_off_SP;995;0;2;47;6;3;58
52_B_off_SP;1000;0;1;49;7;3;60
52_B_off_SP;1005;0;1;49;7;3;60
52_B_off_SP;1010;0;2;48;7;3;60
52_B_off_SP;1015;0;1;46;6;3;56
52_B_off_SP;1020;0;2;49;6;3;60
52_B_off_SP;1025;0;2;57;6;3;68
52_B_off_SP;1030;0;2;54;6;3;65
52_B_off_SP;1035;0;1;55;6;2;64
52_B_off_SP;1040;0;1;54;6;2;63
52_B_off_SP;1045;0;1;55;5;3;64
52_B_off_SP;1050;0;2;51;5;2;60
52_B_off_SP;1055;0;1;53;6;3;63
52_B_off_SP;1060;0;1;53;5;2;61
52_B_off_SP;1065;0;2;50;6;1;59
52_B_off_SP;1070;0;2;48;5;2;57
52_B_off_SP;1075;0;1;49;6;1;57
52_B_off_SP;1080;0;1;45;5;2;53
52_B_off_SP;1085;0;2;44;5;2;53
52_B_off_SP;1090;0;1;44;4;2;51
52_B_off_SP;1095;0;2;42;4;2;50
52_B_off_SP;1100;0;1;40;4;2;47
52_B_off_SP;1105;0;2;38;3;1;44
52_B_off_SP;1110;0;2;37;3;1;43
52_B_off_SP;1115;0;2;37;3;2;44
52_B_off_SP;1120;0;1;34;4;1;40
52_B_off_SP;1125;0;2;32;3;2;39
52_B_off_SP;1130;0;1;31;4;2;38
52_B_off_SP;1135;0;1;29;3;1;34
52_B_off_SP;1140;0;1;27;3;1;32
52_B_off_SP;1145;0;1;27;2;2;32
52_B_off_SP;1150;0;1;26;3;1;31
52_B_off_SP;1155;0;1;26;4;1;32
52_B_off_SP;1160;0;0;25;3;1;29
52_B_off_SP;1165;0;1;24;3;1;29
52_B_off_SP;1170;0;1;19;2;1;23
52_B_off_SP;1175;0;1;22;2;1;26
52_B_off_SP;1180;0;1;20;2;0;23
52_B_off_SP;1185;0;1;20;2;1;24
52_B_off_SP;1190;0;1;19;2;0;22
52_B_off_SP;1195;0;0;18;2;1;21
52_B_off_SP;1200;0;1;17;2;1;21
52_B_off_SP;1205;0;1;17;2;1;21
52_B_off_SP;1210;0;0;18;2;0;20
52_B_off_SP;1215;0;1;18;2;1;22
52_B_off_SP;1220;0;1;19;2;1;23
52_B_off_SP;1225;0;1;17;1;0;19
52_B_off_SP;1230;0;1;17;2;0;20
52_B_off_SP;1235;0;1;15;2;0;18
52_B_off_SP;1240;0;1;16;2;1;20
52_B_off_SP;1245;0;0;16;2;1;19
52_B_off_SP;1250;0;1;15;2;0;18
52_B_off_SP;1255;0;1;14;2;1;18
52_B_off_SP;1260;0;1;13;1;0;15
52_B_off_SP;1265;0;1;14;2;1;18
52_B_off_SP;1270;0;0;14;2;0;16
52_B_off_SP;1275;0;1;13;2;0;16
52_B_off_SP;1280;0;1;13;2;0;16
52_B_off_SP;1285;0;0;17;2;1;20
52_B_off_SP;1290;0;1;15;2;0;18
52_B_off_SP;1295;0;0;14;1;0;15
52_B_off_SP;1300;0;1;15;1;0;17
52_B_off_SP;1305;0;0;14;1;0;15
52_B_off_SP;1310;0;0;13;1;0;14
52_B_off_SP;1315;0;0;12;2;0;14
52_B_off_SP;1320;0;0;13;1;0;14
52_B_off_SP;1325;0;0;13;1;0;14
52_B_off_SP;1330;0;1;14;1;1;17
52_B_off_SP;1335;0;1;13;1;0;15
52_B_off_SP;1340;0;1;12;1;0;14
52_B_off_SP;1345;0;0;13;2;0;15
52_B_off_SP;1350;0;1;13;2;0;16
52_B_off_SP;1355;0;0;11;1;0;12
52_B_off_SP;1360;0;0;11;1;0;12
52_B_off_SP;1365;0;0;10;1;0;11
52_B_off_SP;1370;0;0;10;1;0;11
52_B_off_SP;1375;0;0;8;1;0;9
52_B_off_SP;1380;0;0;9;1;0;10
52_B_off_SP;1385;0;0;7;1;0;8
52_B_off_SP;1390;0;0;10;1;0;11
52_B_off_SP;1395;0;0;8;1;0;9
52_B_off_SP;1400;0;0;7;0;0;7
52_B_off_SP;1405;0;0;6;1;0;7
52_B_off_SP;1410;0;0;6;1;0;7
52_B_off_SP;1415;0;0;6;0;0;6
52_B_off_SP;1420;0;0;6;0;0;6
52_B_off_SP;1425;0;0;6;1;0;7
52_B_off_SP;1430;0;0;6;0;0;6
52_B_off_SP;1435;0;0;6;0;0;6
52_B_on_SP;0;0;0;4;1;0;5
52_B_on_SP;5;0;0;3;1;0;4
52_B_on_SP;10;0;0;3;1;0;4
52_B_on_SP;15;0;0;2;1;0;3
52_B_on_SP;20;0;0;3;0;0;3
52_B_on_SP;25;0;0;2;1;0;3
52_B_on_SP;30;0;0;3;0;0;3
52_B_on_SP;35;0;0;3;0;0;3
52_B_on_SP;40;0;0;2;0;0;2
52_B_on_SP;45;0;0;2;0;0;2
52_B_on_SP;50;0;0;2;0;0;2
52_B_on_SP;55;0;0;1;0;1;2
52_B_on_SP;60;0;0;1;0;0;1
52_B_on_SP;65;0;0;1;0;0;1
52_B_on_SP;70;0;0;2;0;0;2
52_B_on_SP;75;0;0;1;0;0;1
52_B_on_SP;80;0;0;1;0;0;1
52_B_on_SP;85;0;0;1;0;0;1
52_B_on_SP;90;0;0;1;0;0;1
52_B_on_SP;95;0;0;1;0;0;1
52_B_on_SP;100;0;0;1;0;0;1
52_B_on_SP;105;0;0;1;0;1;2
52_B_on_SP;110;0;0;1;0;0;1
52_B_on_SP;115;0;0;1;0;0;1
52_B_on_SP;120;0;0;1;0;0;1
52_B_on_SP;125;0;0;1;0;0;1
52_B_on_SP;130;0;0;1;0;0;1
52_B_on_SP;135;0;0;1;0;0;1
52_B_on_SP;140;0;0;1;0;0;1
52_B_on_SP;145;0;0;1;0;0;1
52_B_on_SP;150;0;0;1;0;0;1
52_B_on_SP;155;0;0;1;0;0;1
52_B_on_SP;160;0;0;1;0;0;1
52_B_on_SP;165;0;0;1;0;0;1
52_B_on_SP;170;0;0;1;0;0;1
52_B_on_SP;175;0;0;1;0;0;1
52_B_on_SP;180;0;0;1;0;0;1
52_B_on_SP;185;0;0;1;0;0;1
52_B_on_SP;190;0;0;1;0;0;1
52_B_on_SP;195;0;0;1;0;0;1
52_B_on_SP;200;0;0;1;0;0;1
52_B_on_SP;205;0;0;1;0;0;1
52_B_on_SP;210;0;0;2;0;0;2
52_B_on_SP;215;0;0;1;0;0;1
52_B_on_SP;220;0;0;1;0;0;1
52_B_on_SP;225;0;0;1;1;0;2
52_B_on_SP;230;0;0;2;0;0;2
52_B_on_SP;235;0;0;2;0;0;2
52_B_on_SP;240;0;0;2;1;0;3
52_B_on_SP;245;0;0;3;0;0;3
52_B_on_SP;250;0;0;3;0;0;3
52_B_on_SP;255;0;0;3;0;0;3
52_B_on_SP;260;0;0;6;1;1;8
52_B_on_SP;265;0;0;5;1;0;6
52_B_on_SP;270;0;0;6;0;1;7
52_B_on_SP;275;0;0;7;1;1;9
52_B_on_SP;280;0;0;8;1;2;11
52_B_on_SP;285;0;0;7;1;1;9
52_B_on_SP;290;0;0;6;1;0;7
52_B_on_SP;295;0;0;7;1;1;9
52_B_on_SP;300;0;0;7;2;3;12
52_B_on_SP;305;0;0;8;1;8;17
52_B_on_SP;310;0;0;11;2;7;20
52_B_on_SP;315;0;0;13;3;9;25
52_B_on_SP;320;0;1;16;3;9;29
52_B_on_SP;325;0;1;17;3;7;28
52_B_on_SP;330;0;1;19;2;5;27
52_B_on_SP;335;0;1;23;2;7;33
52_B_on_SP;340;0;1;23;3;7;34
52_B_on_SP;345;0;1;27;4;7;39
52_B_on_SP;350;0;1;25;4;7;37
52_B_on_SP;355;0;1;28;4;8;41
52_B_on_SP;360;0;1;30;5;6;42
52_B_on_SP;365;0;1;34;4;7;46
52_B_on_SP;370;0;1;36;5;7;49
52_B_on_SP;375;0;1;38;5;8;52
52_B_on_SP;380;0;1;43;6;6;56
52_B_on_SP;385;0;1;44;7;9;61
52_B_on_SP;390;0;1;45;8;11;65
52_B_on_SP;395;0;1;46;7;10;64
52_B_on_SP;400;0;1;49;8;11;69
52_B_on_SP;405;0;1;46;8;10;65
52_B_on_SP;410;0;2;45;7;8;62
52_B_on_SP;415;0;1;45;8;10;64
52_B_on_SP;420;0;1;43;7;9;60
52_B_on_SP;425;0;2;44;6;11;63
52_B_on_SP;430;0;1;45;7;10;63
52_B_on_SP;435;0;1;41;6;9;57
52_B_on_SP;440;0;1;43;6;9;59
52_B_on_SP;445;0;1;42;7;10;60
52_B_on_SP;450;0;1;44;6;11;62
52_B_on_SP;455;0;1;44;7;11;63
52_B_on_SP;460;0;1;43;6;11;61
52_B_on_SP;465;0;1;40;6;11;58
52_B_on_SP;470;0;1;35;4;10;50
52_B_on_SP;475;0;1;36;5;11;53
52_B_on_SP;480;0;1;32;5;11;49
52_B_on_SP;485;0;1;32;5;11;49
52_B_on_SP;490;0;1;31;5;8;45
52_B_on_SP;495;0;1;32;5;9;47
52_B_on_SP;500;0;1;30;5;9;45
52_B_on_SP;505;0;1;29;4;12;46
52_B_on_SP;510;0;1;28;4;11;44
52_B_on_SP;515;0;1;26;4;9;40
52_B_on_SP;520;0;1;24;4;9;38
52_B_on_SP;525;0;1;23;4;9;37
52_B_on_SP;530;0;0;20;3;10;33
52_B_on_SP;535;0;1;20;3;10;34
52_B_on_SP;540;0;0;19;3;10;32
52_B_on_SP;545;0;0;19;3;9;31
52_B_on_SP;550;0;0;20;3;10;33
52_B_on_SP;555;0;0;19;3;9;31
52_B_on_SP;560;0;0;19;3;8;30
52_B_on_SP;565;0;0;21;3;11;35
52_B_on_SP;570;0;1;19;3;10;33
52_B_on_SP;575;0;1;20;4;11;36
52_B_on_SP;580;0;1;21;4;9;35
52_B_on_SP;585;0;0;19;3;9;31
52_B_on_SP;590;0;0;18;3;9;30
52_B_on_SP;595;0;0;18;3;9;30
52_B_on_SP;600;0;0;19;4;7;30
52_B_on_SP;605;0;0;18;4;9;31
52_B_on_SP;610;0;0;17;3;10;30
52_B_on_SP;615;0;0;20;4;9;33
52_B_on_SP;620;0;1;19;3;11;34
52_B_on_SP;625;0;0;18;4;11;33
52_B_on_SP;630;0;0;19;4;11;34
52_B_on_SP;635;0;0;19;3;12;34
52_B_on_SP;640;0;0;19;4;10;33
52_B_on_SP;645;0;1;20;4;11;36
52_B_on_SP;650;0;0;21;3;11;35
52_B_on_SP;655;0;0;20;3;11;34
52_B_on_SP;660;0;1;20;3;11;35
52_B_on_SP;665;0;1;20;4;12;37
52_B_on_SP;670;0;1;19;4;11;35
52_B_on_SP;675;0;0;19;4;12;35
52_B_on_SP;680;0;1;20;4;9;34
52_B_on_SP;685;0;1;21;4;11;37
52_B_on_SP;690;0;1;23;3;9;36
52_B_on_SP;695;0;0;21;4;9;34
52_B_on_SP;700;0;1;21;3;10;35
52_B_on_SP;705;0;1;22;4;9;36
52_B_on_SP;710;0;0;21;4;7;32
52_B_on_SP;715;0;1;21;3;9;34
52_B_on_SP;720;0;1;23;3;7;34
52_B_on_SP;725;0;0;23;3;8;34
52_B_on_SP;730;0;1;23;3;7;34
52_B_on_SP;735;0;1;22;4;8;35
52_B_on_SP;740;0;1;23;3;7;34
52_B_on_SP;745;0;1;21;3;9;34
52_B_on_SP;750;0;0;21;3;8;32
52_B_on_SP;755;0;0;20;4;7;31
52_B_on_SP;760;0;1;21;3;8;33
52_B_on_SP;765;0;1;21;3;9;34
52_B_on_SP;770;0;1;21;3;9;34
52_B_on_SP;775;0;1;21;3;9;34
52_B_on_SP;780;0;1;21;4;8;34
52_B_on_SP;785;0;1;23;4;9;37
52_B_on_SP;790;0;1;24;4;8;37
52_B_on_SP;795;0;1;23;3;9;36
52_B_on_SP;800;0;1;23;4;9;37
52_B_on_SP;805;0;1;24;4;12;41
52_B_on_SP;810;0;1;26;4;9;40
52_B_on_SP;815;0;0;26;4;9;39
52_B_on_SP;820;0;0;24;4;12;40
52_B_on_SP;825;0;1;25;4;12;42
52_B_on_SP;830;0;1;22;4;11;38
52_B_on_SP;835;0;1;22;3;10;36
52_B_on_SP;840;0;0;21;3;11;35
52_B_on_SP;845;0;1;23;4;11;39
52_B_on_SP;850;0;1;25;4;10;40
52_B_on_SP;855;0;1;25;3;11;40
52_B_on_SP;860;0;1;28;4;11;44
52_B_on_SP;865;0;1;25;4;11;41
52_B_on_SP;870;0;1;26;4;10;41
52_B_on_SP;875;0;1;25;4;12;42
52_B_on_SP;880;0;1;26;4;11;42
52_B_on_SP;885;0;1;25;4;9;39
52_B_on_SP;890;0;1;24;3;9;37
52_B_on_SP;895;0;1;23;4;9;37
52_B_on_SP;900;0;1;25;4;11;41
52_B_on_SP;905;0;0;24;3;8;35
52_B_on_SP;910;0;1;27;4;11;43
52_B_on_SP;915;0;1;27;4;9;41
52_B_on_SP;920;0;1;27;4;9;41
52_B_on_SP;925;0;1;28;4;8;41
52_B_on_SP;930;0;1;30;5;9;45
52_B_on_SP;935;0;1;31;5;9;46
52_B_on_SP;940;0;1;31;4;9;45
52_B_on_SP;945;0;1;31;5;9;46
52_B_on_SP;950;0;1;32;5;7;45
52_B_on_SP;955;0;2;31;5;8;46
52_B_on_SP;960;0;1;31;5;10;47
52_B_on_SP;965;0;1;36;4;8;49
52_B_on_SP;970;0;1;37;6;8;52
52_B_on_SP;975;0;1;40;6;8;55
52_B_on_SP;980;0;1;38;4;9;52
52_B_on_SP;985;0;1;38;6;7;52
52_B_on_SP;990;0;1;38;5;8;52
52_B_on_SP;995;0;2;43;6;6;57
52_B_on_SP;1000;0;1;44;6;7;58
52_B_on_SP;1005;0;1;44;6;6;57
52_B_on_SP;1010;0;1;43;6;6;56
52_B_on_SP;1015;0;1;41;5;6;53
52_B_on_SP;1020;0;1;44;6;6;57
52_B_on_SP;1025;0;2;51;6;7;66
52_B_on_SP;1030;0;2;49;5;6;62
52_B_on_SP;1035;0;1;50;5;4;60
52_B_on_SP;1040;0;1;49;5;4;59
52_B_on_SP;1045;0;1;49;5;6;61
52_B_on_SP;1050;0;2;46;5;4;57
52_B_on_SP;1055;0;1;48;5;6;60
52_B_on_SP;1060;0;1;48;4;5;58
52_B_on_SP;1065;0;1;45;5;3;54
52_B_on_SP;1070;0;1;43;4;4;52
52_B_on_SP;1075;0;1;44;6;3;54
52_B_on_SP;1080;0;1;40;5;4;50
52_B_on_SP;1085;0;2;40;4;5;51
52_B_on_SP;1090;0;1;40;4;4;49
52_B_on_SP;1095;0;2;38;4;4;48
52_B_on_SP;1100;0;1;37;3;4;45
52_B_on_SP;1105;0;2;34;3;2;41
52_B_on_SP;1110;0;1;33;3;2;39
52_B_on_SP;1115;0;2;33;3;4;42
52_B_on_SP;1120;0;1;30;3;2;36
52_B_on_SP;1125;0;1;29;3;4;37
52_B_on_SP;1130;0;1;28;3;4;36
52_B_on_SP;1135;0;1;26;3;2;32
52_B_on_SP;1140;0;1;25;3;2;31
52_B_on_SP;1145;0;1;25;2;5;33
52_B_on_SP;1150;0;1;24;3;2;30
52_B_on_SP;1155;0;1;24;3;3;31
52_B_on_SP;1160;0;0;23;3;2;28
52_B_on_SP;1165;0;1;21;3;1;26
52_B_on_SP;1170;0;1;17;2;1;21
52_B_on_SP;1175;0;1;20;2;2;25
52_B_on_SP;1180;0;1;18;2;1;22
52_B_on_SP;1185;0;1;18;2;1;22
52_B_on_SP;1190;0;1;17;2;1;21
52_B_on_SP;1195;0;0;16;2;1;19
52_B_on_SP;1200;0;1;15;2;2;20
52_B_on_SP;1205;0;1;15;2;2;20
52_B_on_SP;1210;0;0;16;1;1;18
52_B_on_SP;1215;0;1;16;2;1;20
52_B_on_SP;1220;0;1;17;1;1;20
52_B_on_SP;1225;0;1;16;1;1;19
52_B_on_SP;1230;0;1;15;2;1;19
52_B_on_SP;1235;0;1;14;2;1;18
52_B_on_SP;1240;0;1;14;2;1;18
52_B_on_SP;1245;0;0;14;1;1;16
52_B_on_SP;1250;0;1;13;1;1;16
52_B_on_SP;1255;0;1;13;1;1;16
52_B_on_SP;1260;0;1;12;1;0;14
52_B_on_SP;1265;0;1;12;1;1;15
52_B_on_SP;1270;0;0;12;2;0;14
52_B_on_SP;1275;0;1;12;2;0;15
52_B_on_SP;1280;0;1;11;1;0;13
52_B_on_SP;1285;0;0;15;1;1;17
52_B_on_SP;1290;0;1;13;1;1;16
52_B_on_SP;1295;0;0;13;1;1;15
52_B_on_SP;1300;0;1;13;1;0;15
52_B_on_SP;1305;0;0;13;1;0;14
52_B_on_SP;1310;0;0;12;1;1;14
52_B_on_SP;1315;0;0;11;2;0;13
52_B_on_SP;1320;0;0;12;1;0;13
52_B_on_SP;1325;0;0;12;1;1;14
52_B_on_SP;1330;0;1;12;1;1;15
52_B_on_SP;1335;0;1;12;1;0;14
52_B_on_SP;1340;0;1;11;1;0;13
52_B_on_SP;1345;0;0;12;2;0;14
52_B_on_SP;1350;0;1;12;1;0;14
52_B_on_SP;1355;0;0;10;1;0;11
52_B_on_SP;1360;0;0;9;1;1;11
52_B_on_SP;1365;0;0;9;1;1;11
52_B_on_SP;1370;0;0;9;1;0;10
52_B_on_SP;1375;0;0;8;1;0;9
52_B_on_SP;1380;0;0;8;1;0;9
52_B_on_SP;1385;0;0;6;1;0;7
52_B_on_SP;1390;0;0;9;1;0;10
52_B_on_SP;1395;0;0;7;1;0;8
52_B_on_SP;1400;0;0;6;0;1;7
52_B_on_SP;1405;0;0;6;1;0;7
52_B_on_SP;1410;0;0;6;1;0;7
52_B_on_SP;1415;0;0;6;0;0;6
52_B_on_SP;1420;0;0;5;0;0;5
52_B_on_SP;1425;0;0;6;1;0;7
52_B_on_SP;1430;0;0;5;0;0;5
52_B_on_SP;1435;0;0;5;0;0;5
52_Z_off_SP;0;0;0;4;1;0;5
52_Z_off_SP;5;0;0;3;1;0;4
52_Z_off_SP;10;0;0;4;1;0;5
52_Z_off_SP;15;0;0;3;1;0;4
52_Z_off_SP;20;0;0;3;0;0;3
52_Z_off_SP;25;0;0;2;1;0;3
52_Z_off_SP;30;0;0;3;0;0;3
52_Z_off_SP;35;0;0;3;0;0;3
52_Z_off_SP;40;0;0;2;0;0;2
52_Z_off_SP;45;0;0;2;0;0;2
52_Z_off_SP;50;0;0;2;0;0;2
52_Z_off_SP;55;0;0;2;0;1;3
52_Z_off_SP;60;0;0;2;0;0;2
52_Z_off_SP;65;0;0;2;0;0;2
52_Z_off_SP;70;0;0;2;0;0;2
52_Z_off_SP;75;0;0;2;0;0;2
52_Z_off_SP;80;0;0;2;0;0;2
52_Z_off_SP;85;0;0;2;0;0;2
52_Z_off_SP;90;0;0;2;0;0;2
52_Z_off_SP;95;0;0;1;0;0;1
52_Z_off_SP;100;0;0;1;0;0;1
52_Z_off_SP;105;0;0;1;0;1;2
52_Z_off_SP;110;0;0;1;0;0;1
52_Z_off_SP;115;0;0;1;0;0;1
52_Z_off_SP;120;0;0;1;0;0;1
52_Z_off_SP;125;0;0;1;0;0;1
52_Z_off_SP;130;0;0;1;0;0;1
52_Z_off_SP;135;0;0;1;0;0;1
52_Z_off_SP;140;0;0;1;0;0;1
52_Z_off_SP;145;0;0;1;0;0;1
52_Z_off_SP;150;0;0;1;0;0;1
52_Z_off_SP;155;0;0;1;0;0;1
52_Z_off_SP;160;0;0;1;0;0;1
52_Z_off_SP;165;0;0;2;0;0;2
52_Z_off_SP;170;0;0;1;0;0;1
52_Z_off_SP;175;0;0;1;0;0;1
52_Z_off_SP;180;0;0;1;0;0;1
52_Z_off_SP;185;0;0;1;0;0;1
52_Z_off_SP;190;0;0;1;0;0;1
52_Z_off_SP;195;0;0;1;0;0;1
52_Z_off_SP;200;0;0;2;0;0;2
52_Z_off_SP;205;0;0;2;0;0;2
52_Z_off_SP;210;0;0;2;0;0;2
52_Z_off_SP;215;0;0;2;0;0;2
52_Z_off_SP;220;0;0;2;0;0;2
52_Z_off_SP;225;0;0;2;1;0;3
52_Z_off_SP;230;0;0;2;0;0;2
52_Z_off_SP;235;0;0;2;0;0;2
52_Z_off_SP;240;0;0;3;1;0;4
52_Z_off_SP;245;0;0;3;0;0;3
52_Z_off_SP;250;0;0;3;0;0;3
52_Z_off_SP;255;0;0;4;0;0;4
52_Z_off_SP;260;0;0;7;1;1;9
52_Z_off_SP;265;0;0;6;1;0;7
52_Z_off_SP;270;0;0;7;0;1;8
52_Z_off_SP;275;0;0;8;1;1;10
52_Z_off_SP;280;0;0;9;1;3;13
52_Z_off_SP;285;0;0;8;1;1;10
52_Z_off_SP;290;0;0;7;1;0;8
52_Z_off_SP;295;0;0;8;1;1;10
52_Z_off_SP;300;0;0;8;2;3;13
52_Z_off_SP;305;0;0;9;2;8;19
52_Z_off_SP;310;0;0;13;2;7;22
52_Z_off_SP;315;0;0;15;3;9;27
52_Z_off_SP;320;0;1;19;4;9;33
52_Z_off_SP;325;0;1;20;4;7;32
52_Z_off_SP;330;0;1;22;2;5;30
52_Z_off_SP;335;0;1;27;3;8;39
52_Z_off_SP;340;0;1;27;4;7;39
52_Z_off_SP;345;0;1;31;4;7;43
52_Z_off_SP;350;0;1;29;5;8;43
52_Z_off_SP;355;0;1;32;5;8;46
52_Z_off_SP;360;0;1;35;6;6;48
52_Z_off_SP;365;0;1;39;5;8;53
52_Z_off_SP;370;0;1;42;6;7;56
52_Z_off_SP;375;0;2;45;6;8;61
52_Z_off_SP;380;0;1;50;7;6;64
52_Z_off_SP;385;0;1;51;8;9;69
52_Z_off_SP;390;0;1;52;9;11;73
52_Z_off_SP;395;0;1;54;8;10;73
52_Z_off_SP;400;0;2;57;9;11;79
52_Z_off_SP;405;0;2;53;9;10;74
52_Z_off_SP;410;0;2;52;8;8;70
52_Z_off_SP;415;0;2;52;9;10;73
52_Z_off_SP;420;0;2;50;8;9;69
52_Z_off_SP;425;0;2;51;7;11;71
52_Z_off_SP;430;0;1;52;8;10;71
52_Z_off_SP;435;0;1;48;7;9;65
52_Z_off_SP;440;0;1;50;7;9;67
52_Z_off_SP;445;0;1;50;8;10;69
52_Z_off_SP;450;0;1;51;7;11;70
52_Z_off_SP;455;0;1;51;8;11;71
52_Z_off_SP;460;0;1;50;7;11;69
52_Z_off_SP;465;0;1;46;7;11;65
52_Z_off_SP;470;0;1;41;5;10;57
52_Z_off_SP;475;0;1;42;6;11;60
52_Z_off_SP;480;0;1;38;6;11;56
52_Z_off_SP;485;0;1;38;6;11;56
52_Z_off_SP;490;0;1;36;6;8;51
52_Z_off_SP;495;0;1;37;6;9;53
52_Z_off_SP;500;0;1;35;6;9;51
52_Z_off_SP;505;0;1;34;5;12;52
52_Z_off_SP;510;0;1;32;5;11;49
52_Z_off_SP;515;0;1;31;5;9;46
52_Z_off_SP;520;0;1;28;5;9;43
52_Z_off_SP;525;0;1;26;5;9;41
52_Z_off_SP;530;0;0;24;4;10;38
52_Z_off_SP;535;0;1;23;4;10;38
52_Z_off_SP;540;0;0;22;4;10;36
52_Z_off_SP;545;0;0;22;4;9;35
52_Z_off_SP;550;0;0;23;4;10;37
52_Z_off_SP;555;0;0;22;4;9;35
52_Z_off_SP;560;0;0;22;4;8;34
52_Z_off_SP;565;0;0;24;4;11;39
52_Z_off_SP;570;0;1;22;3;10;36
52_Z_off_SP;575;0;1;23;4;11;39
52_Z_off_SP;580;0;1;24;4;9;38
52_Z_off_SP;585;0;0;22;4;9;35
52_Z_off_SP;590;0;0;21;3;9;33
52_Z_off_SP;595;0;0;21;4;9;34
52_Z_off_SP;600;0;0;22;4;8;34
52_Z_off_SP;605;0;0;21;4;9;34
52_Z_off_SP;610;0;0;20;3;10;33
52_Z_off_SP;615;0;0;23;4;9;36
52_Z_off_SP;620;0;1;22;4;11;38
52_Z_off_SP;625;0;0;21;4;11;36
52_Z_off_SP;630;0;0;22;5;11;38
52_Z_off_SP;635;0;0;22;4;12;38
52_Z_off_SP;640;0;0;22;5;10;37
52_Z_off_SP;645;0;1;23;5;11;40
52_Z_off_SP;650;0;0;24;3;11;38
52_Z_off_SP;655;0;0;23;4;11;38
52_Z_off_SP;660;0;1;24;3;11;39
52_Z_off_SP;665;0;1;23;4;13;41
52_Z_off_SP;670;0;1;22;4;11;38
52_Z_off_SP;675;0;0;22;4;12;38
52_Z_off_SP;680;0;1;23;5;9;38
52_Z_off_SP;685;0;1;24;4;11;40
52_Z_off_SP;690;0;1;26;4;9;40
52_Z_off_SP;695;0;0;25;4;9;38
52_Z_off_SP;700;0;1;25;4;10;40
52_Z_off_SP;705;0;1;26;4;9;40
52_Z_off_SP;710;0;0;25;5;8;38
52_Z_off_SP;715;0;1;25;4;9;39
52_Z_off_SP;720;0;1;27;4;8;40
52_Z_off_SP;725;0;0;27;4;8;39
52_Z_off_SP;730;0;1;27;4;8;40
52_Z_off_SP;735;0;1;26;4;8;39
52_Z_off_SP;740;0;1;27;4;8;40
52_Z_off_SP;745;0;1;24;3;9;37
52_Z_off_SP;750;0;0;24;4;8;36
52_Z_off_SP;755;0;0;23;4;8;35
52_Z_off_SP;760;0;1;25;3;8;37
52_Z_off_SP;765;0;1;25;3;9;38
52_Z_off_SP;770;0;1;24;4;9;38
52_Z_off_SP;775;0;1;24;3;9;37
52_Z_off_SP;780;0;1;25;4;8;38
52_Z_off_SP;785;0;1;27;5;9;42
52_Z_off_SP;790;0;1;28;5;8;42
52_Z_off_SP;795;0;1;27;4;9;41
52_Z_off_SP;800;0;1;27;5;9;42
52_Z_off_SP;805;0;1;28;5;13;47
52_Z_off_SP;810;0;1;30;5;9;45
52_Z_off_SP;815;0;0;31;5;9;45
52_Z_off_SP;820;0;0;28;5;12;45
52_Z_off_SP;825;0;1;29;5;13;48
52_Z_off_SP;830;0;1;26;5;11;43
52_Z_off_SP;835;0;1;26;4;10;41
52_Z_off_SP;840;0;0;25;4;11;40
52_Z_off_SP;845;0;1;27;4;11;43
52_Z_off_SP;850;0;1;29;5;10;45
52_Z_off_SP;855;0;1;29;4;11;45
52_Z_off_SP;860;0;1;32;5;11;49
52_Z_off_SP;865;0;1;29;5;11;46
52_Z_off_SP;870;0;1;30;5;10;46
52_Z_off_SP;875;0;1;29;4;12;46
52_Z_off_SP;880;0;1;31;4;11;47
52_Z_off_SP;885;0;1;29;5;9;44
52_Z_off_SP;890;0;1;28;4;9;42
52_Z_off_SP;895;0;1;27;5;9;42
52_Z_off_SP;900;0;1;30;5;11;47
52_Z_off_SP;905;0;0;28;4;8;40
52_Z_off_SP;910;0;1;32;5;11;49
52_Z_off_SP;915;0;1;32;5;9;47
52_Z_off_SP;920;0;1;31;5;9;46
52_Z_off_SP;925;0;1;33;5;8;47
52_Z_off_SP;930;0;1;35;6;9;51
52_Z_off_SP;935;0;1;37;6;9;53
52_Z_off_SP;940;0;1;36;5;9;51
52_Z_off_SP;945;0;1;36;6;9;52
52_Z_off_SP;950;0;1;37;6;8;52
52_Z_off_SP;955;0;2;37;6;8;53
52_Z_off_SP;960;0;1;37;6;10;54
52_Z_off_SP;965;0;1;42;5;8;56
52_Z_off_SP;970;0;1;44;7;8;60
52_Z_off_SP;975;0;2;46;7;8;63
52_Z_off_SP;980;0;2;44;5;9;60
52_Z_off_SP;985;0;2;45;7;7;61
52_Z_off_SP;990;0;1;45;6;8;60
52_Z_off_SP;995;0;2;50;7;6;65
52_Z_off_SP;1000;0;1;51;7;7;66
52_Z_off_SP;1005;0;1;52;7;6;66
52_Z_off_SP;1010;0;2;50;7;6;65
52_Z_off_SP;1015;0;1;48;6;6;61
52_Z_off_SP;1020;0;2;52;7;6;67
52_Z_off_SP;1025;0;2;60;7;8;77
52_Z_off_SP;1030;0;2;57;6;6;71
52_Z_off_SP;1035;0;1;58;6;4;69
52_Z_off_SP;1040;0;1;57;6;4;68
52_Z_off_SP;1045;0;1;58;6;6;71
52_Z_off_SP;1050;0;2;53;6;4;65
52_Z_off_SP;1055;0;1;56;6;6;69
52_Z_off_SP;1060;0;1;56;5;5;67
52_Z_off_SP;1065;0;2;53;6;3;64
52_Z_off_SP;1070;0;2;50;5;4;61
52_Z_off_SP;1075;0;1;51;7;3;62
52_Z_off_SP;1080;0;1;47;6;4;58
52_Z_off_SP;1085;0;2;46;5;5;58
52_Z_off_SP;1090;0;1;47;5;4;57
52_Z_off_SP;1095;0;2;44;5;4;55
52_Z_off_SP;1100;0;1;43;4;4;52
52_Z_off_SP;1105;0;2;40;4;2;48
52_Z_off_SP;1110;0;2;39;3;3;47
52_Z_off_SP;1115;0;2;39;3;4;48
52_Z_off_SP;1120;0;1;35;4;3;43
52_Z_off_SP;1125;0;2;34;4;4;44
52_Z_off_SP;1130;0;1;33;4;4;42
52_Z_off_SP;1135;0;1;30;4;3;38
52_Z_off_SP;1140;0;1;29;4;3;37
52_Z_off_SP;1145;0;1;29;2;5;37
52_Z_off_SP;1150;0;1;28;3;3;35
52_Z_off_SP;1155;0;1;28;4;3;36
52_Z_off_SP;1160;0;0;27;3;3;33
52_Z_off_SP;1165;0;1;25;3;1;30
52_Z_off_SP;1170;0;1;20;3;1;25
52_Z_off_SP;1175;0;1;23;2;3;29
52_Z_off_SP;1180;0;1;21;3;1;26
52_Z_off_SP;1185;0;1;21;2;1;25
52_Z_off_SP;1190;0;1;20;2;1;24
52_Z_off_SP;1195;0;0;19;2;1;22
52_Z_off_SP;1200;0;1;18;2;2;23
52_Z_off_SP;1205;0;1;18;2;2;23
52_Z_off_SP;1210;0;0;19;2;1;22
52_Z_off_SP;1215;0;1;19;2;1;23
52_Z_off_SP;1220;0;1;20;2;1;24
52_Z_off_SP;1225;0;1;18;1;1;21
52_Z_off_SP;1230;0;1;18;2;1;22
52_Z_off_SP;1235;0;1;16;2;1;20
52_Z_off_SP;1240;0;1;17;2;1;21
52_Z_off_SP;1245;0;0;17;2;1;20
52_Z_off_SP;1250;0;1;16;2;1;20
52_Z_off_SP;1255;0;1;15;2;1;19
52_Z_off_SP;1260;0;1;14;1;0;16
52_Z_off_SP;1265;0;1;14;2;1;18
52_Z_off_SP;1270;0;0;14;2;0;16
52_Z_off_SP;1275;0;1;14;2;0;17
52_Z_off_SP;1280;0;1;13;2;0;16
52_Z_off_SP;1285;0;0;18;2;1;21
52_Z_off_SP;1290;0;1;15;2;1;19
52_Z_off_SP;1295;0;0;15;1;1;17
52_Z_off_SP;1300;0;1;15;1;0;17
52_Z_off_SP;1305;0;0;15;1;0;16
52_Z_off_SP;1310;0;0;14;1;1;16
52_Z_off_SP;1315;0;0;13;2;0;15
52_Z_off_SP;1320;0;0;14;1;0;15
52_Z_off_SP;1325;0;0;14;1;1;16
52_Z_off_SP;1330;0;1;14;1;1;17
52_Z_off_SP;1335;0;1;14;1;0;16
52_Z_off_SP;1340;0;1;13;1;0;15
52_Z_off_SP;1345;0;0;14;2;0;16
52_Z_off_SP;1350;0;1;14;2;0;17
52_Z_off_SP;1355;0;0;12;1;0;13
52_Z_off_SP;1360;0;0;11;1;1;13
52_Z_off_SP;1365;0;0;10;1;1;12
52_Z_off_SP;1370;0;0;10;1;0;11
52_Z_off_SP;1375;0;0;9;1;0;10
52_Z_off_SP;1380;0;0;10;1;0;11
52_Z_off_SP;1385;0;0;7;1;0;8
52_Z_off_SP;1390;0;0;10;1;0;11
52_Z_off_SP;1395;0;0;8;1;0;9
52_Z_off_SP;1400;0;0;7;0;1;8
52_Z_off_SP;1405;0;0;7;1;0;8
52_Z_off_SP;1410;0;0;7;1;0;8
52_Z_off_SP;1415;0;0;7;0;0;7
52_Z_off_SP;1420;0;0;6;0;0;6
52_Z_off_SP;1425;0;0;7;1;0;8
52_Z_off_SP;1430;0;0;6;0;0;6
52_Z_off_SP;1435;0;0;6;0;0;6
52_Z_on_SP;0;0;0;4;1;0;5
52_Z_on_SP;5;0;0;3;1;0;4
52_Z_on_SP;10;0;0;3;1;0;4
52_Z_on_SP;15;0;0;2;1;0;3
52_Z_on_SP;20;0;0;3;0;0;3
52_Z_on_SP;25;0;0;2;1;0;3
52_Z_on_SP;30;0;0;3;0;0;3
52_Z_on_SP;35;0;0;3;0;0;3
52_Z_on_SP;40;0;0;2;0;0;2
52_Z_on_SP;45;0;0;2;0;0;2
52_Z_on_SP;50;0;0;2;0;0;2
52_Z_on_SP;55;0;0;1;0;0;1
52_Z_on_SP;60;0;0;1;0;0;1
52_Z_on_SP;65;0;0;1;0;0;1
52_Z_on_SP;70;0;0;2;0;0;2
52_Z_on_SP;75;0;0;1;0;0;1
52_Z_on_SP;80;0;0;1;0;0;1
52_Z_on_SP;85;0;0;1;0;0;1
52_Z_on_SP;90;0;0;1;0;0;1
52_Z_on_SP;95;0;0;1;0;0;1
52_Z_on_SP;100;0;0;1;0;0;1
52_Z_on_SP;105;0;0;1;0;0;1
52_Z_on_SP;110;0;0;1;0;0;1
52_Z_on_SP;115;0;0;1;0;0;1
52_Z_on_SP;120;0;0;1;0;0;1
52_Z_on_SP;125;0;0;1;0;0;1
52_Z_on_SP;130;0;0;1;0;0;1
52_Z_on_SP;135;0;0;1;0;0;1
52_Z_on_SP;140;0;0;1;0;0;1
52_Z_on_SP;145;0;0;1;0;0;1
52_Z_on_SP;150;0;0;1;0;0;1
52_Z_on_SP;155;0;0;1;0;0;1
52_Z_on_SP;160;0;0;1;0;0;1
52_Z_on_SP;165;0;0;1;0;0;1
52_Z_on_SP;170;0;0;1;0;0;1
52_Z_on_SP;175;0;0;1;0;0;1
52_Z_on_SP;180;0;0;1;0;0;1
52_Z_on_SP;185;0;0;1;0;0;1
52_Z_on_SP;190;0;0;1;0;0;1
52_Z_on_SP;195;0;0;1;0;0;1
52_Z_on_SP;200;0;0;1;0;0;1
52_Z_on_SP;205;0;0;1;0;0;1
52_Z_on_SP;210;0;0;2;0;0;2
52_Z_on_SP;215;0;0;1;0;0;1
52_Z_on_SP;220;0;0;1;0;0;1
52_Z_on_SP;225;0;0;1;1;0;2
52_Z_on_SP;230;0;0;2;0;0;2
52_Z_on_SP;235;0;0;2;0;0;2
52_Z_on_SP;240;0;0;2;1;0;3
52_Z_on_SP;245;0;0;3;0;0;3
52_Z_on_SP;250;0;0;3;0;0;3
52_Z_on_SP;255;0;0;4;0;0;4
52_Z_on_SP;260;0;0;6;1;0;7
52_Z_on_SP;265;0;0;6;1;0;7
52_Z_on_SP;270;0;0;7;0;0;7
52_Z_on_SP;275;0;0;7;1;0;8
52_Z_on_SP;280;0;0;8;1;1;10
52_Z_on_SP;285;0;0;7;1;0;8
52_Z_on_SP;290;0;0;7;1;0;8
52_Z_on_SP;295;0;0;7;1;1;9
52_Z_on_SP;300;0;0;7;2;1;10
52_Z_on_SP;305;0;0;9;1;4;14
52_Z_on_SP;310;0;0;12;2;3;17
52_Z_on_SP;315;0;0;13;3;4;20
52_Z_on_SP;320;0;1;17;4;4;26
52_Z_on_SP;325;0;1;18;3;3;25
52_Z_on_SP;330;0;1;20;2;2;25
52_Z_on_SP;335;0;1;24;2;3;30
52_Z_on_SP;340;0;1;25;3;3;32
52_Z_on_SP;345;0;1;29;4;3;37
52_Z_on_SP;350;0;1;27;4;3;35
52_Z_on_SP;355;0;1;30;4;4;39
52_Z_on_SP;360;0;1;32;5;3;41
52_Z_on_SP;365;0;1;36;5;3;45
52_Z_on_SP;370;0;1;38;5;3;47
52_Z_on_SP;375;0;1;41;6;4;52
52_Z_on_SP;380;0;1;46;6;3;56
52_Z_on_SP;385;0;1;47;7;4;59
52_Z_on_SP;390;0;1;48;8;5;62
52_Z_on_SP;395;0;1;49;7;4;61
52_Z_on_SP;400;0;1;52;8;5;66
52_Z_on_SP;405;0;1;49;8;4;62
52_Z_on_SP;410;0;2;48;7;4;61
52_Z_on_SP;415;0;1;48;8;4;61
52_Z_on_SP;420;0;1;46;7;4;58
52_Z_on_SP;425;0;2;47;7;5;61
52_Z_on_SP;430;0;1;48;7;4;60
52_Z_on_SP;435;0;1;44;7;4;56
52_Z_on_SP;440;0;1;46;7;4;58
52_Z_on_SP;445;0;1;45;7;4;57
52_Z_on_SP;450;0;1;47;6;5;59
52_Z_on_SP;455;0;1;47;7;5;60
52_Z_on_SP;460;0;1;46;7;5;59
52_Z_on_SP;465;0;1;42;6;5;54
52_Z_on_SP;470;0;1;38;5;4;48
52_Z_on_SP;475;0;1;39;6;5;51
52_Z_on_SP;480;0;1;35;5;5;46
52_Z_on_SP;485;0;1;35;6;5;47
52_Z_on_SP;490;0;1;33;5;4;43
52_Z_on_SP;495;0;1;34;5;4;44
52_Z_on_SP;500;0;1;32;5;4;42
52_Z_on_SP;505;0;1;31;5;5;42
52_Z_on_SP;510;0;1;30;4;5;40
52_Z_on_SP;515;0;1;28;5;4;38
52_Z_on_SP;520;0;1;26;4;4;35
52_Z_on_SP;525;0;1;24;4;4;33
52_Z_on_SP;530;0;0;22;3;4;29
52_Z_on_SP;535;0;1;21;4;4;30
52_Z_on_SP;540;0;0;20;4;4;28
52_Z_on_SP;545;0;0;21;3;4;28
52_Z_on_SP;550;0;0;21;4;4;29
52_Z_on_SP;555;0;0;21;4;4;29
52_Z_on_SP;560;0;0;20;3;4;27
52_Z_on_SP;565;0;0;22;3;5;30
52_Z_on_SP;570;0;1;20;3;4;28
52_Z_on_SP;575;0;1;21;4;5;31
52_Z_on_SP;580;0;1;22;4;4;31
52_Z_on_SP;585;0;0;21;4;4;29
52_Z_on_SP;590;0;0;20;3;4;27
52_Z_on_SP;595;0;0;19;4;4;27
52_Z_on_SP;600;0;0;20;4;3;27
52_Z_on_SP;605;0;0;20;4;4;28
52_Z_on_SP;610;0;0;18;3;4;25
52_Z_on_SP;615;0;0;21;4;4;29
52_Z_on_SP;620;0;1;20;4;5;30
52_Z_on_SP;625;0;0;19;4;5;28
52_Z_on_SP;630;0;0;20;4;5;29
52_Z_on_SP;635;0;0;20;3;5;28
52_Z_on_SP;640;0;0;21;5;4;30
52_Z_on_SP;645;0;1;21;4;5;31
52_Z_on_SP;650;0;0;22;3;5;30
52_Z_on_SP;655;0;0;21;3;5;29
52_Z_on_SP;660;0;1;22;3;5;31
52_Z_on_SP;665;0;1;21;4;6;32
52_Z_on_SP;670;0;1;20;4;5;30
52_Z_on_SP;675;0;0;20;4;5;29
52_Z_on_SP;680;0;1;21;4;4;30
52_Z_on_SP;685;0;1;22;4;5;32
52_Z_on_SP;690;0;1;24;3;4;32
52_Z_on_SP;695;0;0;23;4;4;31
52_Z_on_SP;700;0;1;23;3;4;31
52_Z_on_SP;705;0;1;24;4;4;33
52_Z_on_SP;710;0;0;23;4;3;30
52_Z_on_SP;715;0;1;23;4;4;32
52_Z_on_SP;720;0;1;24;4;3;32
52_Z_on_SP;725;0;0;24;4;4;32
52_Z_on_SP;730;0;1;25;4;3;33
52_Z_on_SP;735;0;1;24;4;4;33
52_Z_on_SP;740;0;1;24;4;3;32
52_Z_on_SP;745;0;1;22;3;4;30
52_Z_on_SP;750;0;0;22;4;4;30
52_Z_on_SP;755;0;0;21;4;3;28
52_Z_on_SP;760;0;1;23;3;4;31
52_Z_on_SP;765;0;1;23;3;4;31
52_Z_on_SP;770;0;1;22;3;4;30
52_Z_on_SP;775;0;1;22;3;4;30
52_Z_on_SP;780;0;1;23;4;4;32
52_Z_on_SP;785;0;1;24;4;4;33
52_Z_on_SP;790;0;1;26;4;4;35
52_Z_on_SP;795;0;1;25;4;4;34
52_Z_on_SP;800;0;1;24;4;4;33
52_Z_on_SP;805;0;1;26;4;6;37
52_Z_on_SP;810;0;1;28;4;4;37
52_Z_on_SP;815;0;0;28;4;4;36
52_Z_on_SP;820;0;0;26;4;5;35
52_Z_on_SP;825;0;1;27;4;6;38
52_Z_on_SP;830;0;1;24;4;5;34
52_Z_on_SP;835;0;1;24;3;4;32
52_Z_on_SP;840;0;0;23;4;5;32
52_Z_on_SP;845;0;1;24;4;5;34
52_Z_on_SP;850;0;1;27;4;4;36
52_Z_on_SP;855;0;1;27;4;5;37
52_Z_on_SP;860;0;1;30;4;5;40
52_Z_on_SP;865;0;1;26;4;5;36
52_Z_on_SP;870;0;1;28;4;4;37
52_Z_on_SP;875;0;1;27;4;5;37
52_Z_on_SP;880;0;1;28;4;5;38
52_Z_on_SP;885;0;1;27;4;4;36
52_Z_on_SP;890;0;1;26;4;4;35
52_Z_on_SP;895;0;1;24;4;4;33
52_Z_on_SP;900;0;1;27;4;5;37
52_Z_on_SP;905;0;0;26;4;4;34
52_Z_on_SP;910;0;1;29;4;5;39
52_Z_on_SP;915;0;1;29;5;4;39
52_Z_on_SP;920;0;1;29;4;4;38
52_Z_on_SP;925;0;1;30;4;4;39
52_Z_on_SP;930;0;1;33;5;4;43
52_Z_on_SP;935;0;1;34;6;4;45
52_Z_on_SP;940;0;1;33;5;4;43
52_Z_on_SP;945;0;1;33;6;4;44
52_Z_on_SP;950;0;1;34;5;3;43
52_Z_on_SP;955;0;2;34;6;4;46
52_Z_on_SP;960;0;1;34;5;4;44
52_Z_on_SP;965;0;1;39;5;4;49
52_Z_on_SP;970;0;1;40;7;4;52
52_Z_on_SP;975;0;1;42;6;4;53
52_Z_on_SP;980;0;1;41;4;4;50
52_Z_on_SP;985;0;1;41;6;3;51
52_Z_on_SP;990;0;1;41;5;4;51
52_Z_on_SP;995;0;2;46;6;3;57
52_Z_on_SP;1000;0;1;47;7;3;58
52_Z_on_SP;1005;0;1;47;7;3;58
52_Z_on_SP;1010;0;1;46;7;3;57
52_Z_on_SP;1015;0;1;44;6;3;54
52_Z_on_SP;1020;0;1;47;6;3;57
52_Z_on_SP;1025;0;2;55;6;3;66
52_Z_on_SP;1030;0;2;52;5;3;62
52_Z_on_SP;1035;0;1;53;6;2;62
52_Z_on_SP;1040;0;1;52;6;2;61
52_Z_on_SP;1045;0;1;53;5;3;62
52_Z_on_SP;1050;0;2;49;5;2;58
52_Z_on_SP;1055;0;1;52;6;3;62
52_Z_on_SP;1060;0;1;52;5;2;60
52_Z_on_SP;1065;0;1;48;5;1;55
52_Z_on_SP;1070;0;1;46;5;2;54
52_Z_on_SP;1075;0;1;47;6;1;55
52_Z_on_SP;1080;0;1;43;5;2;51
52_Z_on_SP;1085;0;2;42;4;2;50
52_Z_on_SP;1090;0;1;43;4;2;50
52_Z_on_SP;1095;0;2;40;4;2;48
52_Z_on_SP;1100;0;1;39;4;2;46
52_Z_on_SP;1105;0;2;37;3;1;43
52_Z_on_SP;1110;0;1;36;3;1;41
52_Z_on_SP;1115;0;2;36;3;2;43
52_Z_on_SP;1120;0;1;33;4;1;39
52_Z_on_SP;1125;0;1;31;3;2;37
52_Z_on_SP;1130;0;1;30;4;2;37
52_Z_on_SP;1135;0;1;28;3;1;33
52_Z_on_SP;1140;0;1;27;3;1;32
52_Z_on_SP;1145;0;1;27;2;2;32
52_Z_on_SP;1150;0;1;25;3;1;30
52_Z_on_SP;1155;0;1;25;4;1;31
52_Z_on_SP;1160;0;0;24;3;1;28
52_Z_on_SP;1165;0;1;23;3;1;28
52_Z_on_SP;1170;0;1;19;2;1;23
52_Z_on_SP;1175;0;1;21;2;1;25
52_Z_on_SP;1180;0;1;20;2;0;23
52_Z_on_SP;1185;0;1;19;2;1;23
52_Z_on_SP;1190;0;1;18;2;0;21
52_Z_on_SP;1195;0;0;17;2;1;20
52_Z_on_SP;1200;0;1;16;2;1;20
52_Z_on_SP;1205;0;1;16;2;1;20
52_Z_on_SP;1210;0;0;17;1;0;18
52_Z_on_SP;1215;0;1;18;2;1;22
52_Z_on_SP;1220;0;1;18;1;1;21
52_Z_on_SP;1225;0;1;17;1;0;19
52_Z_on_SP;1230;0;1;16;2;0;19
52_Z_on_SP;1235;0;1;15;2;0;18
52_Z_on_SP;1240;0;1;15;2;1;19
52_Z_on_SP;1245;0;0;16;1;1;18
52_Z_on_SP;1250;0;1;14;1;0;16
52_Z_on_SP;1255;0;1;13;1;1;16
52_Z_on_SP;1260;0;1;13;1;0;15
52_Z_on_SP;1265;0;1;13;1;1;16
52_Z_on_SP;1270;0;0;13;2;0;15
52_Z_on_SP;1275;0;1;13;2;0;16
52_Z_on_SP;1280;0;1;12;1;0;14
52_Z_on_SP;1285;0;0;16;1;1;18
52_Z_on_SP;1290;0;1;14;1;0;16
52_Z_on_SP;1295;0;0;14;1;0;15
52_Z_on_SP;1300;0;1;14;1;0;16
52_Z_on_SP;1305;0;0;13;1;0;14
52_Z_on_SP;1310;0;0;13;1;0;14
52_Z_on_SP;1315;0;0;12;2;0;14
52_Z_on_SP;1320;0;0;13;1;0;14
52_Z_on_SP;1325;0;0;13;1;0;14
52_Z_on_SP;1330;0;1;13;1;1;16
52_Z_on_SP;1335;0;1;13;1;0;15
52_Z_on_SP;1340;0;1;12;1;0;14
52_Z_on_SP;1345;0;0;13;2;0;15
52_Z_on_SP;1350;0;1;13;1;0;15
52_Z_on_SP;1355;0;0;11;1;0;12
52_Z_on_SP;1360;0;0;10;1;0;11
52_Z_on_SP;1365;0;0;10;1;0;11
52_Z_on_SP;1370;0;0;9;1;0;10
52_Z_on_SP;1375;0;0;8;1;0;9
52_Z_on_SP;1380;0;0;9;1;0;10
52_Z_on_SP;1385;0;0;7;1;0;8
52_Z_on_SP;1390;0;0;9;1;0;10
52_Z_on_SP;1395;0;0;7;1;0;8
52_Z_on_SP;1400;0;0;7;0;0;7
52_Z_on_SP;1405;0;0;6;1;0;7
52_Z_on_SP;1410;0;0;6;1;0;7
52_Z_on_SP;1415;0;0;6;0;0;6
52_Z_on_SP;1420;0;0;6;0;0;6
52_Z_on_SP;1425;0;0;6;1;0;7
52_Z_on_SP;1430;0;0;5;0;0;5
52_Z_on_SP;1435;0;0;6;0;0;6
